replication,status,const,GDP_PER_CAP,POP_2024,POP_DENSITY,FIBER_PER_100,LTE_ACCESS_PER_100,REGION_North,REGION_Northeast,REGION_South,REGION_Southeast
1,valid,-1.1753175922175547,0.8371433306014138,0.6727402476997395,-0.1383568806839341,0.15352944738864915,0.2961129080348401,-0.19499304638009482,-0.6488933298051277,-0.3464061631206803,0.2155417447801524
2,valid,-1.3171716646687035,0.8942877555981527,0.4464640473611292,-0.04019195730742552,0.2566764324413933,0.38221174512668976,-0.16214480295509287,-0.5994975110716091,-0.44549710860793845,-0.05852657841287847
3,valid,-1.2198686354145158,1.3086096607262883,0.5947558624705394,-0.04522071583045694,0.2619639804556578,0.22792613309589316,-0.13620452038232084,-0.4386082283869733,-0.04292464596586245,0.15715945951919266
4,valid,-1.8098209787741284,1.0562489877373507,0.9063126443021605,-0.1254284898217385,0.09945891959294428,0.4566478107552334,-0.31238048922852946,-0.5438385663877173,-0.45542713750647495,-0.4903717372451928
7,valid,-1.4846722917731718,0.8633552329602651,0.5581617943435412,-0.072082033077383,0.2659641514777469,0.426169876941411,-0.11414963500098971,-0.7797115563717991,-0.38613950220996823,0.019736821325545936
8,valid,-1.3778810906102625,1.0019297632656976,0.45389874873147157,-0.08527251570176045,0.07114526559428781,0.389013515761438,-0.17951276982988945,-0.5972195392285048,-0.8367703288658479,0.2733998619031036
9,valid,-1.278905959498937,1.3303785144229665,0.6522531766919525,-0.025246115801371004,0.23497268809035474,0.30202524608744924,-0.15642997056506727,-0.44161377136713054,-0.3236515760618192,0.06251308414584605
10,valid,-1.2792480112689977,0.7724307494926181,0.6319444964424085,-0.07292687267753217,0.21444912754529094,0.39740029226423346,-0.2092877429418909,-0.4725108640105688,-0.4771151913486577,0.03575147343918194
11,valid,-1.3503648256802225,0.8726739713863332,0.3215238722181998,-0.06295469289181323,0.10442952455996421,0.3405284702184408,-0.19599312937811314,-0.5174402886555703,-0.7901278879169674,0.2225441920770945
12,valid,-1.141003879821792,1.0547540904977752,0.3842851460154689,-0.03250061233248096,0.1829267417192054,0.32988831082022774,-0.19046318195822015,-0.36603942270104256,-0.4510807877687675,0.13160232132162492
13,valid,-0.9362728128168247,1.551766017036392,0.39730937989478293,-0.04165522320087553,0.1315206860245106,0.22637680615022965,-0.2874101336824055,-0.38074157873002173,-0.0019377799410522727,0.1561078396815026
14,valid,-1.167811017523774,0.7492861784569658,0.5926619808236151,-0.07274313029149755,0.30227563879276237,0.29573765519952167,-0.2592739742156583,-0.6930984451753744,-0.4200685089299985,-0.18263719116099494
15,valid,-1.3198888987325528,1.175624492395843,0.4914758965100986,-0.01382621906393624,0.15482282947279238,0.3690205774090131,-0.25659797913528065,-0.5639661010312506,-0.5602299598314848,-0.09621566403207445
16,valid,-1.3620036586107278,0.9097420355371687,0.41592327387887995,0.018394896054886766,0.30705467200210296,0.33177068920766367,-0.19094395129542086,-0.5068657644777149,-0.2382292211993029,-0.15412046464149468
17,valid,-1.3920513073437657,0.602192187279581,0.5478221370706305,-0.0676616611922897,0.2667105246770885,0.4827228183439851,-0.23432565149155013,-0.6896603481351843,-0.5938809352932007,0.10232438796975628
18,valid,-1.1666293011287432,1.1922904910977992,0.550784689380502,-0.08741083829749786,0.23632884012410457,0.16514697814725135,-0.09513023812860814,-0.5874135346711213,-0.026837564755985286,0.22831257320249168
19,valid,-1.4646173774802296,0.6885486264853468,0.5440938403049561,-0.08095914465407372,0.17408590330618903,0.436604888487441,-0.1677888014908043,-0.49596006312137064,-0.48407104038075766,0.08803737135898114
20,valid,-1.163397713115993,0.9384471682132517,0.48156636604999287,-0.0466868077621041,0.30305768359559854,0.2759569761057497,-0.1818793960868018,-0.4899691624279061,-0.29667045480925797,0.011208179887150086
21,valid,-1.1691797769970584,0.8202593102433745,0.453558547640652,-0.10732272300300076,0.17433911374062983,0.302298399332211,-0.14175825076385218,-0.453542753615101,-0.2794926521055977,0.3256822248161415
22,valid,-1.5401505356328646,1.2019993554104558,0.4038541164753299,-0.015654568067616913,0.13841515266833998,0.42014706547779856,-0.27483333917428754,-0.5737079538693336,-0.9936830866265676,-0.036762093846318476
23,valid,-1.6049315321852478,0.8821044436701216,0.6081087695771835,-0.18907469630059198,0.1492369349992801,0.4274556390612761,-0.20427546356305185,-0.5414168983873321,-0.4043854076272826,-0.14581367249856048
24,valid,-1.5951752863183553,1.1781275126625805,0.24491468129121316,0.27829562533580254,0.22414060981228387,0.538940797696865,-0.20484617550336673,-0.5427706942439615,-1.039757155512132,-0.20674654525223277
25,valid,-1.0620067631817434,1.099506933304879,0.3977407287607499,-0.06434873823898808,0.1767020321887149,0.2448058248369273,-0.16350176742166947,-0.46991130695892647,-0.15362800570135943,0.15972341928488332
26,valid,-1.7623066363962578,0.8113128633212076,0.6781681650283925,-0.14058026161261142,0.1378825648004687,0.4743836301238352,-0.11421533525402314,-0.5247600504698838,-0.41856896396019616,-0.429516389981133
27,valid,-1.0911552314190414,1.5476601049525864,0.5271990203639823,-0.0668966646478979,0.16659122270709414,0.3114703295396576,-0.07841919038592128,-0.3908226626851142,0.07660960650858345,0.12749862409631332
28,valid,-1.1674829363843977,1.2212984896797243,0.3635812682090161,-0.04545071147910492,0.1641615810996608,0.35579432219108975,-0.11837319886493385,-0.5749468910839245,0.062363009565384334,0.07229480858405792
29,valid,-1.251631607269352,1.3720752129272447,0.5344386834569175,-0.06208268231998083,0.2048388471711762,0.23115542835549055,-0.13870916686346765,-0.4781791456656896,-0.21540695574383348,0.12700273485335295
30,valid,-1.5972226923260153,0.9388290091330567,0.5444135808018953,-0.06590576526591112,0.2782000435795114,0.2797120934292884,-0.18678941754596018,-0.43454320320778345,-0.2812693908420668,-0.47997042804959167
31,valid,-1.348512328894297,0.950348702022473,0.5085848975976821,-0.04094951357001083,0.21951738886731742,0.411767358751575,-0.2706732636272621,-0.7385843293349201,-0.51834412742985,-0.1257010355064284
32,valid,-1.3286231146464358,1.1778884836553563,0.5312317078342033,0.02778885947398952,0.257538213799655,0.32140596506180463,-0.1533192272575971,-0.42680298358639096,-0.3102622139182357,-0.05482367603093641
33,valid,-1.5567888199166149,0.9641119559227586,0.6210522470306239,-0.17617761460353515,0.1589061146754309,0.43908690447982374,-0.11592273907659693,-0.5158978740272052,-0.3317946420318869,-0.017861295494091024
34,valid,-1.3720645448451838,0.7743102381036786,0.4636330064902676,-0.017298949126820878,0.35898977101895935,0.29784615054171687,-0.2884940859525338,-0.7669039507815132,-0.4370218974883378,-0.3943339853690994
35,valid,-1.750230334565479,1.1275895201268784,0.6456033401750604,-0.061529623216326323,0.19014934037966633,0.4097559370781657,-0.25749980237328157,-0.8908217259157188,-0.987759423274309,-0.08073615482284435
36,valid,-1.7571972820283288,0.7678331473136335,0.4040573712946174,-0.02247930843281311,0.25811765453630287,0.44866681841957484,-0.3693864900415782,-0.6760357339979005,-0.6421037748734583,-0.8144864231256177
37,valid,-1.4185232686657245,1.1164172087493307,0.5563040417726093,-0.1986519670515035,0.2193787823358844,0.2824595740996609,-0.12504853333299132,-0.46132465165110004,-0.14540806391274555,-0.12064515120959855
38,valid,-1.366476597553864,1.0601099130323488,0.7187900115047656,-0.05119806328378577,0.2501437683012266,0.30312794958404393,-0.32233889697373874,-0.5798862590605484,-0.29644746398139016,0.05868272244075791
39,valid,-1.7096435992307515,0.6801289652781289,0.4174561613133143,-0.035785113663572704,0.311965382945745,0.5190934014288502,-0.15859585468922882,-0.8816972266011427,-0.6123959807629659,-0.32501327435459965
40,valid,-1.16419734309229,1.5432164743888048,0.42322583370143224,-0.025270791873616378,0.2038047528275077,0.28625073841257864,-0.1925520873768869,-0.4796248631036057,0.028975349142608693,0.08797063911619693
41,valid,-1.1746095793610833,0.5354791457831868,0.5299282441274766,-0.09897657301752319,0.2023884228725954,0.4382014872580198,-0.2392986814375918,-0.6172398227578636,-0.5142263984504472,0.14160741568721905
42,valid,-1.138531306928272,1.2972570965862393,0.4566014109379902,-0.08449353913478479,0.17263120714447464,0.2508498450702738,-0.14634568873267842,-0.5871566180227858,0.032338760751265336,0.07434358574862968
43,valid,-1.3998682222927268,0.9165580356161017,0.4834320526455412,-0.061433617835132265,0.23002869909713045,0.30167298842863255,-0.15938192897497086,-0.6390517698913906,-0.3701033476879025,0.1799146140135971
44,valid,-1.424279342414743,1.3420431676154345,0.518735476499599,-0.01925365760815625,0.13363467592194994,0.41266903682560974,-0.22171448330604057,-0.5727389186308228,-0.7107536119008235,-0.020314229749710415
45,valid,-1.649126335151427,1.421626526851978,0.24385898567689926,0.01388599642220975,0.2754292146840831,0.19495078855770984,-0.15556869356201727,-0.480884334750015,-0.19052431395315098,-0.5962759040454981
46,valid,-1.6074227037600393,0.6223709292027002,0.7614666228295184,-0.20630848174374505,0.1608070949344546,0.6156386474278958,-0.257578864151209,-0.8343882643284011,-0.7445535504822095,-0.423655439177344
47,valid,-1.2016203838447759,0.5903372714977023,0.5757548885985528,-0.09829543966576589,0.2276326460047361,0.2884695472018662,-0.32806303092788974,-1.0352989418749357,-0.42467065704654683,0.05523021516531361
49,valid,-1.9728977371630614,1.2173763262551354,0.7232559493842985,-0.07696455640539811,0.18875268752879612,0.4099503332821167,-0.12203972017912955,-0.471930142105023,-0.8726980663872406,-0.4602795123888909
50,valid,-1.4500934488835766,0.5570541991570799,0.6700990313804545,-0.23456081143039514,0.36731636218375857,0.3666267007353572,-0.20968155586093826,-0.5692838239362381,-0.34496786305645155,-0.19323764496178844
51,valid,-1.1919311965579618,1.339362019833068,0.5124218186448518,-0.08433481593937225,0.12595570839663586,0.2616043276505436,-0.14807920251707568,-0.40964469641388546,-0.27317486972333377,0.22609925475714956
52,valid,-1.1158099122589762,1.451551787510862,0.7296300547979638,-0.08540529245465865,0.18222427384908366,0.23080824701016361,-0.09641566927220369,-0.43399577266088896,-0.15761096233318775,0.12400702042276666
53,valid,-1.3677486121444733,0.7372502344361629,0.6730805008312136,-0.12561808573596012,0.2981996265143636,0.3880153883948592,-0.2798784451208258,-0.7811021420567213,-0.38579353212048306,-0.39843401916217747
54,valid,-1.8797591298364964,0.46517025259582934,0.5073840708235572,-0.029737989607214906,0.22204145705577222,0.8244785001199496,-0.3137646951383314,-0.8747833413161432,-0.9247566150875419,-0.8036890181524768
55,valid,-1.1151346404546423,0.742933563257318,0.4265449216559447,-0.054554185610242466,0.24985224900586925,0.31756570365925146,-0.3041384152167863,-0.7079575481657765,-0.4414489298226095,-0.025670208186558043
57,valid,-1.3769293049314333,1.1136391614679007,0.5980192182834564,-0.03542547034952949,0.22903802809203916,0.38191988554015,-0.19324755115547113,-0.55210507736779,-0.43169007307512625,-0.030116660524722786
58,valid,-1.5145234384775792,0.7594238059680035,0.605365909925094,-0.15115919280329068,0.3337004101185223,0.3679859966559494,-0.15824966847738595,-0.5899035182616438,-0.37332053896898937,-0.11762071875670298
59,valid,-1.4383735816064769,1.2698277184302484,0.8064063282919642,-0.24787046210180774,0.276323961080573,0.22022735112334224,-0.14078570568551374,-0.6083232850240229,-0.20878968000039275,-0.08064074231142379
60,valid,-1.444103749385928,0.828126622867592,0.5675197261302158,-0.16893578587014352,0.3073903359701079,0.2750110057258757,-0.1889717170782515,-0.6182220900463931,-0.24372998458966313,-0.143176120547024
61,valid,-1.221670165947953,1.609123035625711,0.29853911712404935,-0.044753058765193414,0.12284497240734417,0.29369380428628167,-0.17660537391731138,-0.3601041428696412,-0.2998209431016731,0.20056711597210372
62,valid,-1.513169607791701,1.0958213357389552,0.558567498982426,-0.03696144624251387,0.2070786761706903,0.4160181599187075,-0.21472664697802663,-0.6388887956645224,-0.70878326242248,-0.2413998431143394
63,valid,-1.3942777976238985,0.8325547116851322,0.6811638882258371,-0.09157658619466834,0.28719355694262866,0.3748966101416368,-0.07520273407130518,-0.4765291610749146,-0.37618555695995715,-0.11090505478539482
64,valid,-1.4133652501785634,0.9678239226981977,0.43172721002678227,-0.005244094203779407,0.16613450243881672,0.4833598362488975,-0.23971225540891355,-0.6851806489108652,-0.6996435456336437,-0.13820528104883087
65,valid,-1.615063676292524,0.7320643174090912,0.473548127608225,0.045133166033590466,0.3247360241470959,0.524928666689721,-0.20380120212888506,-0.6777306836519071,-0.6594228881074706,-0.21456190289086563
66,valid,-1.4313859372307656,1.2608182905059744,0.6297237880199582,-0.03964250099905522,0.15824684551537516,0.37737240413661155,-0.1913343940784347,-0.6751150535525225,-0.6972782440990976,0.03611976872350771
67,valid,-1.3267927466303449,1.7294588525190218,0.569524293161383,0.02848082562286863,0.033484071681175565,0.35331853172128797,-0.10656304880634504,-0.3775747708969563,-0.3074286723196181,-0.004970259562480339
68,valid,-1.1806079760216055,1.3218839687348984,0.49837212469312847,-0.08475582120721219,0.16391227078379433,0.24650835821860326,-0.1978196258647477,-0.5560843062968769,-0.13788014300758394,0.2045981358764502
69,valid,-1.4183969222358885,1.241481528323619,0.26636667620332494,0.043827429728868876,0.26151462369950623,0.36255991015943223,-0.134862610352451,-0.5462078599087827,-0.5106144909529232,-0.012645341737563778
72,valid,-1.8380399824519635,0.968381515601761,0.6815828465319973,-0.20659570546914224,0.0879588827585218,0.5688140151541367,-0.15798729832776395,-0.5436969457647145,-0.5643079910851921,-0.6267568411345511
73,valid,-1.3679593646406336,1.634846407617073,0.4980494751547533,-0.024106742720504153,0.11358529626703366,0.4417189533303302,-0.17837475926491844,-0.5014298874593573,-0.3844070810592787,-0.09341465215398458
74,valid,-1.210634700895548,1.352178071171102,0.6751282738275536,-0.05005413889499327,0.23317128950211327,0.20893421174678084,-0.2239901377968031,-0.5380516493221923,0.04612994475199821,0.08520981628014433
75,valid,-1.6482700260555352,1.0504698548765496,0.35510432575237444,-0.014149919557640878,0.2068597116209685,0.43423812668861916,-0.10492993345401486,-0.509659184699431,-0.7694600719936536,0.1773622972446472
76,valid,-1.1999548895790269,0.9176737053408026,0.4769194640359657,-0.06283128418385728,0.20237899699469666,0.24085302029717112,-0.3060537729775006,-0.7089090205990966,-0.506834836283185,0.04264110662759982
77,valid,-1.2625289790633252,1.6556461482193938,0.640389504264231,-0.012821616370032523,0.15089519967118456,0.27345961953216785,-0.12787589020554058,-0.40967728292037897,-0.31996882797352366,0.11813205495386149
78,valid,-1.0681258666138835,1.3557210823306824,0.7064360620755559,-0.08599796611843087,0.20053189583732905,0.17951120808936702,-0.16336160345319065,-0.46660213165777453,-0.21314569607561687,0.19639130036792637
79,valid,-1.2439466509002346,1.614566153842145,0.6440188213895591,-0.07067094587776503,0.16403840961978386,0.33241073193644904,-0.10128330471899749,-0.4699023837885346,-0.20674857560777926,-0.10035432487898593
80,valid,-1.0311687288535416,1.0650281637872907,0.7316561408618407,-0.11795588412125385,0.12023863057050804,0.19662931887290852,-0.11354607071473088,-0.579826921040585,0.16596730888068364,0.39202874643437796
82,valid,-1.8959600338847997,0.5036761442958813,0.5571999326575451,-0.08898648162054873,0.37885871389632403,0.4458673677968715,-0.28480684436383596,-0.6806997032960713,-0.4547247609838267,-0.5886401482110453
83,valid,-1.3591255175246728,0.6984326207048334,0.3993532133036995,-0.0479105822944189,0.2704210723328119,0.33423747410802496,-0.1823186093565323,-0.6775107174021003,-0.30919903936902515,-0.07839834467437737
84,valid,-1.2904115720219853,0.9621495301618714,0.3285185779598566,-0.05191576486964235,0.22972935017986987,0.2999428754543642,-0.17956776874790129,-0.5327106027713909,-0.10170478794040122,0.05313369378424263
85,valid,-1.7712365669909564,0.6719910112796268,0.5596873058604735,-0.010715043382703912,0.28459648547620364,0.45999341318720066,-0.1938371690067661,-0.6020279074631681,-0.4579075159387896,-0.5160996865780347
86,valid,-1.3849162306009877,1.076713137659694,0.41667723410910207,-0.012547768505638785,0.2757211856065255,0.38410471135922725,-0.21835653942589975,-0.7730854233037628,-0.5860330913294757,-0.032968495597801906
87,valid,-0.9537121357549198,1.8213149271331381,0.5378247710439497,-0.060614595802019035,0.10699931621894557,0.19826200613706638,-0.1274759501504352,-0.3901930356140339,0.027546785175353788,0.19533214288801581
88,valid,-1.4399937632571242,0.9328510630711789,0.5207692547415204,-0.05654433988755045,0.1710370451130994,0.32697477336308806,-0.12448570072278335,-0.5438180588620365,-0.466499401350665,0.23587237413940476
89,valid,-1.2935044537750628,0.7307222062577345,0.8757536417820218,-0.09993431844133441,0.12578312891045523,0.407995945296032,-0.23975251963892674,-0.7986256364350898,-0.7738396105958731,0.060547558591968406
90,valid,-1.6264439125704724,0.7371482127565758,0.9019365085786427,-0.08579818206853933,0.28761597878937445,0.448096533427571,-0.1526698383440167,-0.5825264795660414,-0.46071282434821387,-0.07893337512887612
91,valid,-1.63363886812103,1.5166054487566385,0.5587853611896738,-0.08710424641454881,0.012987984848852913,0.46173844917356854,-0.13256321227618859,-0.2869844899016776,-0.26944397958050764,-0.5130972766973797
92,valid,-1.7996918284318966,0.7222479100429847,0.757070306266115,-0.17683476433985976,0.24268734075872053,0.46914003624065165,-0.19517955687989183,-0.7046498062696605,-0.3924293629241391,-0.652675347943773
93,valid,-1.3547195707760422,1.492556340057682,0.36513648258484993,0.010246180192863457,0.15954786010687316,0.3286603517592287,-0.13400033043185855,-0.3442652921461825,-0.2646132091663676,0.030366010439562826
94,valid,-1.7915139199644743,0.7083545105281049,0.7230772676958296,-0.07561930678709713,0.1807802643176887,0.5178284042190132,-0.18032888912314418,-0.5803407708340252,-0.5650807824024676,-0.5199508133684959
95,valid,-1.2473103227133473,1.0390453587706505,0.5250170415160975,-0.09095893474528635,0.20663464340187174,0.21232554325707576,-0.6959894783256746,-0.6345674969840421,-0.3399641121179466,0.041608423872137486
96,valid,-1.191282396192315,1.5416066775214323,0.7407532641132488,-0.0731937258769084,0.17278417268111326,0.3174934869382064,-0.12233363645366759,-0.6091656512150065,0.04142283167571688,0.11069107327916168
98,valid,-1.6463399113621888,0.6839944808942147,0.5077994665701495,-0.038927948773626646,0.28251347756685957,0.5037559959644827,-0.30537839602053535,-0.9862938183192115,-0.6526317119356556,-0.41527136881962917
99,valid,-1.2366716793195094,1.6489312747459632,0.21476221910088697,0.11362818550429535,0.18493095259155629,0.37437751236987804,-0.13760487834217072,-0.4546978358158477,-0.22630831136371385,-0.08230238888430103
101,valid,-1.3603472248169886,0.6583962777356692,0.49290979683322367,-0.015827093645126186,0.36451119532916004,0.2759624026389612,-0.24535948160046325,-0.5467810878464231,-0.28423707038464013,0.09868979456240731
102,valid,-1.3117851425762774,0.7870986556835063,0.5397549711914551,-0.04281821699772934,0.2916925137775492,0.4061393142517704,-0.29524284240687704,-0.6753437897837427,-0.7736975583912247,-0.06840133573674134
103,valid,-1.097824079092685,0.8563381228215383,0.9251445214332433,-0.11157395194791085,0.1364099029762701,0.29082323680337796,-0.2803067095942967,-0.7149160502158801,-0.4560690514639318,0.11425742342747541
104,valid,-1.3608723710700956,0.7627861447453799,0.4626603778927677,-0.03889012924924051,0.32133801736758666,0.32045367757304966,-0.22587349095029713,-0.6822115322184527,-0.4443917451693377,0.10023544066541484
105,valid,-1.1662374211882458,1.275959851788081,0.34578600134529763,-0.03990931715881209,0.08059906125932978,0.2692869312978545,-0.2911431975771961,-0.6159287488008697,-0.3782460171111182,0.18934028039917988
106,valid,-1.0344434667245408,1.2747123777297975,0.503350182711059,-0.07594979023150646,0.2553048757266611,0.16430927266480486,-0.35692262798983,-0.5946461651711333,-0.25969804431573473,0.2489168922868188
107,valid,-1.4759950614033321,0.5215224028997643,0.3707643131235845,-0.06094614879269069,0.16690910521613372,0.5970367713951992,-0.4000981301252264,-0.8709883897324266,-0.7527595969179915,-0.22946408931624512
109,valid,-1.888808955689312,0.667507821381578,0.8868065879822448,-0.22605041633166656,0.25164773656458506,0.3556950302245962,-0.13044389541984472,-0.8719513664892931,-0.29229328540761906,-0.4793198345492072
110,valid,-1.3497566517722428,1.2615625767962553,0.6244022717212605,-0.061789556354171056,0.16039526611022617,0.2853218075579788,-0.17419325266389252,-0.39998493602367563,-0.3722107225431238,0.23998662596048326
111,valid,-1.462878410488126,1.0303722635830266,0.7314201055481429,-0.005722506489229871,0.22254131114031828,0.46002300861760653,-0.2795524920651045,-0.4544192814251522,-0.5122271751545124,-0.08982292841514636
112,valid,-1.5097599050724546,0.859972189839137,0.4835351373228866,-0.07253446710425504,0.17466811374907715,0.44998898558768874,-0.2115260149163403,-0.6679012052160368,-0.66368275064251,-0.0041463399360495
113,valid,-1.1148865046752507,1.2731598270020654,0.36347375031809853,-0.05525957337382545,0.19458338157037927,0.3098123000641923,-0.11364368997781953,-0.4183225157381392,0.05807211073549569,0.03859840289555972
115,valid,-1.2732020359083336,1.0368415137136615,0.6537581669034551,-0.06357557525451618,0.21359014244425098,0.3215165792068581,-0.12675402593897866,-0.5180886060916532,-0.37145125862141926,0.07188477374352258
116,valid,-1.2716528378701633,0.591055182183449,0.7895571048204676,-0.11826591193938564,0.3274976655992416,0.3172520607190246,-0.24916887925384207,-0.9629432577624367,-0.5187793800531834,-0.13982805942673532
117,valid,-1.750815210280054,0.8409620512704958,0.3361927747584184,0.03439012504540131,0.30474975280318667,0.32978782982475463,-0.19531563096769675,-0.6550618441693985,-0.36100579340360445,-0.733205265219063
118,valid,-0.9866709502022948,1.2762456435718055,0.46148806294603656,-0.0906475934885139,0.21025770821986495,0.2119729503087256,-0.18072352415865586,-0.4201670148814398,-0.05449041778698497,0.40996140808445697
119,valid,-1.2681376240426754,0.8764358718817139,0.46288169255099576,-0.07456472648766471,0.21056600478459123,0.29714523229295775,-0.23408744063359677,-0.5796004084128386,-0.39305441844234396,0.0956954906857386
120,valid,-1.2540589957277537,0.818072110335289,0.7637941872896723,-0.08028129046344239,0.20479164781833292,0.3599705628070049,-0.17510670662021974,-0.6346320516973193,-0.4786417017834431,0.11182348415577191
121,valid,-1.5003109316782448,0.7250825283696749,0.6157099023611768,-0.07493236821181985,0.2606012313675055,0.43191438402858806,-0.2974091913298146,-0.6223739984906252,-0.49061107225571104,-0.12007877606190327
122,valid,-0.938220278015522,1.5336585102551834,0.6850656278555541,-0.09132278279016832,0.11515111298597566,0.21070044803743368,-0.10178338687885334,-0.40458864873760797,0.08161198159460924,0.27659859751119675
123,valid,-1.4282484536549103,1.2962412662133753,0.35372939660561065,-0.039219680835135454,0.24752721083845164,0.289900623742385,-0.06383602653782237,-0.5884038050487663,-0.1430019801524477,0.08201661359474498
124,valid,-1.015942983951076,1.241370942867176,0.565002521510111,-0.07866019922956172,0.1800811297448807,0.24752829113770072,-0.17085277809961052,-0.5691740666101173,-0.13104392149570296,0.23763095665771977
125,valid,-1.1952718638360174,0.9957854779247642,0.5572529815217464,-0.0646409616752946,0.18648959765404668,0.3796242696271625,-0.18143898043507867,-0.5690374195831218,-0.42445767483477875,0.14909935164649205
126,valid,-1.2624792430426408,0.9856505585656509,0.6626001297296342,-0.08534303695676937,0.07372185262030859,0.35918277040867647,-0.1536240926022492,-0.5696642359763999,-0.4514017373608693,0.23074674118278504
127,valid,-1.410227769955906,1.000473668455346,0.6199508235958732,-0.18440742146578756,0.19251170049591365,0.412190479473044,-0.18513695056014473,-0.5101165290157909,-0.38134584294624246,-0.16126057526318796
128,valid,-1.1287517434241294,1.37954828325262,0.5688198009346265,-0.029937207685660282,0.24714345654907244,0.25445873487217513,-0.19753113929588217,-0.4343521510484161,-0.1728157563909781,-0.1527686169903968
129,valid,-1.127354104388895,1.1281188175290977,0.6509062819115872,-0.09592692496037726,0.20435081264039498,0.1699234083077584,-0.11333362658461679,-0.5629320320297744,-0.11951190427555548,0.24533035347836063
130,valid,-1.5531994214341105,1.0352826981928427,0.36723076570769997,-0.05412026330894019,0.1673650186675777,0.3436960463330808,-0.17304338903354166,-0.5902870194511607,-0.8473318009474029,0.11660448538031028
131,valid,-1.231559495287735,1.0105372543930262,0.48689477819433596,-0.03513810866193911,0.1006703098421259,0.44754542735890723,-0.26528610191895713,-0.6410674186188364,-0.6781013651571384,0.13422977315308823
133,valid,-1.3044915112922522,0.8281331738660438,0.35797806813576766,-0.07066820484045237,0.1242909587040599,0.2867011349028016,-0.22498205139807842,-0.6098458291044602,-0.5156377218025493,0.27653215065557285
134,valid,-1.1683801835598968,1.187009025131167,0.39756108391107403,-0.05983993906986385,0.1730991138834054,0.199994376028839,-0.35966630991941406,-0.4482744471205719,-0.2138381995325813,0.22118046825075982
135,valid,-1.2045687953763606,1.0975815758846772,0.4822422802299944,-0.04478983932158263,0.1993100462960569,0.29474530786293135,-0.18648292605385047,-0.44643465025117735,-0.4449580885644801,0.1808615144506389
136,valid,-1.44495013819015,0.8589589763246815,0.6018910934464949,-0.020014756293111474,0.18603571851231693,0.43596577071242304,-0.21454575134017956,-0.7070399181609152,-0.5294030829417186,0.035191462300855035
137,valid,-1.460095520987546,0.8034952246930228,0.6272283256489927,-0.09343030146013832,0.1635066511409502,0.40595645454025403,-0.26195909889317764,-0.6796021358580694,-0.5720281767236868,-0.011056615229544011
138,valid,-1.196469468336042,0.4705931576125854,0.4265482345999649,-0.08067855544853846,0.20166618310361764,0.4543094523521824,-0.265358505489911,-0.8425389134647016,-0.6165261436858985,-0.08281937874388902
139,valid,-1.2516530631412224,1.0438030013013717,0.5371314224248486,-0.03941943177817078,0.20312217118927745,0.4258198977631466,-0.4374631408758729,-0.5573073776675659,-0.5117942270266391,-0.02427628511934555
140,valid,-1.1371599464840056,1.8250921595541687,0.3818936494336435,0.012827048826191505,0.09773553990768868,0.24440428768677355,-0.18479746564944335,-0.2881853924510403,-0.37452262616997484,0.1016933020478492
141,valid,-1.2189584289062247,0.459873496605211,0.5532825944170028,-0.09568130910209104,0.2909797996710599,0.3147170923495233,-0.14993326440979787,-0.7643581714848781,-0.33189702488361894,0.11961211772918853
142,valid,-1.5346299591199786,0.6401307763817183,0.5366201680588697,-0.04038535564469593,0.3679630426784872,0.41352721107939133,-0.2525202043309471,-0.6902745390298783,-0.4836078941153806,-0.2834685181422871
143,valid,-1.2791409716162043,1.7969644394330822,0.6866777314208115,-0.05469491420692905,0.12606136787244276,0.25894841572568583,-0.11160222617438365,-0.4005001086599675,-0.3013807929220208,0.18050108200978696
144,valid,-1.419957691099681,1.0251350737987466,0.5318778030029894,-0.1271116261723886,0.18045033636095403,0.5090309351378454,-0.20382523399525798,-0.6709375489127078,-0.5058143268369769,-0.2639286349746228
145,valid,-1.4834341947708307,0.901276345161763,0.7407690894681283,-0.07956547904499718,0.1960952330866233,0.42451907883209594,-0.11297798934921444,-0.563610895775504,-0.5999598203552288,0.11035150746198484
147,valid,-1.2767038687502181,0.9451575084043976,0.34525225258289505,-0.013408025558353168,0.25259237415830776,0.4110793753041004,-0.265269881560385,-0.6354023254681549,-0.5290947996190003,-0.11255605504131044
148,valid,-1.5202620416815587,0.8200083773513492,0.37744786382357876,0.04448773774227909,0.2557268746868696,0.385303414676718,-0.22816092150036082,-0.6550777896376178,-0.4477360684047083,-0.16287345822551108
149,valid,-1.1573938368583574,0.8236139197675292,0.5027708315595194,-0.09882131970290925,0.1368795765274069,0.4069817451179937,-0.20821268045994348,-0.5919083348577163,-0.4191456946515246,0.18970135182038264
151,valid,-1.8531497127114598,0.72800831582169,0.4648000018557589,-0.1019365895566257,0.33580000000162036,0.3723834312468757,-0.11452113737127023,-0.6628978266652622,-0.31749055223951306,-0.4823146797766022
153,valid,-1.435378020875058,1.1933018517333223,0.3819606763778128,-0.056662293492652824,0.23223063837347244,0.3060641104588812,-0.19865225661294042,-0.5921823814286546,-0.22004033237783258,-0.14547132059209142
154,valid,-1.4035688794871533,1.1480517470652174,0.4768704198885156,-0.16712305179392017,0.32536740420565974,0.16035766059221815,-0.10666490055675118,-0.5866807178526989,-0.14396979121860995,-0.14292820019226937
155,valid,-1.4997541076810808,0.9189269048932313,0.6256283275081881,-0.06763815865848748,0.18988120089681165,0.3868575420370388,-0.08183255198405831,-0.46424433823044997,-0.763220651240334,0.1209588089146756
156,valid,-1.3184428083262856,1.4689600381449663,0.4829385647002161,-0.04787835611055749,0.15727170348862995,0.36205933880586183,-0.18845755859917165,-0.5130517144000375,-0.38065395091276577,-0.0555330492343667
157,valid,-1.62118241024698,0.7258063413913517,0.3165900016318843,0.042096066120528935,0.3441247480528466,0.3106164143896171,-0.3462469527524544,-0.7488909435064423,-0.4371129981670866,-0.8076070831247357
160,valid,-1.4217578509393574,0.7835588117520679,0.7931537843029115,-0.07656773147219213,0.1914861245634351,0.461468575550227,-0.15873750467394268,-0.5845530185666515,-0.41452529258385284,-0.11843698911179819
162,valid,-1.62696720688378,0.8557247143578631,0.7858694751933347,0.026547066131022846,0.2822560255733744,0.4674745692528554,-0.35050729510460843,-0.580633860237908,-0.6358808547882028,-0.16165785892753434
164,valid,-1.6644067902490571,0.821346169435892,0.7384286258013729,-0.1511672920546952,0.18668196204123705,0.5089258621109234,-0.20227949165214887,-0.7425064731532262,-0.6082887165230145,-0.14887520633201282
166,valid,-1.6011819553963558,0.8670137149789138,0.387090308087825,0.023000727012966717,0.2804800710640062,0.48774416292168443,-0.2830144237749361,-0.7007246090059781,-0.4576405427460923,-0.6888127825624479
167,valid,-1.3635291573108512,1.3636620513558113,0.5823298118318189,-0.022272041591284996,0.344651878548256,0.12408794362196443,-0.2551082182914955,-0.731536959984624,-0.2984460558942103,-0.14655196924097905
168,valid,-1.285688718839379,1.1417220308668439,0.6164283741897248,-0.04045245362948216,0.2601109324811624,0.28042588205833846,-0.2160124572362337,-0.5239896065930335,-0.3211618489756489,0.07965125517521694
169,valid,-1.046945245650499,0.9700728552889296,0.7794405071720475,-0.12218355088072266,0.1622357308873621,0.29127315798571124,-0.13069569810239562,-0.47004618608087295,-0.3234707156227059,0.3617577377857532
170,valid,-1.866909366031665,0.6634355676012722,0.4388832577564224,-0.001674873160945488,0.32815576167474464,0.6054932996121422,-0.3385455642708745,-0.8266921947008589,-0.733186406722615,-0.8661194237995992
171,valid,-1.3670728288717373,0.9956285608413513,0.48874039661147745,-0.07341613605360017,0.23609474951056134,0.36009596815374534,-0.10590826411121176,-0.5350657050336802,-0.40605518932847307,0.08172305191131024
172,valid,-1.1583758595806277,1.5664350228764856,0.7098466859288292,-0.0952487211449888,0.15417956925633136,0.1890977590259582,-0.13324811994377275,-0.4986356692503536,-0.132818794788612,0.22702695809077608
173,valid,-1.5990630958922658,1.3558520349615344,0.5637032207987623,-0.038881084317172195,0.2789315185213741,0.21514951835913745,-0.10020959845461404,-0.5377926012146736,-0.09800647540788579,-0.45393823246287646
174,valid,-1.6728053758545227,1.3055871862759125,0.37979440068121006,0.007429197816206741,0.11538486744963591,0.4557821800864723,-0.14708943955413756,-0.3964881572183444,-0.921238953242992,-0.13446468464645575
175,valid,-1.599021854357888,0.7160561397465973,0.7559013843196704,-0.16890276088240372,0.29922338442565183,0.44190912500309726,-0.25875534219147267,-0.5010323370646704,-0.3990237086278279,-0.11077063561615706
176,valid,-1.1804252330261282,0.9722934034296359,0.5686707740903738,-0.05576178035211297,0.29633985321074824,0.28606103679796546,-0.23798120850737067,-0.6746744041649851,-0.3981587341464386,-0.08590475517718715
177,valid,-1.3529807631461834,1.0368352673446632,0.3448865816031823,-0.015110364147475134,0.2365985638734456,0.36749931525801793,-0.2517333098171593,-0.7601845887348545,-0.5230845967460259,-0.048468278843192394
178,valid,-1.369855815727581,1.0358442350075172,0.6779634902501883,-0.09188803562188147,0.11759698943683006,0.2547942420583531,-0.15251881608728962,-0.5006603621681477,-0.4678220345215182,0.32739160755744817
179,valid,-1.5437466409771765,0.7832486425734712,0.44583557088602965,-0.13147352448016902,0.21417998921629314,0.40639510852294614,-0.13344538644098283,-0.5929349364770194,-0.3176177524877173,-0.17074623640848208
180,valid,-1.259582535639471,0.8458681212077759,0.476478758935459,-0.07047794610664553,0.10291734178758973,0.3541574805845778,-0.2013705394966221,-0.5363520893297099,-0.5089053675070542,0.28046606794390255
181,valid,-1.3728717295167678,0.8266319656038453,0.6908711236309164,-0.053049528699035536,0.21479856566957595,0.421972493066188,-0.3741029281525722,-0.8134505218790214,-0.5895043407913244,-0.07992519866146701
182,valid,-1.3217017726035811,0.7498115364521757,0.362123893378271,-0.06530302861347115,0.2470660726293194,0.39446690819553637,-0.16758937256234854,-0.7169021811055094,-0.41316118552291903,0.04814328274403295
183,valid,-1.2516560188484416,0.8579771679430993,0.6682947440655008,-0.055631520992076286,0.30615493716549774,0.32632422169087366,-0.2384275319610391,-0.6049927872901205,-0.41570683110209355,-0.33349630812043796
184,valid,-1.1479682423088438,1.662422093790484,0.6176159549161728,-0.050386071046646365,0.1719837300822486,0.2892213709089096,-0.15974771513009142,-0.4065269451715272,-0.20681053507257458,0.025832752776024818
185,valid,-1.4400567456025681,1.1065787808686727,0.7678877463008085,-0.048992660241365345,0.18536852989574698,0.41088799579075164,-0.1101537260406935,-0.4789085687893883,-0.6630178610293154,0.1080645628482202
186,valid,-1.6970757283511149,1.0392224887870856,0.4269317552964029,-0.044298842805922035,0.20544254136551943,0.4018876296849329,-0.23748994533247367,-0.5761103477260302,-0.8304866825267635,0.023065481462697685
187,valid,-1.2641298156129954,0.9109576878193103,0.4835731951938538,-0.05120564377464264,0.23866333997104147,0.3600319841982148,-0.30537312000142725,-0.6300977207893629,-0.5236439550867026,-0.12588963011550539
188,valid,-1.4305485085492171,0.8535631783293032,0.5080442990667854,-0.04606852514715299,0.19578126782196523,0.47142215735248466,-0.2492109052465795,-0.6353405563035778,-0.7768216873024708,-0.21370242716864457
189,valid,-0.9526998111681423,1.1013840533982713,0.4609022694666755,-0.08521509393342022,0.14684039949639863,0.24880468070084732,-0.22557895366174743,-0.6262016382720326,-0.043598527381111446,0.09094694635681269
190,valid,-1.3697223497854276,0.9107867368364065,0.5366398996194404,-0.057908765717862985,0.242838638228633,0.3834922408723463,-0.14729417773227546,-0.47145105281295474,-0.5383564047248163,0.07366510873714088
191,valid,-1.2172634299984757,0.9435943348171295,0.43094370866940335,-0.019023626790102537,0.28984824517777424,0.33434753140408274,-0.14408357425612858,-0.5441800512236143,-0.3364245700786242,0.059440755033667296
193,valid,-1.3137649886513334,1.2711787566467565,0.5590217535136807,-0.11644674542577184,0.23674743547362295,0.30872643748431106,-0.20331434475751367,-0.499255645087813,-0.18375941711139407,-0.11881133075819036
194,valid,-1.1759682706583827,1.4784736095849447,0.49667771669255445,-0.03953976221784371,0.22511430956596484,0.2792937632628602,-0.12210436305489684,-0.4075561077243501,-0.14115547285299038,0.1490706520073676
195,valid,-1.3815404875163484,1.2373045075402456,0.689515757468165,-0.08159043230799896,0.1362986139777159,0.3745490041050089,-0.20671958134729324,-0.5957891641309996,-0.6867532356763971,0.021702793501135104
196,valid,-1.9031410401246913,0.7426355737856326,0.5124907813082226,0.005602720533051673,0.15926427158569953,0.6347143829852144,-0.19891945956089674,-0.5499649409873428,-0.763892972538636,-0.5537154779222034
197,valid,-1.2706914912245237,1.4666221567914082,0.5868224145220248,-0.181862269776321,0.1801028498883408,0.3230073639377013,-0.09105732531746702,-0.3620290797176674,-0.11363991598826735,-0.018071409656176676
198,valid,-1.7051910308442133,0.8311981048952397,0.531540416282424,-0.06819589254963407,0.34016794750737556,0.32923498295449727,-0.21030699889081358,-0.7875481136452571,-0.3121464774320097,-0.5964413233895053
199,valid,-1.373898842714457,0.9954795511583311,0.48911379797477966,-0.04707652050280368,0.15534038603007658,0.38065389765510527,-0.17640662787695888,-0.5911359194044711,-0.4391731319442947,0.05278967150692519
200,valid,-1.3883403099304652,0.8798515959497953,0.5518551183770734,-0.04569707969251727,0.23999717389575165,0.45571666148703815,-0.14382143258977292,-0.56629444515601,-0.51405162405765,-0.023294305812015335
201,valid,-1.3880136056492673,0.6290879580132548,0.6327426282370957,-0.015911253109378888,0.3448230469069853,0.4604016772628518,-0.3319377468657547,-0.7924142230904356,-0.7375776894769001,-0.24292461894573703
202,valid,-1.5196924695308025,0.583439832566902,0.5807693901618797,-0.16464831028330934,0.3460787017366465,0.36970652904283446,-0.11215183145771766,-0.6247658808738127,-0.14870666646693556,-0.19663466397458268
203,valid,-1.5553268147822086,1.1745010464239782,0.5468838654163717,-0.04266929057343879,0.18538571492613143,0.30806768968596415,-0.32385966717852116,-0.636814608219426,-0.06916096341007683,-0.75328019420703
204,valid,-1.4443057854779484,1.7750904523667794,0.49831605796658085,0.11360969877543171,0.1409930760333017,0.307850068558212,-0.06137158906697351,-0.5228302397152794,-0.2765122431566555,0.1066084144212671
205,valid,-1.4580691160685633,0.9619810095170725,0.42389127327268433,-0.07289753694813797,0.1727876450414919,0.32740438580360137,-0.2133004351465095,-0.5009817601500104,0.005685509936687868,-0.6701321711591843
206,valid,-1.2645654358817604,1.3584154496366818,0.696400411774392,-0.07757051347623568,0.26850473170981204,0.22320435834987654,-0.4364270882226881,-0.6274156169486514,-0.20474888324274673,-0.028923355415898102
207,valid,-1.3442748479037139,0.9469372802185159,0.4101095643277677,-0.05503300950675347,0.22148753861638418,0.29683891745133884,-0.5032175613229917,-0.536661965367646,-0.44034883971387,0.12592033690483942
208,valid,-1.3657164880801118,1.1234783343016872,0.37934311180390967,-0.03034212431324764,0.17734007586725464,0.36300451200819217,-0.07030026102049317,-0.2807533831404796,-0.5013015902158103,0.1437217726605265
209,valid,-1.1936585741032046,1.825609244114458,0.5499959071199924,-0.020256157934949576,0.28492309357937595,0.1386114239033608,-0.1733039024172597,-0.4154940048771779,-0.18705250971117976,-0.007487800243640326
210,valid,-1.6425303465686363,0.8393107427952573,0.4746547900480358,-0.0269601037925563,0.2605486400805932,0.4146072761217241,-0.11025132875696093,-0.7342905283961702,-0.3369508615747887,-0.15045350166125696
211,valid,-1.184550404923194,0.6601585804542569,0.6775185860200136,-0.08747701833594634,0.17553017876432223,0.2783714287628046,-0.23369151301635177,-0.6555883797850541,-0.42235484519186034,0.26284752344006274
212,valid,-0.898097272541957,1.5868359732915653,0.6368515611873016,-0.10484341014278317,0.07343581223729832,0.22550156902049134,-0.15499265008327195,-0.5121229484365181,0.03143267405647725,0.28460340629562475
213,valid,-1.2886012935489217,1.0058128924874539,0.4309399534012936,-0.01999588180547616,0.27464928871196015,0.2916723208198077,-0.3566272079169742,-0.6541604264133218,-0.45002885717543584,-0.15048545055673032
214,valid,-1.3667626366112717,0.6679027797626249,0.33305585716628366,-0.08106420249277424,0.1336603123063142,0.48580808288022537,-0.3003528765315138,-0.604921286201419,-0.6327608001891486,0.051195440755426105
215,valid,-1.4087829651031214,0.6173340669217632,0.6539976950604472,-0.07066457799610067,0.3175742989219932,0.3956065329435885,-0.30222932849934664,-0.9056992783317597,-0.6210317481680774,-0.25528091018721105
216,valid,-1.063971826606624,1.1818712089655348,0.6655378778742647,-0.06732460670457566,0.21097309487470825,0.257864080620945,-0.22907682110164257,-0.5781018519415085,-0.06699676542882121,-0.0724540321991377
217,valid,-1.3282282646052832,1.0123876506149196,0.5479444210130597,-0.05590874244780418,0.3093728459947269,0.253908953184029,-0.17822857152557753,-0.5716462674985338,-0.28351957615771495,0.1440140887109448
218,valid,-1.1714497917776616,0.8129142060900637,0.6752047133769616,-0.08483313033638362,0.1731519278089356,0.29459880807440586,-0.15553147492571942,-0.5034841035142249,-0.4661110718129525,0.2021585145269941
219,valid,-1.542063583531772,0.9760520837530432,0.8474397650212177,-0.07312641087346232,0.20230176469756253,0.43626974342314667,-0.12999142123663407,-0.6525529677236216,-0.5588434288476007,-4.654074473840381e-05
220,valid,-1.4745881442992586,1.2154318045366046,0.6847429527100884,-0.08624292168412731,0.1310039367473653,0.27009541458839614,-0.20156989250868876,-0.668357730075452,-0.9788725443821553,0.1314290214739128
221,valid,-1.7361392969349148,0.5240402816520767,0.50048911407678,-0.031761869960242266,0.35413425084999905,0.4359929165068632,-0.25432221005601785,-0.697428680338716,-0.5437077557564748,-0.6172660181239056
222,valid,-1.5509217330117333,0.7282684144710992,0.765291793146932,-0.06024019301130904,0.2746209469640628,0.554076973617667,-0.26315794319176783,-0.8402585028243225,-0.7109846459919983,-0.36075480502422463
223,valid,-1.3376892521972303,1.1195676532680052,0.5458448811436167,-0.03559635565432426,0.15604456792771823,0.42990255575564484,-0.1237061297468205,-0.39569684472653494,-0.593398108775519,0.04285918308990403
224,valid,-1.4078635307331615,1.4675308059864098,0.3833080879968476,0.008900492522309855,0.2614394591845435,0.27425213341310856,-0.10493154033406117,-0.7019487735622143,-0.14005396202145737,-0.0643681995983708
225,valid,-1.1562929943024836,0.9961695486564276,0.5209945601320017,-0.05500734174672174,0.27033289799702437,0.27085744210126744,-0.15607661518306581,-0.5350261262712251,-0.33974922789394346,0.1344559437329489
226,valid,-1.5048661495848212,1.1992387860310494,0.8695247127837851,-0.07898043481612488,0.2316164203708071,0.32430513161307,-0.20428410861176233,-0.6275860180562036,-0.40939274186104235,0.13460785556808738
227,valid,-1.4398246953768856,0.932105765116713,0.7732569790946299,-0.07518045215300324,0.24409023905509367,0.45327138016515406,-0.2065512357227049,-0.6903942212855144,-0.5981970487231998,-0.2924847958242722
228,valid,-1.0984120395233794,0.8363409855839375,0.6859507124615459,-0.09777090267506791,0.11811103901723247,0.19665103692362457,-0.36326588491632267,-0.7537844474618913,-0.468081418486149,0.20595759085075518
229,valid,-1.448219384523657,1.028685420195474,0.8884569496314875,-0.3212080501997214,0.21343617470747195,0.36702965473559346,-0.15267304129501255,-0.5799153597723881,-0.3958705119143819,-0.18064990266281797
230,valid,-1.421983599271303,0.7710985781631448,0.4680152863368763,-0.13309272884789083,0.24999175918583025,0.4477147339321511,-0.24990844145172234,-0.7350879147901963,-0.531183146217866,-0.36584356102196175
231,valid,-1.4343646991245673,0.9165499584807407,0.48775368868531327,-0.06486434103892592,0.23514657099653632,0.32287819822809116,-0.2972424238483698,-0.5290545974370588,-0.3562195635112653,0.1260060964869504
232,valid,-1.6671569057796294,0.9725062885903398,0.5446961544724226,0.11566755293060331,0.20208680178679186,0.3979201755071246,-0.2937624467623481,-0.5327212884183639,-0.48307170662135374,-0.5893271631511859
233,valid,-1.3841570511728665,0.9855287944200476,0.3822217578345278,-0.036951900124519134,0.16264508285086718,0.31597612295460464,-0.22147952783496178,-0.44429105779349276,-0.4966869848120775,0.21735162060780147
234,valid,-1.1909490789565833,0.7021652821632427,0.7954382727494844,-0.0875924598599469,0.23981201453939963,0.2980611954017789,-0.27406009459707115,-0.4855125188158739,-0.40509001649448334,0.1964701487931778
235,valid,-1.3457548274289166,0.8493374590654822,0.618974674719608,-0.032060193133157555,0.25507860447358194,0.3566662776796187,-0.25089637045787616,-0.6100944159700161,-0.5102449403178084,-0.023659392560922587
236,valid,-1.442752790156783,0.9499524559457148,0.5376773753660455,-0.07259015642987382,0.17169705156019613,0.4557493681104012,-0.1678986588465634,-0.5454011101161481,-0.6566277680879571,0.06264328209900778
237,valid,-1.1727138087155486,0.6799431995097934,0.7432182382949271,-0.11353111355285483,0.22560385618502338,0.339728145677856,-0.14934471218380743,-0.6449277475916502,-0.33736505346446527,0.3383693229370777
238,valid,-1.1796968061530544,1.7173110490068286,0.4476844840182096,0.10850533660015801,0.24359374031185535,0.23176783388893937,-0.013416455433619533,-0.3827108214229049,-0.07076882526899961,0.05763932666798251
239,valid,-1.4305465237203994,1.0331024114174365,0.6430450730492453,-0.04970506591601023,0.2823886180021028,0.2787939992557439,-0.12688032173005517,-0.7136792775033616,-0.28822383502774507,0.07265365238684814
240,valid,-1.6655353653755047,1.0718126523311764,0.3440798520979172,0.005255692799036643,0.23598987900327414,0.418683748237045,-0.1713086716132217,-0.5326654918017029,-0.8623979940558208,-0.0036972807345466655
242,valid,-1.563188206145845,1.3784691015868695,0.39181601083060746,0.012268854406808635,0.18548477113990058,0.36851733483191734,-0.16199955669447277,-0.5363916001753192,-0.24074224413406198,-0.6445279359792003
243,valid,-1.41855283722574,0.8522617648506221,0.478555120564772,-0.058015454583710435,0.1718144685366786,0.45163701632691855,-0.14417676328962464,-0.5333779883202433,-0.753614141316647,0.2868231289135846
244,valid,-1.2387236933435315,0.9957456760093614,0.35146557424388697,-0.020953548221921393,0.29498625566542874,0.31762997078610183,-0.2921926708117049,-0.6663477938748219,-0.3860223686680533,-0.14621117750959203
245,valid,-1.5642904387271457,0.8077166384978749,0.6089501457310019,-0.04144506091877721,0.2291607166465804,0.6274152415252822,-0.2935610818434464,-0.7608609382928266,-0.9520790800486086,-0.1528576101579503
246,valid,-1.3190516199221252,0.8246916158247543,0.5411795551509034,-0.03801098471558699,0.2933402119866554,0.3698137240862301,-0.2264223447407365,-0.622490507310816,-0.43698243131271075,0.0006173249778524095
247,valid,-1.2727514747045003,1.4162495744936205,0.4181076856558312,-0.00823351496973281,0.2135320681381813,0.25865715226947206,-0.103161958725772,-0.33953046279275767,-0.11654387680523197,-0.047253259436095964
248,valid,-1.4893040714874919,0.915938235227636,0.7101280043884528,0.004367859159416073,0.2781680636531127,0.40076874838862814,-0.12501523653156785,-0.5507502094742729,-0.48819624854235466,-0.0751833944207983
249,valid,-1.1644261298370229,0.7014523335599422,0.5728935768264665,-0.09342249456751546,0.14990420105159116,0.21332916058614218,-0.32211683195425794,-0.9018745849932386,-0.48625608724962494,0.13831331105596684
251,valid,-1.2391155211394076,0.8392855912280797,0.3879126928173655,-0.0654900618275573,0.20749807745085752,0.33837021174067705,-0.21512510948183464,-0.6550266727217438,-0.40029290738766965,0.1725754092533341
252,valid,-1.301593107306291,1.0068195548517178,0.8362924222796473,-0.10313307271990754,0.10032810221557621,0.3900893540714624,-0.1797594650506529,-0.485080509734571,-0.4114786715942451,0.08169995950132466
253,valid,-1.4339027320347073,1.7298617765712496,0.34003296613441125,0.0005486670911298379,0.13586331216001185,0.35532563503376763,-0.13163111913977332,-0.41510754355831464,-0.2793069432227525,0.04509755633899191
254,valid,-0.9879320521971854,1.3209844789053258,0.6478575461487975,-0.08488600046674014,0.20646378630250214,0.16965330445439128,-0.2581297209884299,-0.5619359395715855,-0.0555894679247397,0.10714401339971451
255,valid,-0.8957359952064426,1.276240295447668,0.4333807919845107,-0.09015895063333582,0.08439997162801434,0.31857084677710207,-0.22560023610450455,-0.35489328159774336,0.10883618592258655,0.31446578000046377
256,valid,-1.1588790168359768,1.2498539157456057,0.697620453418979,-0.09212804847076987,0.1529660838398278,0.23433036325658146,-0.19956437570021923,-0.7046468225381625,-0.16095597382412177,0.26696619084120327
257,valid,-1.1684279163367892,0.7403987185719235,0.5450035714278488,-0.07251310366884675,0.21545834736076647,0.397615326263985,-0.2779817968722869,-0.7248628271507781,-0.5166152256148419,-0.019085377359508424
259,valid,-1.2835276875437005,0.7248524438053954,0.4751232659871937,-0.05031113715542624,0.30397244294508896,0.3338329583827972,-0.324749215598578,-0.8249648980866566,-0.5681915638941712,-0.0825674283562177
260,valid,-1.168204529607518,0.8972249236441082,0.533680574756397,-0.06682076379549096,0.22090714122021757,0.27330911319082035,-0.1610225815678822,-0.437003239857362,-0.23371707836607497,0.19728832686691952
261,valid,-1.0900088449829484,0.9722336251946858,0.36402770923869626,-0.06790586524315931,0.18174641112824585,0.1793137101917808,-0.2529881981431269,-0.8454683999689329,-0.19817742670711175,0.14881428264756222
262,valid,-1.2640738433743182,0.5927170810172796,0.44282031288640145,-0.09532748083931955,0.19106221662222092,0.38475432773885193,-0.06996883305140585,-0.5122245809320455,-0.4111216907806563,0.22247296604655892
263,valid,-1.0259871783620105,1.3727733130672721,0.5466411378267426,-0.09210331164974125,0.14214932300560715,0.2471810452362951,-0.17193815580492353,-0.6309729435949727,-0.01844931448489174,0.12362789846069924
264,valid,-1.1435985252640195,1.2704290000204066,0.6034853011528543,-0.09575167835362011,0.2550693786668573,0.19326916571265235,-0.10727023119561671,-0.5105890285646331,-0.14462331822581848,0.09306437931826615
265,valid,-1.4088119533343517,0.7392763450829094,0.4753062261531372,-0.03565925209547926,0.3299930005415298,0.3930096429672648,-0.3363477163927464,-0.6640760239839303,-0.4867206524319841,-0.058680487220767796
266,valid,-1.2757240425103107,0.9992424893202747,0.7224002816403126,-0.07545865153975481,0.2617859906475006,0.3645585490216639,-0.10150392400515838,-0.6037314732548559,-0.36354656478512315,-0.07512381166900212
267,valid,-1.1226147888494833,1.274885621846939,0.4859862130295377,-0.06864410187157342,0.16793273251739937,0.24452316705990673,-0.17544611060818907,-0.40489376046869857,-0.10660913644527084,0.1993697958922175
268,valid,-1.0746841887738905,1.6942685491550322,0.2947186246576846,0.19077264752675938,0.14200356842343467,0.29266871371881137,-0.10102217389366822,-0.25464064657382524,0.07690905419390165,0.0419378394156924
269,valid,-1.7607913869948904,0.7939939754225134,0.655094771361586,-0.17655379998728618,0.27199572834637686,0.3075055958672409,-0.1301981759744158,-0.6688349023965074,-0.25203207482023726,-0.5282960595139202
270,valid,-1.2022544119441083,0.8506608473095224,0.6146791132851845,-0.07075035857160729,0.2386738654113505,0.2834995604041461,-0.08650707038415753,-0.5103185537256071,-0.20944169378729652,0.273874033731711
271,valid,-1.5341821925609462,0.6204790705151702,0.732970973179661,-0.10500557911189452,0.28126853120677486,0.5060787864361248,-0.23159214939079958,-0.6714356627603041,-0.5967357840400559,-0.2993697136126405
272,valid,-1.5854129208615693,0.8259372173300881,0.3273137188877771,0.01156924079069712,0.2994269000134312,0.4220542928556308,-0.063138099612175,-0.6353307634054414,-0.3148005066045835,-0.0759748712635833
273,valid,-1.3269416237138256,0.6950731035000347,0.42145831609571904,-0.062011703335297756,0.14197934779340893,0.5098021008799851,-0.19920768973704073,-0.5711533012784317,-0.5048078995247469,0.16691893145071082
274,valid,-1.0585873828542205,1.7788037513896306,0.6303053487466678,0.13995770339804753,0.11076516267548767,0.3069819275319937,-0.10305589938482802,-0.32922749498710396,0.05892817968432405,0.04423952421077221
275,valid,-1.5094769651261666,1.05778260053257,0.507949528212116,-0.0791429138061428,0.1167715264452001,0.5386379447929138,-0.2308282935029507,-0.6636795283899067,-0.9412069264056003,0.03224348606679403
276,valid,-1.259590726188287,1.0004089877667115,0.5288940582116286,-0.03180790318797223,0.24664271765025417,0.37155410283162305,-0.18004463500782034,-0.5482064866423266,-0.4812753226913104,0.09062030896992407
277,valid,-1.7828039060624017,0.4671109109128645,0.649285151805011,-0.10699758743084532,0.3456462291102611,0.42158446166100905,-0.2142506464147037,-0.8373391931167103,-0.46798658267030396,-0.7131009812154747
278,valid,-1.3457215912544631,0.6407621829136633,0.36259312116468817,-0.018440253189611813,0.33777438294525586,0.376995567885983,-0.1847735763403988,-0.4121699259631769,-0.34400652367534995,0.050543549564568156
279,valid,-1.8070054368406983,0.4760339746764409,0.9215101402072172,-0.2526179054179918,0.2512407352712948,0.5663918359318308,-0.2406622344470236,-0.7238920940106616,-0.5800032110814495,-0.6625636774766578
280,valid,-1.2968122224565288,0.8304158948317323,0.6607625437751585,-0.10444002736827411,0.10561661377034762,0.43801147822728026,-0.11814522917196647,-0.5624920885895947,-0.45530463522474013,0.07330267309864595
281,valid,-1.4341574427132282,0.9936568351391947,0.5644688716929991,-0.04070473665159212,0.2733477233593758,0.41393555066477705,-0.17322296960014352,-0.6030244668710054,-0.5499030892555994,-0.014137555898701193
282,valid,-1.3448629869506499,0.9337957792230834,0.41178905907751334,-0.04218205552582718,0.22750188476707572,0.40334971184592083,-0.39524150071193875,-0.6222481015913063,-0.519425182095871,-0.18672930326564724
283,valid,-1.322458213655579,0.8868311989127127,0.5331984624738998,-0.09861420429056689,0.09142062550168145,0.5118748340493492,-0.1733422829115201,-0.5246412753301654,-0.5447730746367135,0.11861168609488464
284,valid,-1.490415629283086,1.2157197648139215,0.5103928487898944,-0.056271613488094264,0.13891874771111368,0.3012172991476227,-0.20922964618475517,-0.48425515537014435,-0.8839057203589077,0.22334076281692564
285,valid,-1.0672108890184844,1.6804231422737523,0.3689641403089111,-0.05864974198765732,-0.00776103961132403,0.3668502183648328,-0.19231190129767126,-0.4757830864768218,-0.3570547340692851,0.371416174403828
286,valid,-1.5377581282470092,0.5975962389672541,0.7165183950199799,-0.08039382274235521,0.2697322794993647,0.5151064188889914,-0.13896286465131819,-0.8027660158424201,-0.6099814545648965,-0.03712328834055943
287,valid,-1.362719637053964,0.5866698376631352,0.30321325522829595,-0.028619851413272706,0.3265430106029131,0.381618139944063,-0.26606531023635926,-0.6225540539994731,-0.46061823117971157,-0.11748546937431818
288,valid,-1.0935620545417093,1.2352020140210778,0.5205325692634336,-0.07258267094696506,0.1932664251982794,0.36657694903516524,-0.1696968772159076,-0.5624732967076844,-0.05258090247906083,-0.09677327723897014
289,valid,-1.496756431585844,0.6453455765909035,0.6255510827756234,-0.20530159926909755,0.22844059343962403,0.43848848847333877,-0.16252921050626964,-0.5693079544504864,-0.47366269027570423,-0.28254343171171836
290,valid,-0.9572160213268309,0.749144030699643,0.4990591660401341,-0.05149154695910665,0.2528801887603621,0.3230338259758664,-0.250391724749171,-0.7021013346819108,-0.36801849874878423,0.12102938541682248
291,valid,-1.2626961814938131,1.254800329958987,0.4456275493282475,-0.03584209829274699,0.13516492157493223,0.2957886903818939,-0.26204723988746614,-0.4785509206012119,-0.7029709195602079,0.06879307706895905
292,valid,-1.4917327167598875,0.9467416944640331,0.7289738675164574,-0.0259711457917311,0.2967146907838073,0.4023416565093976,-0.39272141119928994,-0.8535426969041465,-0.5952684371576629,-0.16327083525895122
293,valid,-1.267562329285504,0.9228502947849818,0.6603081461592096,-0.050187870252516045,0.31654837670993474,0.2714597631225495,-0.25206110006676885,-0.8061688719187116,-0.4157326385167764,-0.10026515733044
294,valid,-1.3454579423153583,1.2931413870735515,0.5119595284611164,-0.03768265279775979,0.15794315139498932,0.379599158006039,-0.08925533908224291,-0.23499960970632233,-0.5617581650622416,0.09321773340406134
295,valid,-1.5859498486914287,0.697112992671756,0.6971060395344348,-0.149626294780799,0.3015528408910926,0.3851058265981233,-0.3230001574387678,-0.7998279664778822,-0.38786531571481214,-0.721619591236818
296,valid,-1.5270165142585959,1.0038161058570427,0.6609615974129929,0.02999707285681944,0.24765267148486894,0.5089971721808906,-0.22764935956427226,-0.7311102223622182,-0.7197314491389176,-0.26322782830346314
297,valid,-1.3554034762921345,0.8324328856526834,0.5628296830248805,-0.077046382411093,0.25465095054059367,0.31794862328364953,-0.11056830798215428,-0.5709364829743282,-0.22542518101131107,0.06314143608282127
298,valid,-1.3192931532451695,0.7620756218848316,0.5142167516985996,-0.05695093864265974,0.26852053976774604,0.3893926027129659,-0.23319331497834075,-0.8226415037664329,-0.44292319933667235,-0.23294630387126333
299,valid,-1.3944561807125235,0.5924800625773821,0.5228053817911602,-0.05521054704577793,0.3139320222570909,0.4352161270325431,-0.3249034924765708,-0.6849110719182991,-0.5689331693706341,-0.14309877978100305
300,valid,-1.1586759625589815,1.3909819480034495,0.5373708056369805,-0.07395371336811744,0.1883563412625118,0.205897925286325,-0.17904075806135586,-0.33031075987708197,-0.21029769550324728,0.13608861643992604
302,valid,-2.0227542107630017,0.5228165817917032,0.8670531022309833,-0.13705816634018403,0.2558519956603663,0.5251563697175161,-0.12968249777837113,-0.8943571381687098,-0.45215883381898764,-0.5654361250883712
303,valid,-1.8051907767685016,0.5843428103506887,0.258184729737914,0.11203477407141138,0.19920464958306325,0.6650738170339318,-0.10565831917073214,-0.3450670906327161,-0.6279361763089705,-0.40125091464722473
304,valid,-1.2977615526194533,1.3128971664744722,0.6023144884654024,-0.0746484539546239,0.12566555689719397,0.3974110466487826,-0.10671522360833753,-0.4180316067684802,-0.26001820232890355,0.10494231025184522
305,valid,-1.6947535695308178,1.0033875465356212,0.7445040491271614,-0.17999332379175775,0.21032759490432554,0.42429423548677087,-0.14985862721941381,-0.5405400529636879,-0.38244450976649647,-0.49833378162540964
306,valid,-1.3945303754742102,1.3847262818684736,0.8592998895402826,-0.02522977424362012,0.09215506676927329,0.40245197340745753,-0.22148580137409796,-0.44816639789182094,-0.48488194877290974,-0.051989700469221
307,valid,-1.571396445482052,1.3631067122516285,0.6260458650695604,-0.044862257978251184,0.15561067131092582,0.37490125201204694,-0.19115546004759637,-0.5931699642292911,-1.031283634733383,0.023544596421061718
308,valid,-1.58324881954401,1.1370153477136329,0.4869379598691231,-0.04457196271723068,0.1935863579779754,0.34410960351532105,-0.2236617445980183,-0.5305144116463277,-0.540178396832358,0.04873982792510211
309,valid,-0.9273306303422864,1.3577803499123176,0.6780705568650134,-0.07225402135978298,0.1984843437918172,0.18960497714216323,-0.1255613098196983,-0.32095018677554693,-0.06361109153931567,0.22583195878499096
311,valid,-1.5213140480167022,0.7779926773525662,0.7829101853685143,-0.06370298116391065,0.18775246543091428,0.41658662989591627,-0.6754356869227338,-0.521580550914981,-0.6239905745002094,0.1865317450917211
313,valid,-1.3983601246974968,1.2194876740692187,0.4267638049087066,-0.08549952914896905,0.1419816051492378,0.35650027534022505,-0.08921540045674671,-0.3803720438747938,-0.3970851328418184,0.020702583728695236
314,valid,-1.759665070495859,0.7694443374459807,0.42266032745745813,0.0419736658354555,0.26627578118325845,0.629100025203179,-0.1530244631098854,-0.636910448950015,-0.7771389543594449,-0.12635618179413308
315,valid,-1.4279765587511943,1.2716117132161817,0.5593333049585095,-0.18994920865904547,0.25839871245865426,0.2514204369705797,-0.2825959753728159,-0.5050879261929897,-0.23079268573401657,-0.17087946278205224
316,valid,-1.0630636535225797,0.8280889471888563,0.8786931017951936,-0.10883529928103583,0.1908513860164456,0.25619840900312074,-0.09889962684542558,-0.5051177193594839,-0.25000334323073364,0.2795632556928094
317,valid,-1.4839259742903572,0.7457761300951052,0.8452231759669298,-0.1977773857552581,0.24360919126036462,0.35503359848809846,-0.14735494694513643,-0.7817240135232166,-0.3534957241399815,-0.327243862304432
318,valid,-1.2507134957509378,0.8373029610462592,0.8886214615730306,-0.12928961045928045,0.08390880858365732,0.3305635530875478,-0.24607256364224928,-0.7032737099913139,-0.6599658824604833,0.2803058896733519
319,valid,-1.4063261224603898,0.8744859567141213,0.5863822362213141,-0.06528554194945975,0.23049526925683386,0.2902620472662068,-0.2362299885238134,-0.6349371220499229,-0.3289914106354968,0.1422160737648482
320,valid,-1.6571178364104633,0.8226071318229757,0.6423248046832967,-0.12744609666036255,0.29786991023222315,0.3158160500405727,-0.24000989887283466,-0.5443591715744962,-0.3396825319498849,-0.6552111158157202
321,valid,-1.779284865356525,0.8613166342068093,0.423865212151459,-0.028803730935753596,0.26279989961301853,0.320158363773657,-0.12796849705988983,-0.5059936633540021,-0.35926829840017716,-0.5159446787361998
322,valid,-1.1180500908788171,1.6613141890965277,0.5041971654227113,-0.08432960515723151,0.0332791111981566,0.2964181183651685,-0.16800908845325035,-0.5067416037820365,-0.361944459114715,0.2933960334821519
323,valid,-1.4671502092413935,0.9878564694007523,0.660287710746317,-0.019614215702820122,0.16749449716996437,0.44412769981879285,-0.11026617466575497,-0.4295850714300833,-0.5189938039677762,-0.02457662883650396
324,valid,-0.9902947969671453,1.3083408968240842,0.4757102315588907,-0.08570479465861859,0.18499834348809932,0.21778807369946337,-0.1259522991269598,-0.4682387483871694,-0.05553338971464764,0.40708081279260944
325,valid,-1.6895830846463284,0.6600834108051856,0.5556782833672447,-0.07932159932057886,0.3756029740362807,0.3632147696707785,-0.3207118886729307,-0.8035029069687939,-0.49924909085017954,-0.8613689076911983
326,valid,-1.2916520233411048,1.0412703158537402,0.3516131173098798,-0.019128103578988774,0.10361219299255285,0.5024658012557142,-0.2612277120195461,-0.6126957017978195,-0.6663991573792395,0.09763951517236656
327,valid,-1.355120821921548,0.9600685577522957,0.5918317560432625,0.11009554770514038,0.2852199072481364,0.40695553517692684,-0.10537542364010825,-0.4041427040847732,-0.43115537708086926,-0.07186268201305304
328,valid,-1.5447244864619871,0.7945107886872059,0.561537290396751,0.0009044393129633356,0.32838166832376325,0.38105505997325956,-0.583924803945909,-0.5560820525601361,-0.4791305102640265,-0.20983669849341674
329,valid,-1.4814680666213746,0.6708856631426502,0.7637043006943087,-0.062071446642918346,0.25787672867305006,0.44283070974761596,-0.22402558968222788,-0.7140533707180164,-0.5386128949840343,-0.09466770020673805
330,valid,-1.36373454366168,0.8225332332285936,0.5380837199136788,-0.0843139244787538,0.12042650294235734,0.3856219627504329,-0.18003282649077954,-0.6961571910681905,-0.5115313879816027,0.27123039683210365
331,valid,-1.3230479488317073,1.4642643247263836,0.6387428914534014,-0.10159590117029117,0.1414946926382431,0.3113123443294114,-0.09320192010871124,-0.4374136489458939,-0.27831953200380055,0.08738502401716733
332,valid,-1.1969577800459177,1.0319902313112828,0.8377391568278244,-0.10050169747968152,0.15893011061005258,0.30079328984558523,-0.15857742285641804,-0.5477461947565069,-0.38904261413678126,0.17452437809994245
333,valid,-1.3039578673613679,0.8484674617838643,0.4989857576909357,-0.0696220033372373,0.11608087082972304,0.3416515427117001,-0.3375930390884014,-0.8819864519269673,-0.5375342321482997,0.11414064316436212
334,valid,-1.4085244080665615,0.6911345558867585,0.6007796228162574,-0.0609575982817776,0.2621679435775855,0.5002119992933229,-0.2621491068531506,-0.7492259180537691,-0.7041985487631051,-0.2738320116603621
335,valid,-1.2921000251907377,1.3164011029673843,0.48800762963835537,-0.08699174622333344,0.19645209780090458,0.3753385913032681,-0.1735627763313933,-0.5789296073719159,-0.24314434152362457,-0.19828978317187906
336,valid,-1.4313067631503582,0.9504756887522543,0.42209651512525964,-0.020542181507225827,0.24445326798613137,0.3905509259601087,-0.2948197904207385,-0.7936756978927718,-0.5296482623744476,-0.18609148118524677
338,valid,-1.1848172494512434,0.6212306043216823,0.48120322207176147,-0.0646945107095436,0.22196827216458534,0.4006197169960951,-0.3089632079678656,-0.7537479294749746,-0.6693759260608686,0.020146690075310735
339,valid,-1.7659619586858524,1.0637882706481396,0.584132882609706,-0.022509324601812507,0.1922149674709493,0.5615312955860442,-0.12290090422658063,-0.5980405937304927,-0.8756398995125165,-0.18742750506254643
340,valid,-1.5128240225628586,0.650301609461197,0.3168094349142457,0.01750057814576243,0.36241344282745974,0.3773596670760764,-0.10963897131220052,-0.5368982273445461,-0.2350734846168235,-0.20180071557937224
341,valid,-1.3404783664047906,1.25042802845507,0.33805194934411315,-0.04626702975679618,0.09287109730000445,0.4157530199420174,-0.22761431634123905,-0.7126841730697502,-0.39245975259274707,-0.013983355452670891
342,valid,-1.0550474065717264,1.871554061257601,0.4493668701022423,-0.004247187677989978,0.16439953745070493,0.2493426516734379,-0.16571228286061676,-0.39157005983567494,-0.002225665142771923,0.10378491282732782
343,valid,-1.1997754110749106,0.924700722131513,0.4631581463414633,-0.07200780194054979,0.16811578387743858,0.28188226057731625,-0.1634707752597786,-0.6726509358359976,-0.3602666941517318,0.3445873010534923
344,valid,-1.0155568707107159,1.508320923816151,0.3638392527243244,-0.06590417907104705,0.1422392983392733,0.22744464643013676,-0.14655717361996798,-0.47871099143722823,-0.14442335534243578,0.39149654612063767
345,valid,-1.2584263238828577,1.1826227894428825,0.7619836004407349,-0.06664833689778248,0.23335960791579533,0.34147466428475903,-0.16808226546037652,-0.5841654264953057,-0.5624898828286703,0.0013939319732751883
347,valid,-1.253716954031604,0.7348936780208911,0.6829900093818886,-0.11196126885082067,0.09818138911086681,0.4484771578583519,-0.14016557564819646,-0.578354131297153,-0.44083421517742405,0.4111719108465354
348,valid,-1.0925305778504817,0.9813192044245221,0.4117160881928259,-0.11676659396018248,0.1438800740664599,0.2560844087660937,-0.11237445297581757,-0.40460390981725436,-0.11602423811451094,0.2649225296871295
350,valid,-1.2187767895410633,1.5938837559031256,0.4447573592890115,0.09183348845490628,0.21546975273171853,0.20786559047321337,-0.05753212089904136,-0.2652018062638242,-0.15094984939693246,0.09599380452463847
351,valid,-1.1044674148654674,0.9197488359612671,0.6625654553842777,-0.12418692848624628,0.17730109314090398,0.276144572763998,-0.14279865186239885,-0.5381756487041548,-0.3284842815844577,0.36378064041844677
352,valid,-1.0438039665534597,0.7744379474125458,0.6060024929104146,-0.10443120721737593,0.2599571903826142,0.22678778114929937,-0.14441413244923088,-0.524563626780421,-0.20329963468313156,0.23241446811375294
353,valid,-1.4760373644115472,1.1393593149693084,0.6155201616551604,-0.1620946080794857,0.09123560730871294,0.5405610290431552,-0.12732444724326372,-0.4313235722809009,-0.5835755178987567,-0.1089181978682004
354,valid,-1.2923870199072527,0.6781928277699881,0.6139082885732539,-0.10501299540014357,0.22314707802023018,0.3400000727676789,-0.27964923521762713,-0.6350840198405595,-0.3930278725679046,0.2689746233062639
355,valid,-1.1781672407370685,0.9830588771810206,0.6640178952721507,-0.08032434760066837,0.19082739183515618,0.257807798766183,-0.17893427517346996,-0.5954188933033379,-0.2831816366509952,0.21564786570548833
356,valid,-1.1698731257193504,1.3502995138969134,0.3239075539206093,-0.03664231096284808,0.11054211086090758,0.3031616604544233,-0.22296134652723892,-0.39360770082901886,0.06499491386668403,-0.1146508075845896
357,valid,-1.577330326024443,1.2383504380049086,0.47773849498491705,-0.01900238103669607,0.15593611334141858,0.4898138524265748,-0.0631687458703677,-0.3426751941306279,-0.808183952144974,0.20074212547945605
358,valid,-1.1788430179071838,0.7817763161881196,0.42769052374020505,-0.0837512056825,0.23032144518890005,0.308920352777846,-0.2772943513106289,-0.5889452000233106,-0.3490668800865974,0.028564423877390346
359,valid,-1.1540519561151803,1.3195358080394706,0.6215570014905921,-0.04902147624103126,0.2408552505738959,0.2666600220343041,-0.08808774882984145,-0.23857308924441498,-0.12086049604685999,0.10911688357546553
361,valid,-1.7408686249453782,1.4725027653315312,0.3497981253076621,0.12554652892992715,0.1821128477955255,0.47569413880746697,-0.1118068862605887,-0.4996771661122781,-1.000602559328594,-0.04213085568383102
363,valid,-1.2640878373556241,0.9065177631474176,0.33140370819740766,-0.026132887484629178,0.25485219211658994,0.3261089797062878,-0.18856461776104244,-0.553448500815075,-0.396288368941955,0.27704963834097407
364,valid,-1.8833957258981395,0.6167190511622153,0.2979162978746067,0.07462211718408832,0.3725071438169994,0.5361951293545522,-0.1881536565102578,-0.6926547713944419,-0.5772519197546709,-0.6400372805872969
365,valid,-1.483961856600348,1.1867334222310957,0.37431538868412206,0.020969721122299636,0.2449796059800488,0.3715225223772456,-0.12888055730523518,-0.6130646823566027,-0.42906073591490307,-0.06758707906590405
366,valid,-1.1725801174880421,1.079261795355134,0.5061720604867895,-0.10401287298472782,0.18500072669108633,0.17403665723505968,-0.29711784347784026,-0.5811306873978078,-0.21253617898624386,0.184270287151517
367,valid,-1.8269249024040592,0.5871544573321116,0.6811835465752294,-0.18965990448836792,0.15928560186140828,0.5576300601917548,-0.09131160165418159,-0.46805006333345567,-0.4648086464254017,-0.45214299759334853
368,valid,-1.4040411436277758,1.2367523654703505,0.6579609755546966,-0.044596082589494455,0.19490563393449487,0.3611661861634174,-0.0905231761294288,-0.35425841325456553,-0.3223144706082221,0.03393232706711541
369,valid,-1.4813215409470188,0.5485834888714682,0.6492255542968182,-0.11734145869336123,0.3592786571193714,0.3793143251573896,-0.05969229875725315,-0.6231140491265188,-0.30597520131687966,-0.21471949208985067
370,valid,-1.2871158612591955,0.903411595092805,0.44212709312435966,-0.06658111835083523,0.10206271938509878,0.46663130426105215,-0.25230470365365065,-0.5889997078205411,-0.48522049698316333,0.159301732964671
371,valid,-1.5482651486093155,1.2033614754707236,0.27214785594760116,0.0013519442321482773,0.18283523728397466,0.4712008489619442,-0.19254154540308896,-0.5455221722777936,-0.9983010774851263,-0.05124018722143841
372,valid,-1.4766083677872914,0.6530295536760896,0.3887319595648495,-0.037435369767537544,0.29536496942389406,0.4123815520863761,-0.3889567249671582,-0.513213631336186,-0.4310706154697266,-0.25062504307994526
373,valid,-1.6702960867279464,0.7138090793972662,0.6031837536843325,-0.1053529152858836,0.23070625599445524,0.39365213269088095,-0.21786533779222161,-0.5043746914679412,-0.3900285456512343,-0.49408842821870713
374,valid,-1.3465186897861106,1.1549217228920339,0.4621801354556161,-0.00989687734559702,0.2254006247115988,0.34382640288733807,-0.14489659509677072,-0.5281548166373848,-0.40879200487083545,0.06220433283568477
375,valid,-1.2153164711068514,0.9030068618960894,0.4813359286606135,-0.09572206370345837,0.09014152451926703,0.2517808812535182,-0.23758008291594185,-0.6473574773087499,-0.48676364952081325,0.2615213269059257
376,valid,-1.5476209997498114,1.0922419513333943,0.24516184969362093,0.01004395671259383,0.23196207515889025,0.2852171271449734,-0.19522115789036243,-0.5688850538147584,-0.03307877262481202,-0.6972606674952465
377,valid,-0.9664159493737843,1.3031832738546436,0.7442754493934967,-0.1093624777929422,0.07426477595244577,0.17338004066639548,-0.20219525672361707,-0.5844769028329604,-0.1966601847759247,0.25316716742136386
378,valid,-1.504711426300084,0.9042629631531864,0.4302990268401997,0.09975120241059952,0.2744014290353193,0.45793793414727,-0.10724045740663049,-0.3929886112398611,-0.5240355721910622,-0.12990033725495748
379,valid,-1.5269389028062086,0.868723077983376,1.0357579153253356,-0.10829689149852774,0.1629253314679348,0.4820163416187647,-0.15748468868513582,-0.7587211425810173,-0.5853323223542313,-0.06910831510183957
380,valid,-1.0900338878482552,1.5120983883433252,0.4376741099493458,-0.04099349587334803,0.15820852318226522,0.28293114723468293,-0.13610480464667551,-0.29240322287498843,-0.14988858965743612,0.08414805404468823
381,valid,-1.1089826808138827,1.6456587630269786,0.42951478197413395,-0.035314375290387376,0.1237050241548096,0.24813320337446268,-0.1153073241082061,-0.23592842711872608,-0.29911680976726185,0.21512312682040777
382,valid,-1.4923532621673976,0.9882548657899403,0.757017352677653,-0.13082423873304505,0.23485434980364805,0.3892859826478759,-0.12906262943532254,-0.5586651097126362,-0.38366214046910496,-0.031101137787429994
383,valid,-1.0697810948305548,1.2688056900258804,0.3852036515223599,-0.058870969646421176,0.2231293619227726,0.1969671286081517,-0.13952375618257185,-0.46302225036933536,-0.07824900436157955,0.1454726685183234
384,valid,-1.3999090840929833,0.5798912713552217,0.43430225107959336,-0.07045222643365616,0.2527385528669959,0.3308262162819984,-0.19631582997261182,-0.6889384848238861,-0.4512449584921189,0.1966557756502953
385,valid,-1.6699667229882849,0.9325217446371489,0.29425270456303443,0.09010228056651688,0.24814578980386234,0.4194216894112657,-0.23905940710773152,-0.7473143057735039,-0.5168014024543126,-0.6634123933600633
386,valid,-1.3481901458546297,0.8368516279482221,0.45493196131826774,-0.06661257692736472,0.24107295903071232,0.3541872733126119,-0.19949633663342092,-0.5329873607511944,-0.35784860042184896,-0.03465392044189257
387,valid,-1.5251624292512176,1.018121349518242,0.5815700756004953,0.027940103082677754,0.3002779445716271,0.4189181389208928,-0.23649771528547175,-0.8093129918739507,-0.604646946308887,-0.2758388293863648
388,valid,-1.6408585413160417,0.849842968821658,0.8137778859625793,-0.1380871039714154,0.29739032405301885,0.30517191021296025,-0.26492422583929087,-0.8205031527858576,-0.3967317844685675,-0.7042888767849188
389,valid,-1.2296846607058043,1.553757644622176,0.5361209492846957,-0.059638252248696545,0.21067241029740422,0.23032078989509142,-0.13352265885325923,-0.5139930517630399,-0.15575704006626265,0.14488567110080552
390,valid,-1.1825383677737786,1.2794845499467666,0.5017958976280138,-0.07134918813709304,0.11911030990097482,0.33869520361363686,-0.09790967083466498,-0.4070265220871945,-0.26976171878452965,0.21008416114228187
391,valid,-1.4576255935394615,0.6345236950099092,0.419633670980968,-0.06020902967458223,0.18573983758582574,0.6262393322772872,-0.17157051106628377,-0.5807827669928275,-0.7779074806483293,-0.0019276745965519102
394,valid,-1.314739766490707,0.8215423035168915,0.6181681413250363,-0.047181131642759895,0.23037602594740597,0.3919162913774474,-0.30087444752561565,-0.7654586768581997,-0.6290605983674656,-0.05190368694459439
396,valid,-1.3074126655546976,1.586130457106234,0.5069631348040784,-0.0637862855781022,0.1359487177232094,0.32116002991607556,-0.1200922419652471,-0.491809920899636,-0.32432005845712736,0.10520554008745385
397,valid,-1.2708810654803324,1.089703738053226,0.7405097606223012,-0.07280033060641929,0.22505211551603424,0.29761736783290726,-0.1659685790675679,-0.6557121546967358,-0.341341208425281,0.07522068945185166
399,valid,-1.4607464582509442,0.9597325125188256,0.736858024539014,-0.04683151708287604,0.18634419989409942,0.4798988248971228,-0.2700151659705333,-0.7402842281846431,-0.7820392764594394,-0.0652681132856501
400,valid,-1.2893440351297523,0.9498480574370858,0.3898278268766254,-0.03631173935926228,0.27945059062044697,0.3454563898357906,-0.11703336337862062,-0.558018889006667,-0.30448825002643,0.03942398681801014
401,valid,-1.337967848392495,1.2465618927437419,0.7526687120357505,-0.04618554284839726,0.14591219026260754,0.3830533994771505,-0.026701215636758542,-0.3522756877338483,-0.5909668213039018,0.0431364148278142
402,valid,-1.3205416062136137,1.0868585982052958,0.5519971956774515,-0.01141058960596017,0.25814910537864033,0.3571685435844082,-0.12810346345692314,-0.5492200093841487,-0.49523152004080695,0.020932475954109894
403,valid,-0.9745604333876307,0.8417477422934713,0.6948958684335,-0.1140705816979038,0.20116333414661502,0.17828285997675072,-0.18358466087987033,-0.5294028237298776,-0.2249574623990771,0.3206968159127168
404,valid,-1.3926919109270377,0.7478796265439341,0.5655024808560299,-0.09594518465820841,0.3207303555988898,0.3145644793879868,-0.16413950641583092,-0.6727463576531141,-0.22983584972605256,-0.2655403696523696
407,valid,-1.5306505891913975,1.1233424801435676,0.8860908729791929,-0.05780895673332701,0.15271985476138167,0.4739586197238856,-0.13289095902718043,-0.6132699994524633,-0.6951668924738601,0.01729284941076314
408,valid,-2.0452253350746563,1.1010686347015552,0.3969946627199459,-0.012837412599637653,0.1154946939695258,0.6867178236122804,-0.22766596945445058,-0.6617601069691214,-0.9624130475244186,-0.7342525246918464
409,valid,-1.3862569230413795,1.4401922756962324,0.5587493555494297,-0.20281831912147197,0.08485443376643828,0.4073491341739614,-0.09583478326462239,-0.39219046809464286,-0.28200308961519693,-0.06890866354697804
411,valid,-1.3829366534770202,0.6854468440646666,0.6740760944485645,-0.0551276545599356,0.3407847966156996,0.35523708358677636,-0.21939213362921145,-0.6433662396886637,-0.4192509776854292,-0.049477521323260686
412,valid,-1.198687804897858,0.9379876038554609,0.6948363204581095,-0.08017324163370233,0.1745114581621241,0.3351405845343867,-0.23775054227182196,-0.5658702278648311,-0.4259158036110809,0.08588644675507039
413,valid,-1.181678488434919,1.691645153378163,0.3862883931231707,0.057430793053940464,0.16937450070499882,0.2923085913776958,-0.12402509070280468,-0.4206284077427985,0.048773401127476856,0.02409665661842142
414,valid,-1.3993661079428255,0.7710134497403799,0.6958206578442903,-0.1084990918447875,0.18086104053629967,0.5351754072039877,-0.21651160839861044,-0.7776449055889981,-0.7308396193867398,0.15088239196048975
415,valid,-1.4980954020343569,1.1951161708523448,0.575947723337223,-0.0748743880189587,0.16234446714829254,0.29116349818706255,-0.10134507042438089,-0.47398036414447997,0.06823877428042795,-0.5715220528061798
416,valid,-1.4336470436056847,1.0944527161691429,0.40319709889747196,-0.06524872376824137,0.06198637844161694,0.36175830620552885,-0.23974098987578074,-0.5782890257753526,-0.8334261148373627,0.32565378991325433
418,valid,-1.1720549925103014,0.5805827095121636,0.7034574799779155,-0.10223914372644104,0.19173434018626528,0.3219814736318775,-0.39643894319043615,-0.8657664984233467,-0.5090536350361958,0.027139474403228527
419,valid,-1.1359163619567005,1.469422385964279,0.3733942261246913,-0.038417444537975826,0.1899126687511548,0.2770286777471643,-0.07892261661290713,-0.3892751745351149,0.11205957378029013,0.17912239038335798
420,valid,-1.1859402580189444,1.2432891075121217,0.5505188743862748,-0.08371670621052253,0.1643349006300737,0.3068361940430739,-0.13409792785515026,-0.4685671637461218,-0.10226760472385739,0.15587662712178707
421,valid,-1.1796217664386517,1.150048536842538,0.3781178160746101,-0.09054414025820562,0.14961530512252458,0.3634349753959859,-0.059757436797456966,-0.26804612653848703,0.15216355328230544,-0.08474304902085006
422,valid,-1.0242842078564116,1.3158876215828814,0.5015560976391584,-0.09308480164707977,0.0717552583831182,0.3074239286604468,-0.251519004087235,-0.5141747463627455,0.0691641664600141,0.1673609712176783
424,valid,-1.3096247928377946,1.210167092758349,0.4956515453183134,-0.09073738873833868,0.2251695990375416,0.2784073250768201,-0.19219179167871658,-0.25930755181155685,-0.13063861540097962,-0.055082930030999115
427,valid,-1.2057152850380133,0.9690780137588845,0.40200751905103743,-0.032810950145212486,0.30787049845563624,0.28306648789711875,-0.20936913918219904,-0.4837362133668849,-0.24996849931049966,0.06625378038591144
429,valid,-1.421031467162505,0.9376747386297402,0.5686370769690655,-0.07621842208889557,0.1803929757708677,0.39258895503080943,-0.12991178583889015,-0.484204367630054,-0.5160413361258585,0.08632330093312748
430,valid,-1.7558954815939545,1.004200925145507,0.39833110068744404,-0.058969196466504725,0.2236389751728363,0.47280082952976793,-0.18390152520563746,-0.4681615964802014,-0.44937700156499044,-0.6517104213825523
432,valid,-1.1536095336178034,1.482211859761499,0.291170823204858,-0.0037139573587133814,0.19486564277859011,0.2565334933696555,-0.2886322283963329,-0.35498929485800107,0.07460202057665614,0.1171373707353272
434,valid,-1.2176320324308658,1.2621282513629155,0.48668041530280587,-0.07983244006882116,0.11050267212040434,0.30932878100788874,-0.08166040307684672,-0.40738238184534054,-0.2271543624618322,0.2564594321102403
435,valid,-1.1213422792939534,1.617782423389596,0.6233231585550799,-0.06155654913710437,0.15965276823483993,0.2117870898444838,-0.23898478876265583,-0.3193564483594932,-0.11079110986461672,0.24360488932183763
437,valid,-1.1226217415289743,0.6548031081860944,0.6016828913607601,-0.10093252817031315,0.27182399086265685,0.3268593033710954,-0.382621959899588,-0.7946687458686376,-0.49486702113944014,0.05167825360696789
438,valid,-1.0295830644755501,1.4577204135885522,0.4471309061137848,-0.016895002178990898,0.2008239130510722,0.2302993128919923,-0.19635210932569389,-0.4906417757127287,-0.04363111253180561,0.04515427632872374
439,valid,-1.396769604950672,0.7898809745192918,0.3617698044117229,-0.02064672010565926,0.19104971934755782,0.5033746952481161,-0.1432033935376729,-0.4401365595077585,-0.6416695299248056,0.07055122982650097
440,valid,-1.6318783359058977,0.8610124667474806,0.4818480768149374,-0.058720625855879206,0.18610298208180037,0.5822827014164963,-0.3340869478704147,-0.7866305975790471,-0.947929766715956,-0.18260297337780027
441,valid,-1.1554159650885034,1.6690124407744071,0.5734325475355584,-0.06482336699065182,0.11304142495367553,0.21917487347767095,-0.17560248352304095,-0.41536529202278494,-0.3566128224893978,0.18476029387752552
442,valid,-1.6960560279695884,0.8785430828302865,0.4471548531455561,0.006154161105266751,0.2329395218879547,0.37369586621836665,-0.18151410639878415,-0.4105335182698097,-0.3854604217385599,-0.5607578443287254
443,valid,-1.6608645757575502,0.7466784345187353,0.7597842873380457,-0.04629849270077321,0.245730164938968,0.5349366883296108,-0.15692405644888113,-0.6045910817228224,-0.5967166051742816,0.05789990484417605
444,valid,-1.128973222188781,1.5651692752872506,0.5411414147939235,-0.051542571312408934,0.141800300690166,0.33931489904496676,-0.14788233079656812,-0.6034439342679659,-0.018349474852466192,0.013610390478524833
445,valid,-1.197369778497344,0.7131610733384826,0.6319535429736408,-0.08313657734240722,0.18798807932444964,0.33268705954469574,-0.1420373013849275,-0.6046967750793865,-0.3927371651546919,0.3056103313921519
446,valid,-1.4229001796386307,0.9040012984463718,0.6805127461116126,-0.11195920920546762,0.25865726713704734,0.37066319740620085,-0.09600983937380411,-0.5044093612194273,-0.25899768924179034,-0.17904626501571974
447,valid,-1.1741519334502326,0.9408571977234869,0.4129778650647406,-0.057672543317779025,0.1754098434253175,0.38521920598574266,-0.18606996242130303,-0.6738532601658882,-0.38913172129066204,0.2904195225599426
448,valid,-1.1725440613965972,0.5871724435025817,0.483542913728896,-0.09616937952099829,0.15548592409682668,0.25772412116481536,-0.2233179235198634,-0.5994034207384651,-0.29049624443428135,0.23895346572388876
449,valid,-1.5959102751596357,1.0292827101431279,0.6329147615842335,-0.15043236801205034,0.1393240232942187,0.36846606120519504,-0.22737590589928208,-0.6474298857155766,-0.25636907193573494,-0.16214720762281448
450,valid,-1.4455126293089033,0.965024863084501,0.2420661444163135,0.03228662869229965,0.2974841428976627,0.44802221422873145,-0.2063961918394723,-0.5325916790053091,-0.5274855392790889,-0.2507159435492552
451,valid,-1.5445676204589802,0.7941545403458758,0.5238545273347791,-0.08136499914261945,0.1799478134196519,0.5119826571688103,-0.116577994069648,-0.5426631772623045,-0.7711511127911528,-0.015114089950735713
452,valid,-1.0853201199930407,1.7460834206488016,0.5928677516581279,-0.06804512253335641,0.15189582462882986,0.2854700969190098,-0.07241234966990905,-0.449377234743081,0.05369481108555928,0.16692987379483692
453,valid,-1.6365559855332728,0.9172032262422725,0.5903067147837312,0.061365804854156644,0.17020841811487325,0.4808853141965879,-0.19731212857123503,-0.5516517188291301,-0.46456396519344473,-0.5893022658140638
454,valid,-1.2680098268981979,1.586788689589409,0.6456620400550722,-0.10826044066159901,0.14989073812873785,0.3054869639040321,-0.1087144152183257,-0.39741647536269537,-0.11774210774695239,0.020669015850229688
455,valid,-1.0257831711231846,1.2395773390968337,0.5586255976952584,-0.09872036854937177,0.18419245364446946,0.18435056265944294,-0.10688736236319539,-0.4984493264890455,0.09431305281646175,0.29432179260713104
456,valid,-1.2878747608965315,1.9818746131997385,0.6689833701055219,0.05228223277614213,0.04093131323816944,0.3205315871683187,-0.08479375705860907,-0.3354981430642173,-0.3036516293388413,0.1164548839535506
458,valid,-1.233138660062258,0.9982812174386784,0.6677720078050795,-0.048448300544489446,0.23853994532139894,0.3530184101018455,-0.27569592268485643,-0.6178990040978178,-0.4243844787615729,-0.1405287384496388
459,valid,-1.0277472424871834,0.7909694031840572,0.6228002162637689,-0.09624310270769892,0.24984466444573006,0.2213018039540226,-0.18094611117263726,-0.5596802929369187,-0.24469326505323902,0.31079437797935533
460,valid,-1.3584069113999133,1.075664780868736,0.40040095272323784,-0.043994657701783485,0.22716220287900382,0.3528921447054547,-0.16641836654472583,-0.3449171854244385,-0.337310358696045,-0.05926481332596343
461,valid,-1.40990887639217,1.1395652606113085,0.609300079645308,-0.080483488298749,0.22415552326942767,0.3506203375730702,-0.17305419999056235,-0.4084049823826117,-0.35167629459616295,0.0013573130179189014
462,valid,-1.2995998155985462,0.8587039753069861,0.4871934940960194,-0.05192040141998729,0.2649575424343462,0.4180477914233414,-0.23662560589380155,-0.7426495480015523,-0.43882491000581125,-0.20102954917634874
463,valid,-1.3346554792495218,1.0784694520020595,0.6332079552739516,-0.06326019226987463,0.2572019546037236,0.3416484359044775,-0.07034341812708605,-0.35025730840512825,-0.23089876456614902,-0.011118928124288451
464,valid,-1.493470870207175,0.9242709943412574,0.6108011072232374,-0.05416757980346801,0.18825956221079754,0.3830537218553818,-0.1846785101419343,-0.651592208432067,-0.5392499856185159,0.09689353433817599
465,valid,-1.5083519324356036,0.8869466718787508,0.37302349735698126,-0.01605749606612915,0.18443606358002126,0.33186486250400515,-0.2237982302530314,-0.6841807289644498,-0.3722499441211914,0.1064185311479772
466,valid,-1.4206959924455187,0.7540882572584411,0.5482764279600159,-0.16592883829183291,0.2218453804630429,0.39826107072031813,-0.19645708921605798,-0.3864614296145693,-0.3597211968349107,-0.12670590748158375
467,valid,-1.3119655703054696,1.0596389707483944,0.521782698357988,-0.02457825074606715,0.27224500669036156,0.3360450479365021,-0.19648153548434066,-0.5253733229810068,-0.3330943016844915,-0.023334479959180962
468,valid,-1.467414035922251,1.1156530140761491,0.5291174890140316,-0.05489424390939259,0.13447290986667282,0.4195982075282743,-0.221250270966913,-0.6025136117217664,-0.9601488882656805,0.03924754380810064
469,valid,-1.511849313229085,0.7504049927717843,0.6016694758974047,-0.04874095775846345,0.20068614428434314,0.47653978524709945,-0.27844284348605886,-1.0117773182984018,-0.6208201413953279,-0.15696855854933836
470,valid,-1.164082385591138,0.733126160915087,0.6655637466294662,-0.10893283541500935,0.1590884165922889,0.30893589497415747,-0.17674204526524337,-0.49752975430505875,-0.39550904206267895,0.34112991761788913
471,valid,-1.6615792034085384,1.0540594898978488,0.40177628944002036,-0.026401225706471167,0.039999547726788445,0.5386412289791214,-0.2013863232161019,-0.44571721861517133,-0.26665718776333125,-0.523620904318451
472,valid,-1.108069655758899,1.3715535037581246,0.5587504662082905,-0.0942321257119988,0.16758326881297853,0.2771088897032013,-0.18293123709468456,-0.5732652728859652,-0.21716468180576518,0.12206788152239414
473,valid,-1.5155345752576928,0.7814489179889015,0.4190050836158919,-0.028264629413281114,0.262994358162615,0.41599158376554785,-0.1865243846874965,-0.7219154125999971,-0.5496868009656072,0.007788188748045263
474,valid,-0.9109085995075673,0.9949698257244367,0.526129525828402,-0.1067181805967892,0.11390471091679014,0.17819053643412266,-0.3197730724182308,-0.5874776217739964,-0.17165349385218756,0.1709053630939947
475,valid,-1.3763675590939668,1.0952526574483297,0.5327509568380936,0.009391511585161515,0.24007597081467869,0.4656295631344441,-0.22925928619338917,-0.5107293422014806,-0.5699336910896302,-0.270569961362888
476,valid,-1.6791651796932234,1.0130195896330865,0.6923911495028592,-0.0683000875582631,0.08861266796403812,0.44378410886579206,-0.13692829068260268,-0.4202164465191911,-0.45544719133352635,-0.5346163266984076
477,valid,-0.9290269872013556,1.6738401621867185,0.3297653966617319,0.0030842622678147512,0.14668309397059165,0.2439703796204464,-0.14409706036195222,-0.34225141341519316,-0.009452268293350899,0.11909673692108427
478,valid,-1.5588432001864878,0.7878768983478993,0.35188352453374705,0.0968172061412594,0.3129729590450603,0.5674119309053451,-0.2555032607831215,-0.7748326993505574,-0.7380382043854133,-0.3999301654618885
479,valid,-1.3401322386757812,0.9047399084023566,0.740331440311887,-0.04846541219854579,0.3058987384395163,0.34202300144045866,-0.34929089121400375,-0.7353020971336743,-0.5015227784488392,-0.18832876171662002
480,valid,-1.5310483523115428,1.127380660513438,0.5593986978514744,-0.07377222888753962,0.09955985526401151,0.5350297494676866,-0.1982125329345096,-0.6241370686676962,-0.6773854731344798,-0.24190111445559065
481,valid,-1.7616026443748132,1.3244657831851887,0.1910554824257298,0.12745790970997278,0.19210372504801024,0.5216875188641046,-0.11021220914059948,-0.4902024037698256,-0.9204495838234921,-0.03691513204198063
482,valid,-1.4206198603364213,0.8315166995551097,0.3830931022977987,-0.07860952913413223,0.08710346732154386,0.39089784009469386,-0.13221449376136718,-0.46702340006245946,-0.6504651576822292,0.3737595899869082
483,valid,-1.7893265774339815,0.4386470462874555,0.6973619367711137,-0.15284984047639985,0.3606986453448679,0.42538036308733895,-0.18341270929194503,-0.5821896723464808,-0.3026096753075069,-0.5407714985252001
484,valid,-1.445549982651837,0.6999766557917728,0.682068940532485,-0.20622028560992278,0.2810953481567002,0.3689377967957026,-0.2341805836031385,-0.37598751297823546,-0.28864095911715365,-0.12091104376861472
486,valid,-1.3119668108148834,0.6345379355270315,0.7349712527771709,-0.06606430073971592,0.36425511959755974,0.41647341238989266,-0.18424773791266033,-0.8145602680517238,-0.6207784588904001,-0.27067568737042014
487,valid,-1.8791494214018125,0.667979528782671,0.38366479998728514,0.009550412402690705,0.3411023528830817,0.5148359324861416,-0.15041672889011642,-0.6411629178508926,-0.5654901340427381,-0.6743883867361167
488,valid,-1.2188249051246032,0.5148351489668279,0.36485783901492186,-0.05877353881083612,0.21622141233435468,0.4922137459302531,-0.3439045842870937,-0.7971228722901481,-0.623960694547482,-0.08179831091593752
490,valid,-1.1119080752465564,1.4205337345135618,0.33426626490206574,-0.004512723102459052,0.2891412199886366,0.17536723092085743,-0.18361163280056772,-0.5203993284960787,-0.23623976222043533,0.03389176630211831
491,valid,-1.2462115841043597,1.3303587321853754,0.29205020915980606,-0.020262252463299223,0.12335945170741813,0.4492571283353396,-0.1244664842834406,-0.4088505583288325,0.11121194707261838,-0.0852519244545717
492,valid,-1.894504651493583,1.0025900868353979,0.5675366170201465,-0.011512700959128392,0.15800217267847083,0.6335172527948334,-0.13521276175415867,-0.4749234361688746,-0.839303774980177,-0.5068388406076345
493,valid,-1.022761322998297,1.5154892551255315,0.39023420677855497,-0.03818336555287594,0.1771088846707414,0.2157366206584613,-0.12344538488937411,-0.3680564176765925,0.06876334573695901,0.20691721036233643
495,valid,-1.6555447286570188,0.6364716654723412,0.4927004143138028,-0.0734795324649318,0.1809864177450013,0.6615945474910252,-0.19614367518109335,-0.5957574482326061,-0.7859118115046518,-0.2950731326104426
497,valid,-1.477975435008367,0.9408433488197451,0.6499083228974165,-0.005632834211160895,0.2497662076693137,0.501855551470481,-0.19316437658366922,-0.7025055306258703,-0.7125657907394333,-0.27659254218232643
498,valid,-1.4199533355801184,0.6531334451972163,0.3848677214696793,-0.07306280945324066,0.13583219068220964,0.5006297316159258,-0.14153727417638978,-0.5481304831427684,-0.6864980290282354,0.19868819969112825
499,valid,-1.2342351744612752,1.2081535867042978,0.2941512219128611,-0.0625866990195396,0.21689307780698744,0.2568714312195881,-0.09742340988515631,-0.44327803748989336,-0.1568180909267964,0.13139861118033652
500,valid,-1.3119201263989593,0.8051640266892123,0.3737885055754314,-0.03878252933743199,0.29055178908665996,0.3484123660882218,-0.6239046150114559,-0.7170960133172509,-0.45609810629931063,-0.11136738514836933
501,valid,-1.4589558481598537,0.9426955226048089,0.7423027401938297,-0.05589664936727255,0.24771894268336986,0.3621816392940225,-0.504708757639049,-0.6367784874633975,-0.6301777184061486,0.02181429955422364
502,valid,-1.202482872332332,0.7049081106318885,0.46703346829547826,-0.08196334998998679,0.1963884459564368,0.2997998650737395,-0.2820308849406902,-0.8757350617138769,-0.5064695780147532,0.055954966373457926
503,valid,-1.4376235697135606,1.2430801275400243,0.4065494610038133,0.01930093212693799,0.21513891372735183,0.28416086172544053,-0.11379424255180794,-0.5686571954849818,-0.10472671440009547,-0.08551197067843258
504,valid,-1.2418325810652375,0.737159601346583,0.4431817248003252,-0.08818954200525786,0.2142637948795954,0.43161208550749675,-0.28173913741021184,-0.8040547984332815,-0.5148413817071458,-0.02806810832191689
505,valid,-1.4796413081017985,0.907194511702017,0.7014126368212884,-0.03501373737191865,0.27134692294860213,0.4476593906251965,-0.18213457107104433,-0.4476660811213859,-0.5848180220410579,0.043862439126675076
506,valid,-1.0458490659414694,0.7556344039655575,0.5111142690905977,-0.08069977082270256,0.17338503035883426,0.2523297295351052,-0.2369224344054481,-0.4663268653891156,-0.21676999571275832,0.2992503182989266
507,valid,-1.3425136950368954,1.2832364572344708,0.7202819015367635,-0.2925011965063855,0.21486837056256522,0.27359662911876187,-0.13346368137941667,-0.4259905612704444,-0.10040400385711351,-0.051697203509545125
508,valid,-1.5974095138276914,0.7579789642162894,0.6176037643961508,-0.14205564884433247,0.28139047241669823,0.38938143805498404,-0.20521877708450204,-0.5194289950558978,-0.36282019153000006,-0.7039584449288077
509,valid,-1.0285228409665788,1.3601289214784817,0.36833526501140856,-0.064011063710532,0.1923586348032625,0.25070689644245975,-0.08325365701488263,-0.37771849912721245,0.0681164434451337,0.16350551757548787
510,valid,-1.299496628881947,1.1095984074029555,0.41995509787215046,-0.06682197868481035,0.14433333646038338,0.3524477370140561,-0.46276755993321816,-0.5547033843295157,-0.4024074101008594,-0.09043462649411255
511,valid,-1.54830787766739,0.5670176149360571,0.5957501898110924,-0.16506655886347343,0.24658417102653532,0.5399820306366448,-0.2292452142551149,-0.6524364143937205,-0.575256904799308,-0.3494901421066285
512,valid,-1.43617959402999,1.1324514469424893,0.7245546017079654,-0.09392727735370052,0.2022868776387176,0.38482879644281975,-0.11591221065874344,-0.5370765817801739,-0.398067098769848,-0.09694071979572047
514,valid,-1.0558657029129215,1.0472871940758053,0.381295610433965,-0.06794047876771453,0.21677080520176117,0.1998713475834456,-0.15560929359262707,-0.46827357519895557,-0.03801172496955415,0.30827037860612383
515,valid,-1.4336932310576145,1.4813500350929276,0.3570688754176953,-0.009026528197114725,0.2414940330339412,0.20825801154761214,-0.16419042125095104,-0.9352754219965829,-0.2558236083531888,0.006948272894345722
516,valid,-1.3172470714062572,1.0510294665343005,0.49951811283746567,-0.05780883704328014,0.15268917406764373,0.3135174983995883,-0.1515608469846367,-0.4064061301563174,-0.5286081248183798,0.1993132911633296
517,valid,-0.9534319248258042,1.3842651766622067,0.5030540209883002,-0.0756204911482217,0.09366204740505239,0.3172822713474309,-0.12032845093551181,-0.3893604274550457,0.09918111142048838,0.23745631836960043
518,valid,-1.1698314991188759,1.0970535153250274,0.3625243094761015,-0.060990937873669236,0.19240103097696612,0.287259472643535,-0.08916969827032344,-0.45192346694875146,-0.0903668616796281,0.15535039176248291
519,valid,-1.6973377626795854,0.5925336004237006,0.4558298891171139,-0.040511209120920606,0.3157346345923368,0.4067351502721231,-0.11169528935984024,-0.5288949849677914,-0.20093067430800413,-0.5098064275205738
520,valid,-1.2409898563126671,0.7384542783725112,0.5130146620462896,-0.07721329959995153,0.1204653708132979,0.4103006209542465,-0.21864125190648756,-0.5530938696197366,-0.4865810229197312,0.1608855882532434
521,valid,-1.4797648230288407,1.1781796588331677,0.8435561802178518,-0.14943790999374854,0.12175729093927751,0.4083952453532251,-0.09956900683453823,-0.45591478784450046,-0.4522759129618673,-0.05783280006972211
522,valid,-1.1574994229633058,1.5152976229230029,0.7216718062172387,-0.09224880465941862,0.09592341108143686,0.2816019531595283,-0.13430526266807088,-0.4321585020378318,-0.3586555388717888,0.09994176136045407
523,valid,-1.0348980263197793,1.3296931556786051,0.48741149524767785,-0.06118633866743305,0.17121933774955625,0.26567645713544175,-0.2060748882902278,-0.447725788804172,-0.22623666040706156,0.07240160659036715
524,valid,-1.5898656679896583,0.6676537770921566,0.5212541948413136,-0.06903228716097398,0.26199637037189166,0.5121091457868702,-0.22416967626793516,-0.9340732332061197,-0.5712820820593072,-0.48660875996287956
525,valid,-1.1925982414105232,0.7254916008789695,0.5103065062010718,-0.09862043157949286,0.19379030695147945,0.38192578708531233,-0.12304284141829704,-0.47910162036375403,-0.30928207411182906,0.13595228715766192
526,valid,-1.369895741615112,0.7008561457405752,0.39823728276482223,-0.06584218033354333,0.15592594471121227,0.33912459826559943,-0.16097569533530806,-0.477999915957824,-0.6410462689408472,0.38254315254083
527,valid,-1.1403401770006825,1.3027036424496707,0.531933329223345,-0.09499439273339796,0.18456436818211985,0.19499543585902912,-0.2753550125259299,-0.6576717340112123,-0.2909315788908818,0.17210773460581089
528,valid,-1.669630945032048,1.1268990023537109,0.72660298510297,-0.06277313840331225,0.08595022857774451,0.552873740162529,-0.1652355865050388,-0.5219371018222866,-0.8812644496805502,-0.16654839771908997
529,valid,-1.432167774793278,0.6178538152705555,0.7459262345841708,-0.036975423439429764,0.23849435383809986,0.4882894829489245,-0.2804621984913215,-0.7425591306493965,-0.6579676104184935,-0.41692847053074794
530,valid,-1.0328172925739127,1.3124603158905461,0.5846638094613509,-0.10081737426469328,0.18815415707117794,0.20859490723405283,-0.08900305052718453,-0.5179242392449916,-0.036664454418965986,0.4289422302394106
531,valid,-1.0981782608771515,1.2369600076164562,0.568621503949455,-0.07605113001765883,0.20563515410282787,0.2030983522263335,-0.17922386453161868,-0.4135272158996349,-0.12118571079106055,0.21654284412518618
532,valid,-1.2239105462155961,1.4709675428250977,0.5225559617645514,-0.050699464616329196,0.19394524502567953,0.25988092691371534,-0.14324873007941183,-0.5390114974485236,-0.3168936339717245,-0.021922964871640954
533,valid,-1.397906958700263,1.0791854799228984,0.6026956623600289,-0.15587998918584944,0.13338665712861708,0.4238639124474422,-0.13880355811964581,-0.45730082099018465,-0.41294259173740394,-0.11360711888412257
534,valid,-1.1538692166830318,0.8791388544867945,0.9329329410028927,-0.1221727633828121,0.030528403547868295,0.22661239782575637,-0.2885813171159922,-0.748139097257799,-0.6402302348516999,0.2291652385663795
535,valid,-1.2146637242744551,1.1433700046277142,0.9104134169949951,-0.11152160120206984,0.09802470882140003,0.3310081553502969,-0.19800712385990174,-0.655260330060144,-0.5009454845846684,0.10874395622870814
536,valid,-1.1485123087381581,1.2815874266898069,0.26226930108085894,-0.04513716353434467,0.19567402312242702,0.24152812915173183,-0.10645147640719167,-0.30575879149202007,-0.12605516712998116,0.22005982598232124
537,valid,-1.6548313240491552,1.116040071576487,0.23790947811063498,0.06840016674400298,0.20827584938442167,0.5981226593056488,-0.23196662141875113,-0.6181764788402497,-1.0192635062157864,-0.2370520979604239
538,valid,-1.187586391042675,0.6790493457722518,0.6900222514890079,-0.1067113460537201,0.24451649184625582,0.31979091726633274,-0.31353961357500343,-0.6905575850688571,-0.37519282170683027,0.27856617448582843
539,valid,-1.2517885680637302,0.9032180359748152,0.42772387904616355,-0.10208927631908703,0.20822709524333333,0.2626640053568546,-0.15058130391160202,-0.6299589825081389,-0.11708983748015643,0.0964551655223087
540,valid,-1.2844916843040413,1.5558419711017817,0.2568103502512829,0.01029216959567309,0.14531880319564117,0.34384745308251224,-0.12979330361898267,-0.5713878801136723,0.048252589223160385,-0.04507190545351682
541,valid,-1.3400045669147869,0.7933633727667994,0.46335793584411783,-0.07731584250982823,0.13659000606553331,0.387404946898237,-0.1892391225519298,-0.5025740541195395,-0.46630674998651894,0.23385962864431994
542,valid,-1.5070867151253007,0.3952042516808398,0.4355832865321905,-0.061979098505677954,0.2102359223296047,0.611052473433016,-0.14431971098526558,-0.5793206664221598,-0.5002366554570171,0.14751568826745448
544,valid,-1.107710284780632,1.543582399397465,0.4164434604719427,-0.004616740368584601,0.22871711053395047,0.20194254626380412,-0.12010397881001383,-0.437841462382292,0.03502601208188008,0.14448566086468953
545,valid,-1.2724612103012267,1.493824511549431,0.4214245356960566,-0.009547586003768326,0.21244034283061813,0.22817396496922923,-0.15317918314898218,-0.3616174369170368,-0.21408292062190262,-0.0561105853249393
547,valid,-1.4133975706192365,0.7040081337654085,0.3241162930756571,-0.017209244985349145,0.35251022233889795,0.3082677114247769,-0.3647242944162982,-0.9702922376279429,-0.49186423070248475,-0.211005730050251
548,valid,-1.1391940030049061,1.420806298093948,0.6290606731987096,-0.07473627480623554,0.2211171528945017,0.2063245009379249,-0.12167752316857854,-0.4603185808051618,-0.2317930268101059,0.1487783588401795
549,valid,-1.1902798183930703,0.599009282060977,0.6218826736414304,-0.10101123472750656,0.23904603233186647,0.2766807957093537,-0.16760812831572033,-0.5605627726349399,-0.25889764452354447,0.34656243786523583
550,valid,-1.0488279446239688,1.1924664161118486,0.563475664905487,-0.0770891343983419,0.16278679219929448,0.19145574166265694,-0.10766932677063236,-0.3588990405727912,-0.07480947209958133,0.2694443635917864
551,valid,-0.9031586870538532,1.2901512092385425,0.800099019055483,-0.11153183633066605,0.08476673665029118,0.20790228310602243,-0.20843579616501853,-0.5467015362416391,-0.2077470982845648,0.2885533422213831
552,valid,-1.616997920676557,0.7614673479974815,0.6959753282117411,-0.06869523350757005,0.22871847479708138,0.3932114885686815,-0.211378671190208,-0.7416608418113686,-0.4324423048277531,-0.7930212173226504
553,valid,-1.475364130630061,0.8618691954810284,0.6687711678557446,-0.06781966249167817,0.25990860803630067,0.4187051389416585,-0.33032893292925175,-0.8582082570699533,-0.5800551591142313,-0.1907208700363846
554,valid,-1.5119672982729577,0.7134158587265298,0.6335516349656386,-0.13624256413719654,0.2639827967663469,0.4458691775031362,-0.11307261848850446,-0.5070585820559381,-0.4223275541809771,-0.14303659855412915
556,valid,-1.2426363138451313,0.7538047933441069,0.8643685427485248,-0.0916199854537046,0.0702123578567508,0.5357989999799105,-0.2926365090980815,-0.7954682796900164,-0.7235339119162403,0.17225347221115755
557,valid,-1.598228715345267,1.20235995548992,0.6975230345957009,-0.05663685496245334,0.2027859633153748,0.4110798374724098,-0.15492352572274198,-0.4648066690282758,-0.9055113323111292,0.019924751010382578
558,valid,-1.644224854372072,0.9923230660064686,0.5872632330654881,-0.06728760932993935,0.22259346327458435,0.5440201708518726,-0.12974813021087056,-0.5292457685491437,-0.9043408663659985,-0.22428695067442447
559,valid,-1.2419013066934637,0.5602391997744591,0.5891858775215896,-0.08826390179332758,0.2900974627601049,0.3474530061196287,-0.2827131876980625,-0.6543312469593298,-0.4781357688407363,0.21258582233328904
560,valid,-1.3880269758269481,0.8054010629369868,0.6065340360519487,-0.1010894782890002,0.2863528123877783,0.41192021572302756,-0.1954592790030807,-0.5705692010119106,-0.4459376530806661,-0.21395039883808017
561,valid,-1.1735879021338185,1.0306391742579204,0.6561193631703205,-0.06396011366386621,0.2708474583053049,0.32415963025031075,-0.23499614458802265,-0.6732495674953483,-0.363126008798927,-0.037387038752030526
562,valid,-1.4467384926269793,1.0998234449781956,0.6336902498185721,-0.05256068307439206,0.185596566196722,0.35989411571866703,-0.19280418448867362,-0.5366033672649992,-0.42896615338712324,0.002865857472934537
563,valid,-1.5744050064620279,1.3006823162058228,0.7143542642335525,-0.05191967943195215,0.16022234807740168,0.43839025094540074,-0.1795204304326433,-0.53968179761263,-1.0077288501136485,-0.05273371047489251
564,valid,-1.291025375544496,0.4779960293022047,0.38125852192357523,-0.07762258478968426,0.20604191300586427,0.4197838705634025,-0.17782774975847557,-0.6228036808327201,-0.46009862169097904,0.11819365848874204
565,valid,-1.203694320933484,1.2265870578299118,0.46726159204805084,-0.04590962685772084,0.29307775165884453,0.19369756552534356,-0.2694211934361043,-0.3536307862274979,-0.05513853522769948,0.12834860097958853
566,valid,-1.4781692121366712,0.6148630760672378,0.7999171046723501,-0.013482087731598527,0.2459948025196384,0.4910661534360754,-0.13946145786170586,-0.5127928208079808,-0.4966620809027326,-0.17734017688143663
567,valid,-1.3825194887886563,0.8748785507473554,0.5531446180648135,-0.042779067429694194,0.3005427057820004,0.4121008077997788,-0.2391076172091242,-0.7335302261696444,-0.45694052506038224,-0.3296031026940495
568,valid,-1.386578622448016,0.8270140584520359,0.573246849543641,-0.08320484438927811,0.25712562316070414,0.29140908156659906,-0.23378599663351227,-0.9019051190848374,-0.3622054144465422,0.0361276155337394
569,valid,-1.554216122804719,0.694774902587093,0.5139754718911278,0.05895042066620607,0.29718817088724153,0.5859765445597819,-0.25193687250170205,-0.8244878263016324,-0.7840848822497214,-0.3752585953268594
570,valid,-1.6697064354628428,1.1554759972529218,0.5041426157553739,-0.00117580731942789,0.12962342784275374,0.49074315684140307,-0.14806503737062465,-0.4508825502761398,-0.8574739636404526,-0.0897121798257623
571,valid,-1.5151784918756017,0.8726610598838881,0.7841943072098887,-0.06829982526215858,0.2126127971095874,0.43037189905521367,-0.13144929443934097,-0.4927919992022606,-0.5916800655751898,0.15693421029072835
573,valid,-1.296797687060888,1.729289272163809,0.4119615121401485,-0.03604592306911539,0.13121830683780653,0.31251092350085685,-0.14209937124223096,-0.5013083932244095,-0.38298384758769544,0.03388679276181123
574,valid,-1.1670861825066967,1.3720522523442438,0.3322638353046003,-0.05247429266613841,0.08696635334966434,0.3931734892939556,-0.1382118731154139,-0.3561570128703909,0.11122594439296779,-0.07089052032519869
575,valid,-1.159920168568382,1.4498335517739132,0.6464267401579831,-0.062011078707926576,0.0951111318787578,0.2725580755789602,-0.22604396765000448,-0.5204439907926827,-0.3742010183697448,0.15347342760570717
576,valid,-1.5571478154832654,0.8964730441348748,0.20442014781199327,0.035006020203532745,0.28461350724935597,0.21601912236329807,-0.3208673133375938,-0.7510937086359614,-0.15427714272559093,-0.8161886575555465
577,valid,-1.2064785668260223,0.8563726901077557,0.29079448448501183,-0.04193359304513616,0.20876617070314352,0.39336576882991764,-0.32007143588911485,-0.7256259430699242,-0.5497591316497377,0.06494587205150867
578,valid,-1.2671784366860517,0.7616724488730153,0.6203107195087729,-0.08440582536299052,0.28397783927827036,0.25510769179844833,-0.2313332762151248,-0.6469681777302156,-0.30766491106337673,0.08969169623767745
579,valid,-1.4748703555657383,1.0238915708832763,0.4485356085879425,-0.06478311043335461,0.17360536164482102,0.3282303290206794,-0.1261404904276631,-0.45006842128274455,-0.81290809187688,0.15010501064787438
580,valid,-1.5247984594000323,1.350827784541912,0.35441707653785703,0.27423958404669374,0.10133432510197529,0.48789076591513014,-0.17819491694712836,-0.41461566087696594,-1.026318713874394,-0.1256669193129799
581,valid,-1.5582537554052007,1.543888628583856,0.5350998391937859,0.06243686124419619,0.20628935848371258,0.23730808268152426,-0.2196411004845315,-0.49837011764983224,-0.2916242673374454,-0.5439369770341378
582,valid,-1.1544257393052404,1.7508408110934215,0.6367917337269962,-0.08569575193536522,0.15025823617643802,0.2186506416365427,-0.11200310115163639,-0.413582410427913,-0.15199301683074554,0.16167516666317056
585,valid,-1.3843287779414233,0.8998950895197271,0.7230752780988252,-0.25924164966522106,0.18549884228278463,0.3560717220360043,-0.09451085843378493,-0.4213422806804111,-0.3089364559107071,-0.1309703722852427
586,valid,-1.5070228238466006,1.2609891501171784,0.704998147429242,-0.1206775579557084,0.17931558597238423,0.3940251861843051,-0.09230371406659309,-0.4423207904231187,-0.22247570590877833,-0.07779950546607346
587,valid,-1.2023699167195712,0.6823806781761417,0.5813780743345156,-0.09480649020686974,0.17034813153096226,0.4517261678303287,-0.1502046933992229,-0.5781580231569516,-0.4362026621232775,0.13562021585972936
588,valid,-1.3938822892268934,0.8716361835745569,0.5435087782023127,0.008585285542007319,0.3268072531946601,0.36226844789978724,-0.3858502760901581,-0.7017948586145834,-0.5128183264541569,-0.3007601096370296
589,valid,-1.1687262198063768,1.6851076680700283,0.6475556062697853,-0.06251627354463261,0.12575711316964883,0.2631450245405728,-0.09019109243750002,-0.3077112673734294,-0.2991506664299526,0.2003910892649257
590,valid,-1.0149005346129072,1.0029712949734815,0.6421812243001968,-0.06577691241162062,0.2702603903346696,0.23970633154589305,-0.23291539870782382,-0.5477538714512804,-0.3152053529538742,0.01045832445501821
591,valid,-1.1956423711964526,1.4078972137845984,0.7342978835985153,-0.08426753777230928,0.23339528929673248,0.21459490764359163,-0.2531587930303711,-0.4427298296591628,-0.1550129550359982,0.1254207710965903
592,valid,-1.4473214178471625,0.809578078467096,0.48063564110978424,-0.055498326586930886,0.24895978950067113,0.4509881349749886,-0.13364348223642805,-0.33409273012369195,-0.39549145125629576,-0.06254348920071334
593,valid,-1.237819303267744,0.957080274049683,0.4944574693372648,-0.0486040014020418,0.19769980293028458,0.36118167439054155,-0.1328467478641847,-0.4658344846965859,-0.3470014874448959,0.16485894665411494
594,valid,-1.1828084562183374,1.7166063294535674,0.4996886890430464,0.028681827457289772,0.239360024101987,0.21304743720447866,-0.10576943914692069,-0.47216348877928827,-0.19113426561763233,-0.06305731158618896
596,valid,-1.1805567850039984,0.9036733100122554,0.4165836287158353,-0.07698733983145616,0.18705283507094167,0.3752987727933372,-0.15671301238342691,-0.5185478192342099,-0.35661472987227977,0.2498322553377286
597,valid,-1.8441943457421874,0.47982972371188964,0.4030769643862889,0.02238561067873158,0.3315245043200685,0.5377331047820694,-0.1319210717527289,-0.5373713523121479,-0.4822574006007151,-0.4875188137625283
598,valid,-1.387814155380638,1.0286939188605868,0.837801545876029,-0.1005257512726149,0.14316601158711012,0.26876688175739866,-0.15704540115807075,-0.5399890032522625,-0.38641781691791555,0.25991133236170977
599,valid,-1.271731689011899,1.3185091248789904,0.37058665618606923,0.04282777890691834,0.29070829834772804,0.17032934231269276,-0.20084033811350108,-0.3744427240069056,-0.0880765394284352,-0.049407075261613906
600,valid,-1.4385783506622136,1.0534374811938376,0.7684030085826293,-0.10268738350225849,0.2131843114017892,0.43273221136035567,-0.14129888091020523,-0.575262149747012,-0.4113485202996563,-0.12442326319998294
601,valid,-1.3822924397282188,1.034446000091983,0.5646321473439323,-0.07147239736851001,0.22024019512384826,0.3513296945585789,-0.10061398493404469,-0.4922643714628779,-0.32974198388579,0.08502968057434147
602,valid,-1.3240313311381953,1.1656002082516868,0.3130004147619896,-0.04488679027391962,0.2194611797784619,0.3393107236166444,-0.23163344198610672,-0.5861349079100955,-0.2608792739202164,-0.3013055184072844
603,valid,-1.699672780707133,0.6333807203596479,0.3250442892219487,0.04379751688908422,0.2199843257043158,0.6423510294570844,-0.35157528834699503,-0.9379725424135237,-0.8273891496313911,-0.41915214383117466
604,valid,-1.432429553765028,1.0454810455436243,0.778396185393363,-0.09140995829779158,0.11866091750010001,0.41001968951473966,-0.11262738089966745,-0.477830201527811,-0.3361278217757835,0.012247237486990034
605,valid,-1.4641400886657931,0.89234764323938,0.46680810911219384,-0.09132653016041549,0.28299072402924924,0.26703687021277617,-0.2861699677592526,-0.7193021730154132,-0.09830332753941998,-0.241144234874058
606,valid,-1.7283919513953083,1.212665249182021,0.4260028462905646,-0.011201027491742257,0.19411388441852562,0.34130934676530006,-0.15901436201308267,-0.6598015636991554,-0.8625812008971879,0.15900460710334252
607,valid,-1.1285878258647164,1.004513765561708,0.5094275859181909,-0.10078619595863256,0.14641695081309888,0.21131236435162196,-0.17680955781503405,-0.537310515672396,-0.15202917935450658,0.267314139936394
608,valid,-1.3228832361169478,1.4380193885258705,0.6388521819842883,-0.0842469333038206,0.21620195791788963,0.32186488620707626,-0.08400765816262737,-0.49862353690055466,-0.15556826972997076,-0.06452692651836169
609,valid,-1.9279802152177956,1.1466665286885558,0.41851291176097283,-0.007538620274854413,0.16498083642092018,0.41621235780448224,-0.10397059043835186,-0.3980175268333983,-0.8453860666772481,-0.5100361611678988
610,valid,-1.5015236538238508,1.583979525190036,0.13563502345271747,0.18677359190492554,0.28092792115453163,0.24335193547241613,-0.08996973702983758,-0.33688032458202877,-0.17297358628142676,-0.4225688202414154
611,valid,-1.330428106272342,0.7635675755858563,0.6761787564858652,-0.0671262678458768,0.15570620354204823,0.5535457641970178,-0.2314028561397632,-0.6721249672311677,-0.7226008856151687,-0.11396913897024336
612,valid,-1.2888721020471408,1.5361729143121787,0.5314709725831278,-0.060782818880265016,0.1416341925902361,0.3119137659917075,-0.1251975152154837,-0.43870375315528914,-0.3163417042747729,0.07932768495798757
613,valid,-1.128909359944022,1.535710347102081,0.5247170518506518,-0.08047014466294122,0.060279594116720805,0.2482961299036497,-0.22500791534606143,-0.47017293100417834,-0.35413553903407446,0.23105495606689347
614,valid,-1.9980191124345326,0.8606670661273507,0.5183134330209772,0.05700489672938931,0.2284836602781976,0.7642609696207767,-0.23942227348299855,-0.8355876844262512,-0.9755322466477659,-0.6976824143528942
615,valid,-1.108042816603554,1.0728719503196302,0.4304353302800267,-0.07043838464828792,0.1664386657550164,0.28485318113221914,-0.20065437072421902,-0.4543744931758192,-0.13111019534100127,0.13974843256713257
616,valid,-1.3233141615332773,0.6640753923797708,0.6228226434630476,-0.08398367248859366,0.2676418396852518,0.37741268754580076,-0.16764847156112797,-0.45906762146280256,-0.272999737955697,0.09277822782417078
617,valid,-1.1767594122112721,0.9167075589778941,0.7072790289980045,-0.10135134979667913,0.19192073078804062,0.3500627002921736,-0.14850020738866732,-0.6259631251141483,-0.37806484458763406,0.2266214457889057
618,valid,-1.801150906379261,0.9551078735279186,0.6472245134103323,-0.21546849618664682,0.2331675659894365,0.4261636177525568,-0.12694437595187952,-0.5756435050937112,-0.404888539709607,-0.5575785278919526
619,valid,-1.2018426631280092,1.0355779167497647,0.6259118143634593,-0.0586704931948166,0.2114455436813407,0.31711297151476087,-0.10745267829034423,-0.3682416287420653,-0.40063388776012565,0.1533584347668986
620,valid,-1.1831335965872272,0.9851408130281881,0.5043609900922282,-0.06650003528077786,0.19609247503631652,0.30811647552403576,-0.14614715419357582,-0.40323456817271697,-0.34971062943083087,0.18810760180805491
621,valid,-1.2701655487671464,1.4810585044841895,0.4874122436075735,-0.008626290100270011,0.21534902294684222,0.2803836416652131,-0.2458088225333811,-0.3312972082591802,-0.13820158830990872,-0.022308813784873427
622,valid,-1.4525608603556448,1.035689309689579,0.8870349869734131,-0.07463170417718783,0.12904581512956723,0.4250478821201405,-0.1616357605423762,-0.5650765459109532,-0.860309051000335,0.13460538341384765
623,valid,-1.3049698549820632,0.731654667714602,0.5015983854518539,-0.09375628358483193,0.16084894129726754,0.2555402915767979,-0.3081621274229619,-0.7117378722704834,-0.3227674311973711,0.244129271245685
624,valid,-1.28880259884984,1.726114581052772,0.6036236391092896,-0.08150048815835298,0.1122387531277199,0.35266648320409427,-0.14627193115845585,-0.5486293003636397,-0.3757392468597082,0.10923992536193695
625,valid,-1.2729897722565804,0.8179146333617983,0.41462977951269014,-0.022935669625960078,0.3130449293818042,0.33835723858518324,-0.23888373663249843,-0.7743511413075382,-0.41271607521166465,-0.21255661736398423
626,valid,-1.6129969008693237,1.160641879070498,0.5431969166864488,-0.03980574371465749,0.20027247433564338,0.4938864620100882,-0.17149764794381012,-0.5269083836905191,-0.9982325517886538,-0.23052516090647857
627,valid,-1.3285017600134752,1.0328374263442146,0.996135671863382,-0.28356263788406344,0.2638685299832887,0.31232705061621313,-0.14642138506022181,-0.5446786137617089,-0.33729271745947104,-0.10934932396310541
628,valid,-1.3923935160010867,1.1063734097611997,0.573713697761611,-0.05185311382039871,0.2516466275231845,0.3658008564191746,-0.18987654017675865,-0.49962333823992056,-0.4446011907963178,0.043739419773505775
629,valid,-1.3880468353545439,0.8797665942481212,0.3552842102434797,-0.07549668889799997,0.10982433494579977,0.3410497149394303,-0.19524373726490207,-0.502242930013535,-0.7475290989321061,0.28800917121935055
630,valid,-1.3573462828607412,0.6737928778628306,0.5208506670192113,-0.05378731843822441,0.310379467138324,0.3563662633410556,-0.35317672219774465,-0.8932602280631335,-0.5726945060574019,-0.15434934432007522
631,valid,-1.6960177290066987,0.5780977907866478,0.6361268146429226,-0.06214597266575181,0.3336401249968158,0.34779692562631037,-0.19427293895713946,-0.7178655531774676,-0.276432502549399,-0.7403808297311985
633,valid,-1.4541695684269993,0.6838801138330577,0.5653126056331191,-0.03293727998985572,0.3284530485512905,0.42910567233672836,-0.3242841786726994,-0.9364258479305952,-0.6771461580718626,-0.18169051247646265
634,valid,-1.5909807951999912,0.8878837390220439,0.75853627344208,-0.071428822001671,0.11223991541784947,0.5335210748820401,-0.242658394691232,-0.6409586725020582,-0.48243923767295716,-0.6657611094505402
635,valid,-1.2157715982809918,0.8460991619955743,0.7978277626553795,-0.11173268321443652,0.11579347863630997,0.23849788506540356,-0.24904258952659702,-0.8361238568602232,-0.4068839920813647,0.24496066053022894
636,valid,-0.9877294790904146,1.303203281301692,0.4836842188739459,-0.04651593770782839,0.2020628328453641,0.2251192952385522,-0.17010300644846932,-0.4178643062246407,-0.24698844735753506,0.0499059816088778
637,valid,-1.2435850423028336,1.1166152120223212,0.4882046616392978,-0.08949829772376489,0.2100078340166022,0.3241074031150455,-0.1496346332759042,-0.5068354584709512,-0.13269404458106626,0.03282637051242033
638,valid,-1.123577103267181,1.4222396345815784,0.5266192029413761,-0.04312568468361403,0.1950681305099215,0.3063350625950679,-0.17152797686975402,-0.4223930843230731,-0.28419925213396346,0.003628490107339965
639,valid,-1.1443393278937077,0.7238335364396735,0.4379671663893437,-0.09251693010280425,0.0820229070198982,0.31773394105312297,-0.29274158263135736,-0.7145547506612756,-0.5411957130643292,0.043501042160140696
640,valid,-1.412087390088255,0.683038027966142,0.7605112328803826,-0.06927036880259826,0.2440801227435832,0.3987774427392577,-0.2957614124921057,-0.9881381556318659,-0.6563961091373521,-0.07338203485907731
641,valid,-1.243318715661639,1.4154449476368611,0.5320847196776867,-0.06070381169316104,0.11181607652662096,0.2723391350462459,-0.18226361933777616,-0.6180565060526242,-0.37688311053783125,0.10300057062995138
642,valid,-1.2841560222786914,0.8667564421825175,0.5491018793799929,-0.0892919877192291,0.0763899011075693,0.49674411856056105,-0.34082276069489154,-0.7357455832332738,-0.5747340297279805,0.05051735518399142
643,valid,-1.360415594860466,1.0059756881898017,0.40132932796462367,-0.04345194952442564,0.2367232464448389,0.3648841651587769,-0.09042829080265308,-0.44611485036684406,-0.35234606619842723,0.1655839771957662
644,valid,-1.2607934858392924,1.1330624940318692,0.6507851506742771,-0.07858327777418349,0.2042818611559488,0.27840281080624607,-0.1276035422791492,-0.4246787385167831,-0.3495288565773061,0.18502278440676778
645,valid,-1.3982773560688955,0.5924395919065979,0.5545650673773653,-0.04095662855206484,0.35703320276065165,0.3609577805186121,-0.166260188955301,-0.7269414257855418,-0.40088782638122833,0.042822123371838286
646,valid,-1.4863355383564154,1.1372104172970054,0.7806340230971583,-0.08640258022476727,0.12263155055471821,0.4160722385124418,-0.2669999817346127,-0.4851612970974626,-0.4263885749736836,-0.0906571118229776
647,valid,-1.2702834214627716,1.3171214866974867,0.7406425937725358,-0.08627587426950872,0.1927321672015083,0.2634719628053116,-0.10389421943255409,-0.5001808250967988,-0.16914173747967032,0.09823493554916353
648,valid,-1.4399466984023612,0.9569133132944619,0.7989013366118386,-0.07688099681752641,0.182436753260023,0.3737972791548533,-0.2449846619148711,-0.4019038195880299,-0.7791675376188801,0.20128066904690645
649,valid,-1.580821614199225,1.275547638144011,0.5548462912829644,-0.2073317422933947,0.16518832647467108,0.35489876868169956,-0.1410765404736848,-0.5470864585433364,0.03049816707472727,-0.6610207174466309
650,valid,-1.3153030650354882,1.4115055029685497,0.2576106129558844,0.04426800409253086,0.22209587510183118,0.25631493826667845,-0.16758446583647868,-0.29509376759587264,-0.14226286474085575,0.010674135664945163
651,valid,-1.168042329150793,0.9198369387209194,0.6844542185737238,-0.09987020285544368,0.05777706179359244,0.37766575783544093,-0.2809294112638711,-0.6644313367328002,-0.48518652743908236,0.06831162583406296
652,valid,-1.3309487963796505,0.9654872675139777,0.6709416203850732,-0.07427790159862964,0.2058398928846557,0.37395255559056884,-0.24945072666954693,-0.7824871514125571,-0.5467590053999878,-0.0317351547439247
653,valid,-1.351220237365935,0.8423588747416227,0.3588442521279326,-0.04227122317390012,0.14184975240394318,0.44867496747196517,-0.11382028770185496,-0.5311123356596443,-0.43677022120814635,0.36762041273342916
655,valid,-1.7165484487001696,0.7928575085062591,0.621717896762472,-0.06770956889639668,0.3220961952020802,0.521480344634698,-0.19577834358448665,-0.8233863545371771,-0.4693256795287097,-0.808357592049957
656,valid,-1.642486931002705,0.5875036911938283,0.5621997545663119,-0.0940082130963866,0.3059437405322423,0.41144931435385534,-0.28244158164444066,-0.8314647913661986,-0.46484812690254,-0.8281852328289939
657,valid,-1.4175153601446588,0.9383941168212485,0.4950052105833478,-0.08156395781288216,0.2367900640760397,0.37380129834617093,-0.10988898906684558,-0.5341723835728595,-0.391132179328411,0.0029482140297762745
658,valid,-1.294136186095474,0.7739577939746363,0.5060302501482673,-0.05276773096365872,0.2818275061103554,0.35057921012830856,-0.2819584618836256,-0.5459596615623732,-0.43152000302598975,-0.00046741779725752
659,valid,-1.5243151734458313,0.9648193952264447,0.7027776585282078,-0.057602365170404325,0.1149406439127462,0.5464256928147602,-0.11661684198664496,-0.4968642651951162,-0.6190065714233296,-0.058994110588547026
660,valid,-1.258631890854278,0.9902483435714282,0.6536997454542587,-0.061972463430981686,0.15633460225190826,0.35075583223922147,-0.22396349190758605,-0.6018027572601842,-0.5019317821898142,-0.10672764448031508
661,valid,-1.2864987507965562,0.6277243877380724,0.5112591583852872,-0.0648795551637188,0.22533881128030683,0.38962522645663883,-0.11358673333219096,-0.4424289482719529,-0.4162971749273203,0.23545163054082094
662,valid,-1.1158806032490476,0.7483352122285142,0.553117518254039,-0.07596103784654612,0.22547201030293773,0.26974411602521897,-0.21088653258909096,-0.4689715932642137,-0.17811963355512586,0.3686666436887481
663,valid,-1.1736457849757942,1.6978276381362458,0.81228530063522,-0.08912310251410306,0.09099443419010889,0.23641614142685308,-0.18683703586772002,-0.4607908329149408,-0.37038571663607217,0.15977453092021807
664,valid,-1.0388650733980582,1.158737903967036,0.28004507648001437,-0.05608988249386136,0.14688313851385393,0.30965126604729803,-0.12975931061851448,-0.4928989539925475,0.10845249948295377,0.2681237779629867
665,valid,-1.2176669607776787,0.8086473289065604,0.4281866737542628,-0.06147227509118174,0.20854651470635885,0.3171007881326318,-0.3406816990854693,-0.7569764530170523,-0.5423725625886939,0.04226515419872971
666,valid,-0.94488531441182,1.3233424328767358,0.6774750606283366,-0.0789722481931406,0.16343439993992703,0.20084293158912042,-0.11422322737525394,-0.4033753363949931,0.0664466524203661,0.22736609118703832
667,valid,-1.4265861918921106,1.2170960325067977,0.5842157970405287,-0.07343145556555947,0.1942934561167587,0.24896847095197955,-0.17167072735532232,-0.41342038379294926,0.028647028015377465,-0.5543811545651034
668,valid,-1.1753377833349838,1.371650591053666,0.7040129957722144,-0.09607316857703777,0.11304282396766559,0.26091150351999626,-0.08737555696808227,-0.4155660611984148,-0.24553393803126863,0.3064420625310491
669,valid,-1.0820285674825576,0.9278762798311869,0.6644662798627673,-0.08077944347086227,0.20528025254382715,0.35986752138896555,-0.1788692575361656,-0.6105448876935968,-0.405811988762892,-0.004880967387249743
670,valid,-1.2755383292368505,1.1055326284522167,0.8541794990944419,-0.002788087369221161,0.2750668682934683,0.3256524222132581,-0.21210043740209514,-0.6285002893473297,-0.39693413970459024,-0.21987932045782457
673,valid,-1.4924188692945624,1.116053496533805,0.47371262090942035,-0.07141735126537047,0.12877939390703316,0.4177310541897169,-0.22501086589170993,-0.6134110399841013,-0.9572274463475264,0.02136727678711811
674,valid,-1.2159522881027784,1.2732909054387749,0.7319866047919568,-0.11094286713034879,0.1926546944426182,0.25394641982796007,-0.0891215082102652,-0.4048972263992047,-0.24423400582675434,0.06920698696369176
675,valid,-0.9871789022866237,1.604136330080017,0.39016345656134943,-0.026348429843243894,0.16398801697585183,0.26048994649408225,-0.0911142977477233,-0.2819203671094256,0.05154350261489883,0.12343876591559867
676,valid,-1.0440255237417826,1.3830465340449336,0.46060507615240476,-0.10729540509784151,0.22980890238572974,0.1742204744915665,-0.18352523311349497,-0.47217989134650623,-0.14270714191534734,0.39387690628568683
677,valid,-1.2369255025652675,0.8836898977531664,0.49001743126736325,-0.050397811250800235,0.27011793446145765,0.30454577843949204,-0.09092391789175255,-0.41373064197209664,-0.21959553018992126,0.1419996076149461
678,valid,-1.148756982940867,0.787604382153466,0.3254031407495545,-0.06828951329231878,0.22927618928137442,0.2342640216608917,-0.2560491731963903,-0.5011267770833651,-0.23264101262991924,0.28860808238740754
679,valid,-1.1476552361410608,1.2130087640278393,0.5775072021879798,-0.0932322769875545,0.09202188312388114,0.31761153896711997,-0.18807940123152683,-0.5889755718890405,-0.3755973308241229,0.1324575435109346
680,valid,-1.0617264236044788,1.496988404249909,0.4528726009443262,-0.07098398418770538,0.14937818920328283,0.27937455546780976,-0.06373680292558549,-0.288412073779241,0.13528986408432797,0.1825127481836203
682,valid,-1.2232882501045286,0.7213400614957038,0.2535437273563969,-0.04376439132571269,0.12480660886488688,0.34061618240711883,-0.3277263955641636,-0.8402985572495472,-0.44102284982328976,-0.02653930439380687
683,valid,-1.5216454895439842,0.7657100699340992,0.5422453691492447,-0.10842577909871629,0.20030832798039166,0.532925215507549,-0.23873751705144058,-0.6407776716768576,-0.4437255728534864,-0.30814507655743545
684,valid,-1.3494193001453192,0.7642953667031125,0.5825539797303432,-0.0755691749636098,0.165810183900318,0.42621262396916443,-0.2594721340910041,-0.7993700836419884,-0.7531664832286751,0.012848823674018326
686,valid,-1.5636062663748336,1.1940007104959462,0.45721405652979313,-0.042436756957000055,0.1360806832861499,0.44850917712991156,-0.30986582230059634,-0.46966651821746686,-0.4662751360638287,-0.06721049189071149
687,valid,-1.427256904577694,0.5740819704668961,0.4583113911444394,-0.07925555880925521,0.2660569255562377,0.3899261716663829,-0.25194651405320734,-0.7887422406178183,-0.5145796544870771,0.12505427496052757
688,valid,-1.2641849383270078,1.2877045584094122,0.6097460087626649,-0.09435405997041185,0.18140724606864372,0.247023665267377,-0.34364156914499094,-0.4248820916727886,-0.09521733986530931,0.1267865835000217
690,valid,-1.4278059548189928,0.6109304459305751,0.47407516332951266,-0.05752193208213625,0.2719899271316961,0.42951131495257683,-0.20666030362307955,-0.8550021483015052,-0.5765848841244946,0.08032489627604644
691,valid,-1.4421014414751594,0.8040852935317733,0.5919358144206704,-0.06254968187152292,0.22887571520382302,0.38848993153688044,-0.16755089154870184,-0.7520680992931857,-0.351415076532239,0.019746703859104174
692,valid,-0.9236094161874183,1.2931933462735128,0.5932815466954311,-0.0867957167639962,0.10435259057999573,0.185738579198653,-0.21414232557206045,-0.6237566524283576,-0.004019893460683243,0.22351021005744653
693,valid,-1.4486188692507673,0.8704853854646246,0.8152534221498794,-0.03130430280253946,0.23507008584272704,0.42928117488629763,-0.1778797308590222,-0.5721440245545717,-0.4763692344947058,-0.15872652032447873
694,valid,-1.5266702974207607,0.861217941116386,0.4827779334296297,-0.04279300771456471,0.1689346400778485,0.4875471786021534,-0.23001683144203042,-0.619807801060597,-0.5118146232088873,0.0709495216868365
695,valid,-1.358037989511946,0.7022117712345749,0.4152586746108152,-0.04827917954248016,0.2685970218505683,0.40329621158220513,-0.3129964502427303,-0.8297528186734773,-0.5431631384663224,-0.2152561352341385
696,valid,-1.3735651741876873,1.11503998653814,0.2970982997941228,0.007164825337874294,0.13225751386605522,0.40678534199976113,-0.2550188837096024,-0.5606732878876668,-0.9610813093169831,0.15728982807229458
697,valid,-1.7564826360843864,1.2046180794724588,0.7315311277009778,-0.1361618371655768,0.19403903749783522,0.22012007727585434,-0.1781895158269515,-0.5443374355153959,-0.2645371245923762,-0.731855609955177
698,valid,-1.556487526917342,0.7940975822694275,0.5610910985596164,-0.05588042932493129,0.2162042837176822,0.45874935897342045,-0.17767284071356323,-0.5683502237281071,-0.6212012352588723,0.04518638221530629
700,valid,-1.3246771876682204,0.7030409437432705,0.7483173232310236,-0.08217883141463224,0.2866075178858098,0.3803352492299601,-0.1600618750536363,-0.5802531422243161,-0.37215486807422377,0.04607538189447488
701,valid,-1.6488166231220016,0.7548661229149032,0.6352254872780515,-0.16994119558067444,0.262187998525266,0.3309721329753918,-0.11725970803342783,-0.40531694158943926,-0.2188103571202329,-0.5755038754723931
702,valid,-1.0763658365735786,1.27911868546647,0.6060091245873234,-0.08493267127294146,0.190250539872498,0.1451865083270078,-0.22237219442305997,-0.6315451552306359,-0.2417762300696331,0.1321784062902581
703,valid,-1.601166476901605,0.6831762353736079,0.7468909919014591,-0.09378141511044205,0.2347801565073399,0.5324618345094263,-0.14351174966128652,-0.4607622981631734,-0.5372868155825847,-0.06280938238397224
705,valid,-1.442552644116081,1.1035740100034857,0.7707484737861222,-0.15245175204114994,0.1456392460687896,0.4588138484111128,-0.17710880498989826,-0.6236015921543787,-0.5882128536906884,-0.2059045067277777
707,valid,-1.2198057995192058,0.6752628122785084,0.6767253948056483,-0.1047288043262814,0.21857428368691215,0.22682400606402903,-0.07296320677301506,-0.5879516654966344,-0.19038966854925135,0.24180472577655235
708,valid,-1.3182353366521917,1.0516008252693998,0.6164505603840789,-0.05969127483862833,0.24297802560977771,0.4231260936260581,-0.2558660566498015,-0.6189667895943858,-0.5213499845643089,-0.12315964792938243
710,valid,-1.1084981787795278,1.6249547452053439,0.5042063155998658,0.201567054722416,0.1702143947943251,0.2666805482071094,-0.14712717333463718,-0.22679365084887007,0.11029941210320156,0.07809490556118207
711,valid,-1.4460019427368458,0.6545477026403562,0.4935387396612075,-0.05895698060532602,0.2661862093561771,0.4266047502666152,-0.12162587197024644,-0.557319841048976,-0.37852232767931787,0.09432436074203371
712,valid,-1.2846565160269863,1.5492886289050516,0.3295065941267939,0.1371161160663649,0.2170997216843563,0.2405664862530879,-0.08429594022433258,-0.3279257786792517,-0.09434164624763675,0.029111894657258178
713,valid,-1.3598112245660743,1.1833391947655603,0.54711046659172,-0.06537858040205229,0.21966033826768386,0.23991353392895526,-0.41681940228412195,-0.6208006193016021,-0.2161707262962199,0.06825379807501512
714,valid,-1.3349696131162232,0.6522166584510047,0.5386744076354666,-0.06914559878672746,0.24655243073881594,0.3839810367177074,-0.16192899358896676,-0.702761509267454,-0.5631119788196262,0.26244237306992546
715,valid,-1.2047468386683426,1.5286915902981266,0.44601921933591526,-0.0445636400302939,0.09048331638736128,0.3514141977341165,-0.09324966978958371,-0.3537348771940177,-0.2596913611854713,0.24797326681059398
716,valid,-1.2815299299687333,0.803018218797942,0.7832883121533322,-0.08109755580996335,0.23281985906294034,0.34225228007729847,-0.35133865225101807,-0.734859381893791,-0.6798210550351115,0.006239615294563502
717,valid,-1.2871633144058545,0.8898993147595761,0.2793409164046376,-0.010613718265532618,0.27038614942720596,0.3806386709707789,-0.23184617362981763,-0.7743534167472604,-0.4467526409276789,-0.1356822329827543
718,valid,-1.3268583583316422,0.9503683760658632,0.6766708925333134,-0.0778370728914429,0.14045215955631596,0.35655455782131934,-0.1510321110363866,-0.4615005160126547,-0.5890830111004618,0.27392423641158636
719,valid,-1.3875014075254462,1.5494964842351937,0.7255568382444382,-0.08543533158029556,0.12398996074700556,0.2500207260616911,-0.15020123520393638,-0.7023792530457584,-0.2934209877418203,0.25578625673039357
720,valid,-1.2932920301615238,0.886357620153081,0.7313878621249591,-0.09339873399264335,0.2885925314814619,0.2745140003639333,-0.2635740272445332,-0.5624346013468675,-0.2701500720940162,0.006059212695155849
721,valid,-1.4887621192037415,0.5307509841416868,0.4765792754765038,-0.043390845799599405,0.29126357483712023,0.5486685587482184,-0.09124538828785893,-0.529668950935732,-0.52959362464485,0.10606553089565193
722,valid,-1.0794074323696397,1.565333327618812,0.636019379357742,-0.05901889521501156,0.14181388310061985,0.26909286197904214,-0.25075440129997323,-0.33894495238813294,0.07293208689308114,0.10475520257781308
723,valid,-1.479251280241503,1.0810575021705164,0.6462763610943536,-0.08011852640270749,0.12958054057825885,0.36218103678318675,-0.12393136703901907,-0.4853181114042137,-0.8312880779539767,0.15132194339809868
724,valid,-1.182580368326591,0.6914318175003143,0.5108412547053426,-0.08113645711525251,0.18824776792982886,0.3756583814533991,-0.16714703227834957,-0.5644348258191618,-0.41562994856892066,0.23192900750108217
725,valid,-1.4477596534096189,0.8972676964609183,0.39485556001141614,-0.03338190828103516,0.22061537265402714,0.3474404561178319,-0.10593689089868322,-0.6887642473310511,-0.33433764870718946,0.09041956750781315
726,valid,-1.3012547311560658,1.1132916634574483,0.7710345085639095,-0.06571346686359088,0.22332186197186812,0.29007444271500876,-0.28118675219241496,-0.7026502738836704,-0.4986595435315374,-0.03405135452223284
727,valid,-1.5679571462117605,1.2172821371495808,0.1850990991616472,0.02124219165898514,0.31900083419321007,0.19959174307284042,-0.20510365917761123,-0.6285613735930212,-0.224909544081325,-0.7152702621312187
728,valid,-1.8633590086464191,0.8059206402370932,0.8173649760332782,-0.027530314265645957,0.1339149064274113,0.6571857997963501,-0.1845409579851839,-0.5502912198605818,-0.8019552195516104,-0.5713441865815098
729,valid,-1.292025111671557,1.4112211573725661,0.8745645644542384,-0.2699620546603925,0.1422655563280774,0.4093819603160195,-0.12298969194847933,-0.6171175094104139,0.048074015315225295,-0.10915740337662469
730,valid,-1.3580355215668332,1.2736640930690257,0.49698149131240166,-0.058445718769309915,0.16665593604062393,0.3018936143668669,-0.268736323458915,-0.36597969550500997,-0.22262841276088705,0.13063546980626245
731,valid,-1.3592722119679264,1.2075546470440865,0.648510765551184,-0.024174899959495913,0.2430623500069075,0.3575855668355302,-0.3996753126845358,-0.41307752897145905,-0.4346711236156376,0.010613891527109792
732,valid,-1.2317681965398828,0.8382188386201201,0.5436242065721143,-0.09498974927644611,0.1111970174708938,0.36441259592387676,-0.13899356740182678,-0.5149733034840271,-0.5995766726523949,0.30097857719947646
733,valid,-1.5722410674566283,0.9089407729403801,0.39378994551914975,0.11988610731982896,0.30210013449582707,0.5271819396315742,-0.32792521572755606,-0.7727018674509746,-0.7397484227565136,-0.29854274360172345
734,valid,-1.2353512656668482,0.8261379926006838,0.7509756555323951,-0.1215144340502125,0.08418475393984576,0.1821533994277412,-0.18536615900387382,-0.6196412539249108,-0.26543110126927627,0.4387443983793063
735,valid,-1.381187239349284,1.1545477471426475,0.6666014343895827,-0.09241953798301708,0.19164492799692043,0.27513051182545384,-0.21021903212191473,-0.8624106680304704,-0.34742664000912005,-0.0638357096377133
737,valid,-1.2124188783024827,1.508217876770733,0.4403852522271987,-0.041381304634203704,0.14130109860484552,0.30682709607665853,-0.16121181995209966,-0.4079629280904672,-0.3735841971561767,0.0012590319430736412
738,valid,-1.3256317388732555,1.170542385586386,0.5288117047276898,-0.03278890805751577,0.23208445041541095,0.34030325903890785,-0.14817216918120799,-0.4814877974155086,-0.46767627356103997,0.06495575003313336
739,valid,-1.651307302686422,0.9338316028260142,0.6299319069291148,-0.04366251199316487,0.22233718146742637,0.4801197147881762,-0.17349851206403674,-0.6429358459144481,-0.8321721077170727,0.004731046843530469
740,valid,-1.1941863092109457,0.7190421246627825,0.8589918969577728,-0.11237536361099551,0.10501355594615244,0.32024012459900025,-0.28252242744316103,-0.5411468467098696,-0.540212135395578,0.3474841347938768
741,valid,-1.5711785190929388,0.9724597363045081,1.0077617334228197,-0.22948135347949117,0.23101858998682404,0.46504879275669403,-0.06934492480871321,-0.6239314265914936,-0.38039621594451606,-0.12005134478529741
743,valid,-1.4211711157589337,0.9561035514746763,0.6903978406454413,-0.051222469528560105,0.15053067081460564,0.4166317901528359,-0.2585898966668721,-0.5490373634861785,-0.6604230736442089,0.0898720331249659
744,valid,-1.3367556303822197,1.0704543214929274,0.8135485707897321,-0.07238972159415415,0.20496405867546308,0.35540404013834725,-0.1577099074564617,-0.46776470209508686,-0.30537503665491383,0.21523422695225117
745,valid,-1.6454015658951637,0.897469089980398,0.35868381776626246,-0.07423140462286337,0.14405097898535726,0.5571257281556611,-0.1794571064331736,-0.6672568957293588,-0.5758548750765942,-0.2322643387360271
746,valid,-1.1833538002252064,0.7292359359918525,0.6767450932189423,-0.0712860529255631,0.22599270394303111,0.31693427275653985,-0.2318515083779578,-0.5935871124340959,-0.46304134783208717,0.19685085676366507
747,valid,-1.7488717669341094,1.3226626211508141,0.5640189616106824,0.01938910441440831,0.14927969519117182,0.4724802430302074,-0.12558016769844582,-0.5662415519082217,-0.9267154010905356,-0.040626368356799676
749,valid,-1.3103223296437496,1.2042881002453032,0.7284867813349093,-0.026969420651317914,0.21869429519745276,0.3122250368662961,-0.26137122698063014,-0.6121372099701942,-0.4986150378736822,-0.09220401871116712
750,valid,-1.2019876640229743,0.7901277965895924,0.49581892962406693,-0.06002950647420356,0.2322348416391786,0.38558893838581887,-0.2652355929045699,-0.6590802233145112,-0.5929442668967866,-0.04373857563822889
751,valid,-0.9267505401962344,1.335054696860118,0.4031728138135829,-0.06721643337725897,0.17515881376460618,0.20695841418538266,-0.13145838972307122,-0.4861390275735457,0.026933039625247346,0.28490957458296956
752,valid,-1.273055587461964,0.8717433824395077,0.46050628525180687,-0.08476787552848286,0.19849933438887662,0.399095674889751,-0.14910496326443198,-0.44099768398507777,-0.30980399550831417,0.2770053560262175
753,valid,-1.6337313627940229,0.8596820811921655,0.263935795945015,0.24042285302568905,0.2513488298921955,0.34007838126326484,-0.31014516114934815,-0.7189812729165447,-0.553033237359972,-0.7064095767083453
754,valid,-1.21963248416949,1.6596109397559162,0.40182896374235616,-0.03172323107052652,0.127335071339589,0.33032625001363225,-0.17038425552415692,-0.44655500425698264,-0.3643434152176868,0.13066711990713092
755,valid,-1.4632188133304456,0.71096132257906,0.26359403324332653,-0.04482614981093906,0.29452032880350254,0.362999945172959,-0.15056294280424456,-0.5332661527205167,-0.24461239485261246,-0.19731768173709538
756,valid,-1.373005175735467,0.7370021868282152,0.5530657075075857,-0.04142269109460517,0.2936656710576616,0.448593603140871,-0.22733179988776672,-0.7874276470486189,-0.5878818230134897,-0.26835055859694285
757,valid,-1.561152329993867,0.7725170453227197,0.5820824441968381,-0.18661940265453347,0.17344232738803889,0.45385715995922715,-0.3196750382429592,-0.8369610183443584,-0.5167337301818402,-0.39313131786942607
758,valid,-1.346497940890933,0.9421694803308927,0.6207969967166014,-0.10166373810589234,0.23859705659227806,0.2797393555573268,-0.172468043051765,-0.7492224342420498,-0.14664362586938406,0.039930112454937154
759,valid,-1.1312933532201617,0.9637343119136833,0.4671599738696942,-0.10226703699842823,0.12348372881731706,0.22778769101859922,-0.26477345372205435,-0.7928255473023753,-0.30449772145806236,0.09375347321048323
760,valid,-1.6400169169411196,1.5224999380903645,0.3448073029429086,-0.008030967722377411,0.26254370121049203,0.2355861821102719,-0.17319849550984903,-0.4694444786522591,-0.21172671534819273,-0.4202482901103652
761,valid,-1.19927777350204,1.627595985519299,0.6706870153586548,0.05070234971532609,0.2218791572399005,0.2932116465562456,-0.05436563808977188,-0.3655753179049922,-0.08547119624273147,0.02648173124074482
762,valid,-0.8773497872528551,1.3211322217481531,0.5329096324696994,-0.05681768413934945,0.12389589029065917,0.25248665366952205,-0.12220623886691562,-0.37861295594588396,0.05881938889089055,0.23866383249214163
763,valid,-1.46867242753608,0.46752677326068626,0.4928240239739758,-0.07455583951175895,0.2501875816769623,0.5130898896773902,-0.12936311678718945,-0.5360282301489102,-0.4262683276973188,0.062485691582111307
764,valid,-1.5283711565827633,1.0756310841905496,0.6083378155001877,-0.04996771334503874,0.27331466632660417,0.39681431999478933,-0.11346671936286123,-0.5326708885372248,-0.49600122112733264,-0.03459507385827383
766,valid,-1.1967208855479998,1.6931895855585788,0.6283988254048758,-0.01857942468716403,0.19703532006369417,0.31318812151206893,-0.18751054906600098,-0.381609836512103,-0.21423841468014876,-0.04159266625953566
767,valid,-1.6214311711083453,0.8126062671153658,0.6198972525877626,-0.021012720446045942,0.2300455013059647,0.4363925233646106,-0.26552218531330607,-0.6137949966711207,-0.4312994996653134,-0.8583838926050306
768,valid,-1.3872618346640575,0.8559417824611045,0.7809180060776431,-0.06166945026520574,0.27463977746346796,0.31387137718346864,-0.2664904169360113,-0.6170489712658499,-0.3607540807443249,0.10242837413790813
769,valid,-1.0349670339151242,0.7005457249610988,0.510620132771787,-0.0836864640096156,0.1762987245896158,0.3185509541152467,-0.27143670220834976,-0.7625822697202086,-0.3965027571148463,0.09439253961129546
770,valid,-1.44063869664403,1.3168755246441428,0.3803499247017554,-0.03042001474689209,0.13987715080147028,0.34522542166539544,-0.15605458999123048,-0.5008326425673596,-0.2814055629354648,-0.0601071537022985
771,valid,-1.2117599843973783,0.6241348642116396,0.44738961461626897,-0.052082471524268724,0.3138236735351105,0.34055802410798147,-0.11922931121137234,-0.5139858730445692,-0.3112323903968743,0.2956190568122897
772,valid,-1.293099231385447,0.45855055959249447,0.7314834580170156,-0.10584606913610102,0.25749501237519234,0.44354180395812737,-0.3202775592185181,-0.9058543399979616,-0.5994667108473588,-0.2037762715298933
773,valid,-1.7483644509421477,0.5805799215184932,0.5697179003732185,-0.10034321058351153,0.21982517295031148,0.6252091657725489,-0.2905207351151391,-0.8175661027839219,-0.6727628877893761,-0.7785497997235737
774,valid,-1.0734741457496442,1.2045710732634973,0.49106242758434404,-0.10930548449394632,0.0031125343343153616,0.23013486432379365,-0.16527573456053807,-0.43035587512005175,-0.2301453510620338,0.42863038059752007
775,valid,-1.1505438001498252,1.6823137757611237,0.6274656553168287,-0.024954716147606023,0.09146721262768413,0.2773725133964067,-0.16289189322273845,-0.27095797778033176,-0.31329544505810286,0.15806477069557773
776,valid,-1.5857094727104435,1.363431368315809,0.5210653369455344,-0.020508836200232437,0.1830773645846486,0.38543332096152183,-0.13512059679268576,-0.3459009391191645,-0.9217808073295375,0.08007950599231928
778,valid,-1.4839356240424146,1.1623949339967152,0.8148334454593167,-0.0928871623513695,0.10557545250543018,0.42140492569739296,-0.17468688870736926,-0.7663221861404206,-0.5270443204600901,0.050975133858527
779,valid,-1.5459415054723176,1.029617617625835,0.6495063075387071,-0.02278568568468704,0.21150662372505624,0.4174180350905508,-0.1357701221367369,-0.4235133822401229,-0.7971743242652669,0.1243003598806365
780,valid,-1.1638492732763281,0.9948775103959571,0.4011626190460935,-0.034742039811931566,0.23711538286942607,0.14756472112754543,-0.1704837744877978,-0.7539954853402099,0.04121524035099127,0.224964543666659
781,valid,-1.148722782231536,0.5915295068987446,0.555912661011274,-0.06330930938852246,0.2807387886745128,0.3700797504502738,-0.27350786677632777,-0.7677633338171211,-0.3900756844898983,-0.2115971202351003
782,valid,-1.0980734365716533,0.6576408798220089,0.49299019708579667,-0.08210926760671768,0.14613845061866704,0.23789371338138138,-0.48612319053356495,-0.5462021964171359,-0.5202896205223999,0.18313224947131837
783,valid,-1.7417447011653517,0.8564176886364022,0.606092859898512,-0.1063748858556381,0.2501080584246805,0.40827002353500813,-0.21927888107933427,-0.7228810861081565,-0.5267239928325497,-0.8270980690877275
785,valid,-1.15128092004612,0.9013459828429804,0.6090275150143343,-0.10045790639077677,0.2306389467383599,0.2309563166255162,-0.1787757711103349,-0.6634290909835251,-0.28664734216013515,0.331694932063056
786,valid,-1.2481218522499862,0.5706333275039277,0.40566636768547115,-0.08241415147818416,0.18743457899622992,0.35170760890778263,-0.24612751018738843,-0.6265941905205128,-0.3785960088807749,0.2466916859068441
787,valid,-1.2172500612207058,1.2418573442645806,0.46363107607928716,-0.08484664987471939,0.20245161621919117,0.28366180303378696,-0.09027806425793268,-0.45198468806367115,-0.12439143795844129,0.04982264316051657
788,valid,-1.2413976471982024,0.8403158770720603,0.35958590031049764,-0.055131235859955635,0.19921034562168932,0.392220574625755,-0.1536942822607802,-0.46530658406222025,-0.3982716825005875,0.07293400551514694
789,valid,-1.0632615765571356,1.2704548727615332,0.4034627801297319,-0.0590030698525595,0.16503057065550988,0.2583142899658705,-0.30749720819295473,-0.5873873409569438,-0.04694575525999999,0.011954643465435875
790,valid,-0.9938866928265484,1.3244621790543754,0.43439906306037196,-0.06472082901533224,0.20868166021292275,0.19484146566764068,-0.15195639185144766,-0.40092553299988687,-0.04637275434582056,0.22496333520923745
791,valid,-1.258629118959968,1.5682390773246173,0.5605432653585631,-0.10001667381287305,0.11747621537115713,0.34824456028654666,-0.16503491570319567,-0.533826127308445,-0.3708897873717296,0.09620051986271641
792,valid,-1.4407478068072352,0.7917064099633438,0.4821547717723804,-0.0626539861126075,0.12255227411366927,0.3847350144036344,-0.25333851985031985,-0.8196100775678106,-0.5784076273409635,0.09663109038926061
793,valid,-1.2389343113514837,1.5984162802058652,0.6816656311001936,-0.07796121055162596,0.19541555223674634,0.19396018259082728,-0.1452942685290783,-0.47928988694208824,-0.24710717894959525,0.1319157018358767
794,valid,-1.2098911043807892,1.236120606665915,0.39778396398063615,0.020845059610996326,0.26645971640489297,0.2826224062743938,-0.19459306033141058,-0.6230490796239162,-0.10105819650189876,-0.22046530138467088
796,valid,-1.2598764688160624,1.536107212479303,0.2805441629805142,0.07439401230734696,0.2268286910418842,0.28584800588143905,-0.15468067685003828,-0.35162080067680573,-0.146261275844852,-0.004323921836340316
797,valid,-1.587151459120297,0.824937871207853,0.4290818671600473,-0.08100858890073645,0.14869810649083942,0.5309763893621287,-0.2308122568489693,-0.6139833773267331,-0.658628356301257,-0.19378637875566856
798,valid,-1.3953675210524181,1.0867432052251982,0.7550843575621482,-0.08726751740936824,0.15021851548994505,0.3058270226444846,-0.16926077872605766,-0.5969316504376392,-0.5553828280737613,0.22335872826578906
799,valid,-1.14807503784586,1.2344179707288394,0.41565517401182384,-0.05844371504997567,0.2274835465832315,0.2192154130048144,-0.2101273287974166,-0.6677649910360475,-0.18271731924771611,-0.03857513384514622
800,valid,-1.628538087773878,0.6233705360599906,0.8084287822076371,-0.10065286555838945,0.24414126545332065,0.4212962091901872,-0.21967172173458038,-0.8931531598250424,-0.41419298791355813,-0.03789703615294375
801,valid,-1.2414283814106528,1.2852402756002785,0.4856791243244975,-0.07758119815137322,0.2224102966444334,0.21904383288980744,-0.1134727094229428,-0.6303966904567607,-0.04815502286315568,0.13854908940345217
802,valid,-1.5245068325348188,0.7112528734599965,0.6900939984670786,-0.02864362885288294,0.30942887023534155,0.44356756290176763,-0.28077460603908644,-0.9632358703320296,-0.7241612121971687,-0.22010781598976792
803,valid,-1.2818922628125171,0.6504829162259872,0.622208144650803,-0.06479436958932419,0.2942762396101914,0.28147752381357416,-0.2307686795033042,-0.5551211254310344,-0.25203000170107503,0.21660392585201835
805,valid,-1.3844870488162724,0.8574382723010565,0.6305301529399904,-0.06878001521018785,0.2317830174389669,0.36593302809638545,-0.1359325752652161,-0.6099996883644875,-0.4356616216096071,-0.020685719174020883
806,valid,-1.2288585893182131,1.6616906459671852,0.7681955764240764,-0.07213519587949048,0.10834358104943562,0.291610346686319,-0.2581052587479311,-0.34358385529635654,-0.29588135203236904,0.2091555422333748
807,valid,-1.451690244814128,1.2008635839580788,0.5966377122980969,-0.050067005312975664,0.17095872054154643,0.3629150133445543,-0.15424415779242864,-0.45608773186884044,-0.5639773958094598,0.10454539396961018
808,valid,-1.1111320679787822,1.005258256187223,0.4728181791299242,-0.06414260193583109,0.18847193492136355,0.38080217571762487,-0.15470540547315934,-0.5074101637998404,-0.441818222181721,0.3069608930677097
809,valid,-1.3258335848503748,0.7807633959204523,0.6829467918244377,-0.08960702529476444,0.2055301561667532,0.2896956718557821,-0.2815997106095062,-0.9528712791874652,-0.5097823657499898,-0.01344018161675272
810,valid,-1.765275124782196,0.7738427689077471,0.6364158395789636,-0.02099055807885173,0.3767967888506613,0.3549972677939982,-0.2592142971148396,-0.8765038104310868,-0.5000757851361006,-0.8538396476318083
811,valid,-1.3221755357442904,1.2356463666258282,0.8772061576711475,-0.060179263928227596,0.1423739581083511,0.3562000241269636,-0.06912239163247971,-0.40947962172877567,-0.46109825679264155,0.13265636913646553
812,valid,-1.3005015322561517,0.816106083738766,0.6746654314334709,-0.01983136021339424,0.290924631465517,0.3898780727298161,-0.3069251639736884,-0.7120900940617663,-0.5485030862819644,-0.18295868261570386
813,valid,-1.2308466356490433,0.5331541726912571,0.5770037140599127,-0.08625310775303427,0.2244575282208078,0.2372331428239404,-0.4294477224097461,-1.016103790775846,-0.5487380054322668,0.06741525280518942
814,valid,-0.9041913578467975,1.1789496796462975,0.37582321649398986,-0.07684864320624397,0.08154181461336779,0.2473736617964102,-0.20934307148029582,-0.3975424600921896,0.12654921479762618,0.3410941706662869
815,valid,-1.0372264739869308,1.152852875423179,0.4394497472729035,-0.07781959255055142,0.20564214629251876,0.21048382534383642,-0.19372107775590217,-0.611782096471785,-0.24916240764789055,0.12654541157110938
816,valid,-1.4120719074564962,0.9019253861368364,0.6870419257134875,-0.04233503835049566,0.17842935177813707,0.4736006771916982,-0.09588405094675269,-0.348164105753629,-0.584696981615087,0.1804460647197054
817,valid,-1.70698775133834,1.150402471806141,0.586864654427863,-0.04316688037424894,0.3165260644799043,0.14784928362534397,-0.11952080774749352,-0.5570167992126857,-0.15551973567129607,-0.6150918723857299
818,valid,-1.3239682978063694,1.5543326674597997,0.682811513727533,-0.041033407085730306,0.1606694094628476,0.2799733894120745,-0.31282449871288054,-0.36223041686530777,-0.17773454239915043,0.015935942693822727
819,valid,-1.3348076116483036,0.8287322570968995,0.45103194875788916,-0.03958906939614415,0.25986943883244085,0.3189661371997942,-0.13088742175819457,-0.5096520614136856,-0.3368843187564885,0.19895221019989143
820,valid,-1.2378642288692259,1.5552596278720625,0.41846121076119713,-0.02174133657818459,0.1811055043829475,0.3211551864238546,-0.21733371531127102,-0.5762189806284058,-0.2338544988935883,-0.0005119207395768453
821,valid,-1.691023227982969,0.9296309477789257,0.2688784395415631,0.17371028276330103,0.2025245594528374,0.6464486709152335,-0.1707590404506003,-0.5019914210664689,-0.8000593107567662,-0.06345965600570996
822,valid,-1.4392486153986954,0.5624898366267185,0.6605250176055271,-0.08716316925288237,0.2466335700208911,0.48133481720096566,-0.14890300565510511,-0.7360527317585677,-0.4825163054966033,0.10885965546638059
823,valid,-1.3185956332564148,1.1258050587472064,0.6324389861094624,-0.01630360520978935,0.24912606533768789,0.3534689156924284,-0.13613896483598031,-0.46991640126970663,-0.47159751979939324,0.02668400899057236
824,valid,-1.3901792847162182,0.8977988670132822,0.6100694453600227,-0.09405630103955863,0.2187076643943051,0.3672025261542257,-0.12205617759912515,-0.6157397606042087,-0.3557871783473942,0.0362064449351374
825,valid,-1.3783029062725796,0.8968197639648791,0.3708113146546286,-0.012524521378240786,0.3392879695376401,0.29189257903560745,-0.17945218179518974,-0.6866231662776712,-0.26502182321046924,-0.19593563373822778
826,valid,-1.5767024895593373,1.4266883294408288,0.5542451731149545,-0.03189671855480899,0.17408368237855626,0.3298533764524639,-0.10521839284092815,-0.401857968751481,-0.9370758469173541,0.1640336032534021
827,valid,-1.1446324212288446,0.709634273540912,0.48001450752839425,-0.08383197788575082,0.16243020001107844,0.3113884417316091,-0.15169587520913344,-0.5655595422771297,-0.3604873612451806,0.24294022500000123
828,valid,-1.3836089237932474,0.9661958639631554,0.5883909797716562,-0.05396531170740435,0.1375751177993123,0.4726748751250523,-0.37964889777648014,-0.6754180033243438,-0.5998710705705066,-0.10832007828240087
829,valid,-1.0456700098144274,1.6744621648677827,0.5817576008821769,0.03351012643305023,0.17248016670692706,0.30548810714329633,-0.15966534230038942,-0.36360667857992757,-0.03212791722503574,-0.0647523512500912
830,valid,-1.281912086505335,0.5753276177519631,0.5141078845691182,-0.07279278445380119,0.2564158795787885,0.38709350228653777,-0.3387635944534293,-0.8417477746527703,-0.682700209533813,-0.06766125299806729
831,valid,-1.4429698481600353,0.9135457566262322,0.39488081034712336,-0.05402054920165346,0.1351861068961465,0.4111005907031811,-0.20623904479946178,-0.6516442167665581,-0.5359327072982066,0.15386316603020259
832,valid,-1.4967052618514614,0.6390060906838921,0.5617814730919773,-0.0636479683090277,0.2783453160370005,0.46474372319410023,-0.3051433471697706,-0.5629978934506901,-0.5594080686659901,-0.007624176236882112
833,valid,-1.2465674434788372,1.4506560139508278,0.7986198441501658,-0.06630737098648107,0.22269579297618025,0.2000610215498392,-0.337374425173678,-0.3810285103152078,-0.24122836971250475,-0.030279365005757317
834,valid,-1.707098863390741,0.9363494395160931,0.26305097793412574,0.022265713327917287,0.2622793703925344,0.4573755267416558,-0.28540433092425577,-0.44841583120866224,-0.4554608045382015,-0.5685500057334942
836,valid,-1.2774199492661376,1.496455088758932,0.5246857475009301,-0.06027403888238439,0.1390080753198621,0.27631537648575827,-0.15721001028064888,-0.4547809348036808,-0.30015743026889297,0.14773329908738028
837,valid,-1.5639284050459021,1.218805512122581,0.551757258161674,-0.04984884741438945,0.16959379130912447,0.37362819662969654,-0.17361280894865116,-0.34639926737622806,-0.8248558701211043,0.17771253300983994
839,valid,-1.7494097133569282,1.202233839170665,0.5797440134868383,0.012463935352451496,0.1952754767560521,0.5339775650490486,-0.12794190775786785,-0.5133937176511311,-0.8813776106076638,-0.06831841143081285
840,valid,-1.8144593377198872,1.1622045479111751,0.7120950528523953,-0.23180922258161157,0.13075205332373516,0.21882451732115138,-0.15385658664401444,-0.5376492822743745,-0.24754710402770355,-0.5926180164020489
841,valid,-1.7311374082105386,1.3260109084023803,0.8122131011724237,-0.14402707580480725,0.3420700987687384,0.13979623807665453,-0.2636732909697747,-0.6608675814727514,-0.2439044062338112,-0.5315048006652684
842,valid,-1.6332751696945442,1.4419034617532598,0.6308921675488004,-0.0488214286047581,0.21715402623404545,0.3035809405394364,-0.09534370080552666,-0.5298310501505964,-0.21280712054788256,-0.4658607979628809
843,valid,-1.4697482224119742,1.0507314134148638,0.5281701120696509,-0.03864032298577245,0.17126729276020283,0.4234310584542177,-0.227683859684898,-0.7584763001447772,-0.7017212312117513,-0.09618631336099566
844,valid,-1.6561819401439581,1.4042574023573016,0.5028517903681011,-0.010074814100640643,0.06663596942601935,0.4694085007736074,-0.22242299785202332,-0.4908466784108483,-0.36746296623722313,-0.606007681628674
845,valid,-1.302277435772866,1.2253379211095592,0.4321893059291583,-0.033250204483167796,0.21889012113846856,0.3727688572031241,-0.18867416580298807,-0.4995536616512891,-0.30772937355181085,-0.29070888427981856
846,valid,-1.267247182338893,0.5371428511211211,0.6417862504977553,-0.08741031651072428,0.24730987649970337,0.4680039294195193,-0.3729442393271939,-0.855046270949802,-0.6340065252730016,-0.08028675356816374
847,valid,-1.693041908365923,0.8974413199249436,0.5838405459253582,-0.1633522157462462,0.15042120237710138,0.49331468099980247,-0.13371495494900945,-0.4921180670439738,-0.27468095184966174,-0.5860335131620166
848,valid,-1.2907984588942032,0.9342729336227366,0.5411207646934199,-0.07938702866203301,0.20928821556460822,0.3523786787410134,-0.14976645493230953,-0.4405538361349416,-0.3681245332555072,-0.0033889927944167567
849,valid,-1.390504496318359,0.7265238298770521,0.5337605401008385,-0.058438120141412586,0.28162182715131845,0.35635565418008835,-0.2556903203367355,-0.7403724772127657,-0.43446738184032313,-0.05170194809330485
850,valid,-1.4198075039898546,0.8713006945451681,0.5184113632381033,-0.056058396059074325,0.1805607570206232,0.4086013398176544,-0.1030250013352005,-0.4147595013152742,-0.762527539298356,0.1370686921837627
851,valid,-1.1797336774767773,0.6490953762787186,0.6249095736896443,-0.07207910386780006,0.1856363165127999,0.31870184961488035,-0.428434540436241,-0.7468405744289741,-0.6523501869854246,0.07296967917654874
852,valid,-1.3911427309296605,1.4093636621327261,0.28644182358580694,-0.025810483592569097,0.09127396556491407,0.45588478995958165,-0.21077007833163436,-0.5151358965556101,-0.3785393214910365,-0.18430324007746948
853,valid,-1.1383709553778354,1.2895388654606066,0.7151253558650867,-0.08831856802886086,0.20038010440338128,0.23834206143058045,-0.08297956871815336,-0.4366059145233554,-0.11812321489359884,0.15732253708983057
854,valid,-0.9153721568632155,1.5022627196132115,0.5026400989054426,-0.07201802696117136,0.17445877584692754,0.1359857008075832,-0.12479998150652917,-0.34081905393079653,-0.05719358337271696,0.42797287076015716
855,valid,-1.5471601023671218,1.3608799583595277,0.5710954714883298,-0.029672958466961684,0.14166808256601088,0.38858430102200897,-0.17917106943793276,-0.3435496851542534,-0.9380463003402307,0.052030840523005474
856,valid,-1.439561532139298,0.8826557267789539,0.5049928400659934,0.016129240642035633,0.3245239964069833,0.3904114788507908,-0.07129092822045544,-0.5087755181872083,-0.242191882784809,-0.05680335356329938
857,valid,-1.7465317613433722,1.0027885664020089,0.589659296973141,-0.16935777582710496,0.1500718411783307,0.4326884542172525,-0.13564050148645293,-0.4812655090867183,-0.7695124849526083,-0.13529046795093588
859,valid,-1.0878052525872828,1.4582666515009473,0.7023985558975631,-0.08259176447086207,0.16673303768230405,0.21625058119402904,-0.12134338684388922,-0.305807307556312,-0.06650950409259206,0.2944422184274819
860,valid,-1.3637173813116328,1.3691446150154971,0.5408483128360024,-0.060047315492074434,0.20622910312347595,0.31958906272897875,-0.3083273119066251,-0.6298759291426425,-0.24119501766667462,-0.17288103951129313
861,valid,-1.5057647222014412,0.8970632745994787,0.5199956933357448,-0.07025007700802506,0.09468662969482806,0.5650635218470745,-0.24464860956375423,-0.7002872934453249,-0.9173304314075839,-0.09771676898410477
862,valid,-1.5722320460416335,1.2799513499325565,0.5067637258759303,0.05337326430877746,0.1634838668886842,0.46235747112979303,-0.11956140273177883,-0.5513876820904985,-0.6117153922017189,-0.046407910158705636
863,valid,-1.3766226096726157,1.146611657039801,0.4792252306227536,-0.014352948223920142,0.24500516455939575,0.3906067687921072,-0.22579046730986413,-0.6119450768367573,-0.5756742173058041,-0.14393822575414114
864,valid,-1.192312796409224,0.973581090853637,0.6514937544718739,-0.05578920495264496,0.2715970892376816,0.27361195622570855,-0.3650752666831922,-0.6483615017967794,-0.4383410387155835,-0.01807135415024043
865,valid,-1.6518358393485197,1.1790334416423511,0.44393490238254113,-0.010241222683691263,0.21751115094469048,0.281559810558286,-0.2724317068403032,-0.32040087012714985,-0.07358127370381577,-0.5365120581242732
866,valid,-1.4507616272090278,0.6802128603317488,0.5746164427565583,-0.0029198169139073955,0.2617191316076932,0.5286943347181943,-0.42078055618847787,-0.6719553733749986,-0.7070869844796975,-0.36050030060386795
867,valid,-1.524003575442572,0.8332943693624008,0.4633269157701205,-0.06253019022247136,0.16900515757522755,0.5079807005624459,-0.17455816737029636,-0.5648305498094816,-0.5917997952958325,-0.2591809951572742
868,valid,-1.468754780604425,0.923087046157339,0.3962339795059305,-0.08084265646851778,0.10627482491483435,0.396082153738903,-0.18899706088969773,-0.5683611723972486,-0.7469522829718733,0.3029196514050054
869,valid,-1.1540474761557067,0.7536857966734465,0.5301841338956417,-0.10380062854312613,0.3141723659719684,0.22004927599143162,-0.151655426066162,-0.5416136544261273,-0.13738900731166412,0.2861715351518836
870,valid,-1.5666515702680086,1.3314932737272283,0.5635059568985237,-0.005200672095695931,0.18049877130929437,0.37269484432403244,-0.19542037779151009,-0.3059208142879749,-0.8887676793235436,0.13249935481113334
871,valid,-1.3518816344809372,0.9596977556194537,0.4125423141415766,-0.04805471893176932,0.24426930945897843,0.34249036959546963,-0.22390557615701978,-0.5390551796862574,-0.3915522395652375,-0.038430030454054236
872,valid,-1.3094687951831954,1.0823995834534925,0.6838016536129606,0.034983205789023065,0.2044507016073499,0.37064574089011765,-0.11139972419603014,-0.3774981558570968,-0.3588490401255167,-0.08055759694826084
874,valid,-1.196055806920521,0.8458420766380612,0.6173807415613056,-0.13081560745534984,0.061842525475298324,0.34322669253702914,-0.23913143383997482,-0.6191130272873532,-0.4291297594624842,0.23143559515150505
875,valid,-1.6047782800144321,0.8729598568304505,0.4660355560516812,-0.09026556095505146,0.2827977118377876,0.21952036259473756,-0.20074499483324423,-0.5408019099345472,-0.09381613254413794,-0.5845103243293682
876,valid,-1.8567462620988047,0.7994237426314463,0.589682618604753,-0.10643811435881834,0.16279622718134862,0.49873010502193915,-0.19347287922334483,-0.7199646668653147,-0.48268689615371724,-0.6170841573576038
877,valid,-1.7964904268272779,0.6117600903969053,0.49183956183759303,0.012141767203636489,0.34512597945670387,0.40083279399518734,-0.2319388204192705,-0.7004510723118224,-0.3850402521261222,-0.5270495610837592
878,valid,-1.7518188296073438,0.7903330712367477,0.3577856254470005,-0.09276808777882765,0.21330437291025262,0.5705218159573912,-0.134584542103747,-0.6090740217269777,-0.7666336038701371,-0.17120947140601397
879,valid,-1.5529892855998109,1.3374456251700861,0.3961899256495144,-0.09840789745928687,0.16343543188370496,0.3626514789707014,-0.13383287879855726,-0.4288002695499109,0.06415793163430657,-0.6149018078228227
880,valid,-1.4314131689970844,1.0231984539546948,0.652698326761213,-0.06492670282782671,0.2436724874662235,0.3426730076581933,-0.16577890849828186,-0.7926837545697727,-0.35230011775394116,-0.06010414345683106
881,valid,-1.1766204118148922,0.9942505438816595,0.757888312126291,-0.09037771475692251,0.15020868617132307,0.2456715724454322,-0.269780452073803,-0.7226454259363021,-0.4731871759326344,0.08590679801378229
884,valid,-1.399613310094225,0.8397050647623241,0.5466401645501938,-0.11042472097861974,0.34139647807053014,0.2787631871274844,-0.3319861076238217,-0.7750850139318202,-0.4299891371558313,-0.3418191405963237
885,valid,-1.1162469208269865,1.5754277032985728,0.506746294710022,0.06798352782426346,0.21607563363493312,0.22831122217115038,-0.10335665879175149,-0.35234765976488885,0.044039063057558864,0.044202873392535175
886,valid,-1.717099156759668,0.8243618023805134,0.6402146654369216,-0.27563803500104767,0.07365169497896397,0.4646674341410898,-0.1380102850164985,-0.43249919832886147,-0.488951183487423,-0.5087278589422314
887,valid,-1.327385812129959,1.1527206779344534,0.40804005703036755,-0.07419082441756279,0.15102964144032233,0.3956018634701285,-0.26921512266619607,-0.6005738247629254,-0.4069717246719112,-0.15010244570030476
888,valid,-1.303431490311653,0.7000270032516742,0.6876035830372459,-0.10493409591355592,0.1345333417689658,0.5445593943169563,-0.1772321689613357,-0.6829812898640951,-0.7008810332375949,0.13893867637934745
890,valid,-1.6148245167517437,0.6483381379497689,0.6490969598423024,-0.0875294616685418,0.32276996944831005,0.486771860452247,-0.09988158393279409,-0.7245372734854938,-0.5794139082698673,-0.32007673788557045
891,valid,-1.353112343972781,1.027125194929957,0.3720886121376756,-0.027788225725163873,0.23921273542792953,0.37278660480825737,-0.19970516127367505,-0.5574634475971884,-0.44949939804487526,-0.07405009692788585
893,valid,-1.547519291190531,0.900312515858923,0.4797780502525588,-0.08412832359987342,0.1539544840099201,0.42055583234979566,-0.1410403482540055,-0.6909614018134292,-0.798139198597472,0.16350114037737554
894,valid,-1.4218946603277136,0.8501473745107997,0.5998540432521751,-0.06984273770136176,0.24831420821099767,0.42722889903034106,-0.10933425325696768,-0.48286130441387737,-0.5113542295384761,0.01788415749170151
895,valid,-1.381040947367849,1.0749235860714854,0.46387251102656146,-0.026664608730445287,0.2094943856416546,0.4254278807198251,-0.17203945999448791,-0.5565074703333189,-0.4578207373164023,0.007656171230254611
896,valid,-1.4583913419163976,0.7881677612791305,0.5298007639064202,-0.08069426269055766,0.2815148975444851,0.37056957462974754,-0.15925902938657435,-0.5309743838494523,-0.2652754356828507,-0.21044945988651906
897,valid,-1.220691414450816,0.7322550928391379,0.5763119608037123,-0.09090351660486272,0.17446967830280596,0.3246038724638836,-0.20895843144190748,-0.527478370806536,-0.469083205014941,0.29540784622013
898,valid,-1.5203512975907603,0.5917947386135293,0.7363971596320744,-0.08929807586508988,0.23003227740439577,0.4963638097811931,-0.2205940429819994,-0.6925814113798787,-0.529196408788503,-0.28079738868733134
899,valid,-1.3309329754265986,0.8527563847944671,0.7170321272467809,-0.09729591194546962,0.0720639555980595,0.28836736720611145,-0.20685880701513212,-0.523226706979364,-0.7490680172515632,0.27690883037554326
900,valid,-1.3487953245228448,1.093167618492962,0.32121201517550735,-0.05482069252385875,0.251795941136814,0.24800487404197988,-0.2222552415840974,-0.5172106432290289,-0.12257813026644097,-0.22717181059474773
901,valid,-1.4877368360698076,0.8303010391258726,0.464687205825947,-0.08152294462552899,0.16779436456048047,0.4831182822472643,-0.13852018592331,-0.6159342191668775,-0.6235424230540698,0.030978461872232188
902,valid,-0.8724027224791422,1.3966053993298637,0.4158517237676288,-0.06106002218784307,0.10104138253676004,0.2780292015151238,-0.17657675519572066,-0.44040047352856954,0.0025089492760208346,0.1756164293916434
903,valid,-1.2867835633314293,1.1877152534031465,0.7659495920567735,-0.06968345263891035,0.12597315160674172,0.36847067435140185,-0.11885359182511025,-0.36509798814557154,-0.41541292437038,0.07844672859705001
904,valid,-1.7680477682254128,0.745105194290515,0.6671862678571984,-0.12716209151534336,0.3145578794381867,0.36160042381406227,-0.12741985074539813,-0.6334060918620689,-0.2987724117101831,-0.6828214470160681
905,valid,-1.4547571681050693,1.1390125060536636,0.4696784875741369,-0.07533986008259212,0.12589907229599615,0.37724576403770105,-0.1446344212463863,-0.4535084531436125,0.0737613566373312,-0.5523141544516845
907,valid,-1.5034379699473897,0.9166294473976893,0.3893545171010957,-0.023435254513259247,0.26713227301706083,0.35135027881582576,-0.21344176398386094,-0.6348786190333157,-0.3994450903755857,-0.19894562882585778
908,valid,-1.251637976360271,1.0070438064106884,0.3713399669495404,-0.07356095297570847,0.11114107488607884,0.4397729695716186,-0.2328865464063502,-0.5798894810185062,-0.663241497708712,0.08327925451598042
909,valid,-1.2862834655858277,1.4714588358921528,0.5518368998015913,-0.09779670384401211,0.07881997467313875,0.3760097647255895,-0.11373831757024654,-0.284372513817993,-0.28307940043673724,-0.03594376250006392
912,valid,-1.7108646136556493,0.7591192149340977,0.5356142760076538,-0.010868899892604958,0.23474513968557853,0.46018229122370213,-0.3181338939588301,-0.7619084105208238,-0.5302423266404194,-0.7826210850038707
913,valid,-1.3773925760625414,1.5886066633101354,0.5066128009981047,0.06844114296962599,0.06743585338453428,0.36722870656850193,-0.1330300666363735,-0.3532704078482079,0.09182559275933225,-0.4284287318471689
914,valid,-1.524206343345953,0.8860170993169957,0.6311980353404826,-0.10657960536251432,0.3451665110877083,0.40442210022383623,-0.22252510393413075,-0.8463678158602089,-0.4749553794196349,-0.41453338251919525
915,valid,-1.273834731107351,0.9567002806553764,0.864334199242857,-0.06819474187313129,0.12157811905208377,0.4264450845583014,-0.23668218762775345,-0.5905754772289485,-0.7566793618393377,0.026583127146365765
916,valid,-1.2391861378283178,1.4989559595050657,0.5064783614762022,-0.0692253874254275,0.12314007908161964,0.23323378455758445,-0.2919159921376189,-0.39952700167426664,-0.2757300120584314,0.26459573968412875
917,valid,-1.4527684774071072,0.6591642132995561,0.8891626571478373,-0.18733893721887263,0.3099319009084562,0.3478937799723615,-0.1255152257619837,-0.6878041775911555,-0.3497276066170156,-0.24059683404706883
918,valid,-1.125232385362871,1.009710911517844,0.4405887303267729,-0.04287934355366921,0.1910012665093385,0.32487194067726877,-0.11568237809655382,-0.41775616739194454,-0.36515256356784914,0.3949458307129455
919,valid,-1.536950201932778,0.8895211967768917,0.6018330108957471,-0.06461922427217974,0.16810677693830856,0.49551137428400666,-0.1712220720667684,-0.44229892382395447,-0.6996200047824954,0.23313844300160155
920,valid,-1.3573706166435715,0.5463712378083404,0.5445943133890926,-0.1265582372217103,0.19433942741202348,0.46236969515495757,-0.14369689637203095,-0.6886485064529908,-0.44425076126163804,0.17178508880783408
922,valid,-1.4974105700672364,1.4204764539978145,0.4972683686767285,-0.0365900802257718,0.12683554764489866,0.33206787990977704,-0.17800008521154717,-0.36328634596077536,-0.9523517875853066,0.1712560930875993
923,valid,-1.4786468714765413,0.7751831702240016,0.6302492245156452,-0.012211000799874649,0.2581676535543635,0.5227544097131114,-0.25626647722307916,-0.7547318846792218,-0.6095564378924068,-0.3806330729277769
924,valid,-1.5307573211136443,0.8874324301974045,0.7499320377357728,-0.1318211578406724,0.15764257240749022,0.4361493219210843,-0.24161773033233497,-0.48967157754344837,-0.4267614825091313,-0.13903506206332156
925,valid,-1.2128409531050017,0.9145346855483822,0.46814529893856177,-0.05299785312588595,0.27130476608155996,0.33971082463805813,-0.2266457864659786,-0.7527736560210931,-0.4376459172770391,-0.02375108371580195
926,valid,-1.14657977744708,1.5270149962853676,0.39030488854364886,-0.021410827942069544,0.1657646728504575,0.3294089031737926,-0.2071648832686285,-0.5809561546892092,-0.02368156464252669,0.01191395709853618
927,valid,-1.3042886461791225,0.670262086937793,0.4985862244623503,-0.08256022602923556,0.14789711277385642,0.5800524347217731,-0.17926652491387757,-0.5292224903704849,-0.6794176219220424,0.12647752195928666
928,valid,-1.1815884150049347,0.7340863062542616,0.5398790085272305,-0.08418788623437941,0.23345403537852974,0.40400720810177504,-0.2575642028468409,-0.7661122718979727,-0.4241608212111341,-0.0881461768386473
929,valid,-1.2163410467915237,1.156470922686484,0.7270825942211109,-0.06888847710902538,0.21529032243027735,0.2813320127489911,-0.1604806985903788,-0.4110973043375379,-0.2747628166222145,0.12724113831379627
930,valid,-0.9289565441493626,1.559306376125956,0.2743679621403789,-0.007680888898929262,0.11726034550788134,0.24977012001104776,-0.1952420641291546,-0.35049443392297125,-0.0008889100960575902,0.08847581232588018
932,valid,-1.3267335592494232,0.8098335809577977,0.7181924317893814,-0.09973697456400102,0.12902217368925362,0.44016878146067084,-0.20243136313443902,-0.6510187168407985,-0.5940704914334202,0.045973671174719594
933,valid,-1.0278166964254922,1.1359697016535537,0.4939830050542348,-0.05504576252226915,0.1069206806770969,0.2930509338682087,-0.16282846650634225,-0.5455072834028809,0.10195636943189104,0.23782089192011416
934,valid,-1.274238051243672,0.8360812147044692,1.040046786348136,-0.11782881670011375,0.1049670731374672,0.3097794403143663,-0.12704239209296272,-0.4688853958426121,-0.42701226987201363,0.33697770570864305
936,valid,-1.2507728351638288,0.8277401358827586,0.47218534853861016,-0.04746652564139427,0.2681000742852628,0.31270681056706695,-0.13162175351757924,-0.3783389833961691,-0.2162072289629659,0.08753492578451816
937,valid,-1.7714397506423551,0.607147641237799,0.6229749431073514,-0.08122302872228498,0.13250342200440723,0.5085957596443431,-0.30287619203628097,-0.8693703182677741,-0.6267677844626854,-0.7665494465251904
938,valid,-1.3497795148323124,1.0210303422759657,0.7464543890824145,-0.09705617435659733,0.253075819962144,0.27995157726894543,-0.139407010954687,-0.637296444579848,-0.25872625895025714,0.16232072853849147
940,valid,-1.4658409008903146,0.5638378278333622,0.4508628693382315,-0.10252313133838768,0.301324546886351,0.4259751816034807,-0.3745554825201153,-0.8565463919509259,-0.46356558167218004,-0.49834439788926305
941,valid,-1.6212563488615566,1.4073684988201307,0.7298754063815264,-0.05294854884399435,0.12328952307372258,0.4667235722070622,-0.22152461794401426,-0.5725815340918543,-1.0304225772410456,-0.014539951005883149
942,valid,-1.4539107767477226,1.0506509091368041,0.18725506882152743,0.032414580822962634,0.25325273320287917,0.46283446837702363,-0.23614924803756027,-0.6841097101783846,-0.5924193796377722,-0.26335372327166046
943,valid,-1.261463621393262,0.6041158990671569,0.44587819975261955,-0.07551316662984925,0.11513288226486798,0.5416283928947204,-0.30620358887432214,-0.7287517401207122,-0.6604947728313748,-0.07215622973234798
944,valid,-1.5552890393388634,0.7849477259164824,0.8334943291286967,-0.19804093130587322,0.09425396151566223,0.542366273401406,-0.13271639050434988,-0.5386489403990883,-0.4709414799404612,-0.1203197421182275
947,valid,-1.3098104605323002,1.5735900820662594,0.4618325571324237,0.0123330073269099,0.2938729397405612,0.2031369357868828,-0.07224989333255381,-0.4347149972469419,-0.09263807076945416,0.0751489043872307
948,valid,-1.2694326596306986,0.744804613039674,0.6219142992260045,-0.11767294128935095,0.20150210953068834,0.3928129686957195,-0.10774364238012688,-0.5799306619200126,-0.2620382293915548,0.3252019008632596
950,valid,-1.5939966679914548,0.6734868429552606,0.5613033513458782,-0.09758545431380718,0.2871677189410441,0.5203879115559282,-0.3856224013739462,-0.8654192003820934,-0.5494875151366263,-0.5020113801790429
951,valid,-1.6064861386163198,0.9481141808895901,0.5544737379064731,-0.047113266236137936,0.15647367607422824,0.5135717430343195,-0.11118001093254297,-0.3840919363029994,-0.7813036030208392,-0.1219388864375153
952,valid,-1.6387155518149192,0.6487249605637069,0.37213059018466327,0.0037284820296362084,0.34475414490422135,0.4343704762372229,-0.28059555476057585,-0.8288322466784499,-0.5352645786522905,-0.7409886992023889
953,valid,-1.176664141391515,1.3497383869467803,0.5180995793168519,-0.08275821077524557,0.10684174444317897,0.2598387618637254,-0.13895897408409805,-0.41928788617679597,-0.2747169814104086,0.24316358665309307
954,valid,-1.1823167773220942,0.6222062888439331,0.48451849409974734,-0.08396706909830266,0.16989026714590347,0.29301698825940725,-0.23926054807043592,-0.5638288910141424,-0.3781395551670582,0.2830947022399577
955,valid,-1.3008775287428218,1.0236860748495553,0.6550952685977005,-0.0809611028278329,0.12897973928821668,0.3358748129713777,-0.14931867927210452,-0.5242103596461704,-0.4508383718350816,0.1934077771881496
956,valid,-0.9611762547929136,1.1239033385716175,0.39985424819742166,-0.07961534409984124,0.12905805319412827,0.1887094853322691,-0.22921060623893688,-0.5506263639773578,0.060155513036523396,0.27742330128394044
957,valid,-1.3222470604904624,1.0235070359059433,0.5992484847951597,-0.08287174357879665,0.2576365241183702,0.28206251267873017,-0.2677056029751736,-0.5627959943081029,-0.2929887858647716,0.10163825419024856
958,valid,-1.0405483077130813,0.7607278637932184,0.5820017708305052,-0.09138728457606954,0.20509833660630183,0.29474760975939207,-0.35386842335061774,-0.6865320043664737,-0.4165618317399218,0.09989638443211561
960,valid,-1.4617680425636526,1.299356076411736,0.7421261195762677,-0.03735850533129542,0.1372829924758438,0.49801839192759567,-0.16968410376991683,-0.5090120793962888,-0.6948480303401372,-0.15189249111041606
961,valid,-1.8578181734243269,0.7054020271722322,0.503676289315162,-0.0054846539429705245,0.148001800125365,0.5914357838738903,-0.18832931389849836,-0.633257078199385,-0.6377785132469378,-0.6660817912359852
962,valid,-1.9767459310422646,0.4982435835418035,0.8234382340728704,-0.07753455880885722,0.3251936674159138,0.6270170070328752,-0.34501362799688245,-1.0388696772699129,-0.779946737886841,-0.9292213642096929
963,valid,-1.3817837854297927,1.3274122577307657,0.2855663616244988,0.014017862520544249,0.14646479838458273,0.39776893622202464,-0.21214202039573962,-0.49136381653361766,-0.38841023115594875,-0.24710144870697898
964,valid,-1.1035338247176343,1.7727818848685044,0.6696431002690028,-0.05869524862715385,0.14379563101697987,0.2348963890631947,-0.1590495148700396,-0.3317247255474345,-0.25314475246380747,0.10226517228770991
966,valid,-1.4616552749583487,0.8852199996325892,0.6091918940241585,-0.05440796937185418,0.1667869368401248,0.4987514907011755,-0.23179267788088684,-0.763650666647765,-0.6857760684999514,-0.1722749012911516
967,valid,-1.4371753908256197,1.2749792487619396,0.524668976131442,0.0552772004959123,0.13603669034878196,0.4440476851507364,-0.3003385796503549,-0.4519465277065138,-0.7033457485655761,-0.1688763382265678
968,valid,-1.0005992940354227,1.2416581165915797,0.7028412070610273,-0.09424012680841733,0.14604562832330828,0.17202443473843226,-0.21694740472257135,-0.49305047117903633,0.09498804564331476,0.2981009594244192
969,valid,-1.505404331622139,0.8373274237869215,0.7336460349439625,-0.03241134408717306,0.23420348189187082,0.5693478941888346,-0.17426732029551606,-0.539115798448511,-0.8400733549173508,-0.007251778386067596
970,valid,-1.2798137409702008,0.9112311465932998,0.6703631603542523,-0.08176494938139599,0.2772677185268606,0.2912498646907951,-0.2647150827562762,-0.6793071883767833,-0.36076710096932435,0.03320816651420559
971,valid,-1.4111863465377419,0.9045761056326926,0.4166732893752936,-0.031039891928012986,0.2506603008430614,0.4462462348483731,-0.4054373454532873,-0.7618583288397839,-0.5304798026624039,-0.15334450431060034
972,valid,-1.5017903193371898,1.0624462206314322,0.6697267442296772,0.07491231894793571,0.2692748855793525,0.47676406332504145,-0.18923832770578952,-0.6800827817225301,-0.730808529659288,-0.2460725290500977
974,valid,-1.09945895354751,0.6364092450762847,0.5645574846607968,-0.07370919848546666,0.26492690084066284,0.395255752014762,-0.16804948551189566,-0.5051132035231128,-0.3729687133076517,0.31094722789155826
975,valid,-1.5893896992901333,0.6901069730365692,0.5550316386365844,-0.0394559091761634,0.29262807558213916,0.5333685179764066,-0.27054832179850585,-0.9396394346767548,-0.6570797055407088,-0.38355299873726245
976,valid,-1.9598328143776278,0.9331272514177805,0.3274880177132399,0.037225982429028734,0.15391977026856257,0.7357339987133726,-0.2292130493423334,-0.7051976335136374,-0.9564926139965375,-0.7136240139733612
977,valid,-1.5763878034107213,0.7159626960184056,0.512502351407183,-0.02298395455941689,0.2946323710717014,0.507792475366934,-0.5292083572971779,-0.8009110199241614,-0.6588935058133034,-0.3769629109816179
978,valid,-1.781012086332233,0.8984776082149634,0.8317126817770013,-0.1324586809533089,0.05262613957256465,0.5567335297702504,-0.2323080655932339,-0.5677984800552845,-0.5712160395794177,-0.6206755024673267
979,valid,-1.2673852457216286,1.4414685464868622,0.27342253260243593,-0.022004667905640415,0.1629619388588301,0.3146165210445013,-0.07595215228806272,-0.37133965769725646,-0.2635953582558642,0.15325644611860037
980,valid,-1.544064872653039,0.578909543359615,0.5554340624607058,-0.10169021693319662,0.2814380216498345,0.527410823576918,-0.3092062047940936,-0.8412569672168191,-0.6492432342061011,-0.48851649445760964
981,valid,-1.7906452527782266,0.8242975881120326,0.5780086836513193,-0.05825407913450697,0.084680440331354,0.605915287788785,-0.24967298531449603,-0.7395820087637266,-0.6569880365575802,-0.7087078232431708
982,valid,-0.9301919483246489,1.414982733154969,0.4533080282193221,-0.05957826872374888,0.14694431709706163,0.25222944693279364,-0.19981040140598225,-0.43663029650936874,-0.02103700654282613,0.10310216670872313
983,valid,-1.669381487939837,1.5434232893839916,0.45424487336767255,-0.03370132101568396,-0.08364705493442208,0.4456317317436497,-0.19447849214190036,-0.4143620654289865,-0.34201057440205035,-0.6612957210633509
984,valid,-1.385132468848394,0.9261273488977613,0.5405488447283221,-0.05338905687810027,0.18457547450628065,0.4081650832729852,-0.2708933360027425,-0.5028467376317315,-0.4272877912915471,-0.22461954409609378
985,valid,-1.0199879629895916,1.1126550446292816,0.4806010384376656,-0.0783618366707577,0.1681497457830651,0.19796542860414218,-0.2986178326705263,-0.5911248649734887,-0.1941102907930147,0.05639587675023725
986,valid,-1.5865401153005252,1.135698930513937,0.5153418093184724,-0.06030851313074859,0.1957758942264063,0.4528273808498321,-0.20244166581224843,-0.522480900396331,-0.8923804567224798,0.07761836269777284
987,valid,-1.2976327332170654,1.5074224503264944,0.575206589144663,-0.04325812740365074,0.2210818782084293,0.2645250193489418,-0.19664321107368885,-0.61652381349483,-0.17572937835517755,0.11414280068584733
988,valid,-1.205437190593438,0.9754683025723351,0.38186302547583645,-0.028378019705701255,0.2671723896854967,0.36887253169117173,-0.25374909898595804,-0.5582165805327906,-0.4383432815562662,-0.1577330214976452
989,valid,-1.1308960663700827,0.7267692409105433,0.49811723215012554,-0.056925250868423274,0.2604160995055253,0.3384465524423749,-0.15813449255125112,-0.4525905414803401,-0.3781852334187449,0.2534610910439022
990,valid,-1.4701431131266578,1.256046488944096,0.4382163751978468,-0.017518951225483113,0.1729656701021046,0.4072404103911467,-0.1671166672048176,-0.3530976712313103,-0.9131587625671892,0.14152697345211943
991,valid,-1.2618171261063962,1.0274380763115865,0.6158694780880349,-0.038080330480142754,0.2810285966445904,0.316788504482442,-0.2678244295272354,-0.6368616981166735,-0.4449396078363774,-0.14166582942934922
992,valid,-1.2576585405782683,0.7419741843139737,0.5869160192364367,-0.06454501807057213,0.31195946391691837,0.3185196005031143,-0.2883980833963343,-0.6708126624599573,-0.35427778858221015,-0.3890988095316206
993,valid,-1.4366559882439143,0.9547318957460481,0.6864218626956353,-0.0753036633951808,0.1489112478150253,0.37237601876009835,-0.2587093427451887,-0.9416308536391079,-0.599171005095158,0.010625705793044863
994,valid,-1.7332168495685298,0.9806656517634186,0.36745451363650666,-0.0756068339977852,0.12228192647174871,0.5881768385779913,-0.16801558372727657,-0.4805869177330442,-0.7703094788522635,-0.10876109004060076
995,valid,-1.0807119792255087,1.2869121842949944,0.5966336189511494,-0.061968668464521474,0.20585153862324101,0.28549495025168975,-0.026333119986028407,-0.3885847201828155,0.11225884731693092,0.17901206830245642
997,valid,-1.2367583755000413,1.5399943562381324,0.6705176425485823,-0.0637374907812599,0.07335362846796535,0.32540407484524214,-0.1223399452018127,-0.33122701286412015,-0.2693317126909887,0.1364888189694769
998,valid,-1.4650031852794614,0.6650779848066419,0.5650299629829494,-0.08199886353111932,0.08766570330412966,0.46085440057073357,-0.292996137050924,-1.1262555994380368,-0.7242087427807534,0.10639232858918976
999,valid,-1.39573260834273,1.0954735137320093,0.32368540215557945,-0.010765163286978477,0.1598881362026347,0.4540117627061792,-0.31561454614801093,-0.44401775303363844,-0.6124231162979854,0.03578378415513093
