MUNICIP_ID,GDP_PER_CAP,POP_2024,POP_DENSITY,FIBER_PER_100,LTE_ACCESS_PER_100,NR_ACCESS_PER_100,AVG_DL_SPEED,NR_STATION_CNT,NR_PER_100K_POP,SLP_PER_100K_POP,HIGH_NR_P70,HIGH_NR_P75,HIGH_NR_P80,HIGH_SLP,REGION_North,REGION_Northeast,REGION_South,REGION_Southeast
1100015,32138.756399597427,22853.0,3.04,116.33045989585612,79.12309106025467,0.0,48.776754521963824,0.0,0.0,472.5856561501772,0,0,0,0,True,False,False,False
1100023,29577.27980252917,108573.0,21.88,161.91686699271457,57.50048354563289,40.03942048207197,98.78443376893875,87.0,80.13041916498577,711.0423401766553,1,1,1,0,True,False,False,False
1100031,41900.527240773285,5690.0,4.07,229.24428822495605,50.298769771528995,19.121265377855888,26.61752052545156,12.0,210.896309314587,1230.2284710017575,1,1,0,0,True,False,False,False
1100049,28600.89924926001,97637.0,22.91,180.76036748363836,59.44365353298442,42.097770312483995,92.33538108621973,51.0,52.2342964245112,317.502586109774,1,1,1,0,True,False,False,False
1100056,43773.902798232695,16975.0,5.71,71.85272459499264,68.26509572901325,33.349042709867454,42.93951079136691,9.0,53.01914580265096,1060.3829160530192,1,0,0,0,True,False,False,False
1100064,25611.64697371594,16588.0,10.79,106.99300699300699,92.96479382686279,0.0,66.66772743238496,0.0,0.0,1410.6583072100314,0,0,0,0,True,False,False,False
1100072,49586.30171228597,8001.0,2.46,85.0893638295213,71.61604799400075,0.0,11.969358974358974,0.0,0.0,1624.7969003874516,0,0,0,1,True,False,False,False
1100080,23419.02085490312,13522.0,2.53,82.70965833456589,40.4304097027067,13.348617068480994,22.08144927536232,9.0,66.55820144948972,695.1634373613371,1,0,0,0,True,False,False,False
1100098,23638.230889140203,32717.0,6.51,55.717211235749,71.473545863007,0.0,69.87264957264958,0.0,0.0,323.99058593391817,0,0,0,0,True,False,False,False
1100106,24206.254448602853,43553.0,1.58,105.9054485339701,56.53112299956375,19.1421945675384,33.34414755351682,6.0,13.776318508483916,583.1974835258192,0,0,0,0,True,False,False,False
1100114,31749.239875501506,55583.0,17.18,163.1290142669521,60.721803429106025,37.72016623787849,39.63711056309084,12.0,21.589334868574923,694.4569382724934,1,1,0,0,True,False,False,False
1100122,30355.807662224903,139359.0,18.03,180.22373868928452,60.110218930962475,39.364518976169464,94.20251224431,117.0,83.9558263190752,770.6714313392031,1,1,1,0,True,False,False,False
1100130,26137.421836009747,34063.0,3.61,138.84273258374188,75.70384287937058,0.0,61.05875306051067,0.0,0.0,716.3197604438834,0,0,0,0,True,False,False,False
1100148,33316.34755210858,16504.0,9.21,235.72467280659234,90.74769752787203,0.0,73.7997510568342,0.0,0.0,4071.7401841977703,0,0,0,1,True,False,False,False
1100155,25491.740130813578,38681.0,17.79,124.73565833354877,63.55316563687599,35.679015537343915,83.40289952485804,15.0,38.77872857475246,811.7680514981515,1,1,1,0,True,False,False,False
1100189,42061.326914705656,39053.0,5.62,121.63470155941926,59.57800937187924,34.112616188256986,64.88303614154388,42.0,107.54615522495071,1428.8274908457736,1,1,1,0,True,False,False,False
1100205,38953.56330590262,514873.0,13.51,162.15765829631772,69.16909606835084,44.883495541619,130.46103421334738,858.0,166.64303624388927,5047.069859946045,1,1,1,1,True,False,False,False
1100254,27303.34340579004,20518.0,10.99,209.41124865971344,82.31796471390973,0.0,68.00818546078993,0.0,0.0,614.0949410273906,0,0,0,0,True,False,False,False
1100262,49141.48681055156,3753.0,2.02,26.485478284039434,83.77298161470823,0.0,49.96514731369151,0.0,0.0,10711.430855315748,0,0,0,1,True,False,False,False
1100288,25020.236896369828,62559.0,38.69,156.18695951022235,60.554036989082306,28.69770936236193,73.7931325058028,15.0,23.977365367093462,655.381320033888,1,1,1,0,True,False,False,False
1100296,27115.65316744953,7877.0,6.19,65.51986797003936,70.92801828107147,15.132664720071093,60.8637294332724,9.0,114.25669671194618,1320.2996064491558,1,0,0,0,True,False,False,False
1100304,38841.976264189885,108528.0,8.19,132.31332006486807,62.56081379920389,42.50700280112045,107.83180853399692,93.0,85.6921716054843,3468.2293970219666,1,1,1,1,True,False,False,False
1100320,40658.41828715139,22267.0,2.9,100.4715498270984,84.3804733462074,0.0,51.26199341021417,0.0,0.0,2029.9097318902411,0,0,0,1,True,False,False,False
1100338,26062.81583380124,28496.0,2.53,83.87843907916901,60.324256035934866,0.0,78.28863549980996,0.0,0.0,210.55586749017405,0,0,0,0,True,False,False,False
1100346,25484.570354845702,13837.0,4.33,279.48977379489776,71.90865071908651,0.0,45.62028481012658,0.0,0.0,650.4300065043001,0,0,0,0,True,False,False,False
1100379,39441.57220908424,12263.0,2.9,87.13202315909646,70.18674060181033,0.0,59.86197767145136,0.0,0.0,260.94756584848733,0,0,0,0,True,False,False,False
1100403,29246.979327721467,17463.0,6.15,89.91582202370726,69.7131077134513,0.0,53.80147796988288,0.0,0.0,1213.995304357785,0,0,0,0,True,False,False,False
1100452,31454.19636174298,30729.0,8.57,193.93732304988774,98.38914380552572,5.011552605031079,47.14475234842015,9.0,29.28829444498682,566.2403592697452,1,0,0,0,True,False,False,False
1100502,28736.46971201589,8056.0,9.09,246.487090367428,75.37239324726912,0.0,20.35500680272109,0.0,0.0,918.5700099304865,0,0,0,0,True,False,False,False
1100601,63368.92980437284,4345.0,2.12,136.27157652474108,49.25201380897583,21.127733026467205,61.977,9.0,207.13463751438434,1150.7479861910242,1,0,0,0,True,False,False,False
1100700,40013.766937669374,9225.0,2.57,89.38753387533875,40.72628726287263,0.0,58.33312859884837,0.0,0.0,780.4878048780488,0,0,0,0,True,False,False,False
1100809,27131.109547655506,24163.0,3.26,66.77978727806978,85.58126060505732,0.0,42.656127744510975,0.0,0.0,1390.5558084674917,0,0,0,0,True,False,False,False
1100908,28827.256944444445,3456.0,3.62,185.53240740740742,56.59722222222222,0.0,68.81282051282051,0.0,0.0,520.8333333333334,0,0,0,0,True,False,False,False
1100924,46282.25886069701,10129.0,1.82,45.83868101490769,57.537762859117386,24.938295981834337,55.30204918032787,15.0,148.08964359759108,4126.764734919538,1,1,1,1,True,False,False,False
1100940,30709.31184285085,15883.0,3.85,99.79223068689794,71.02562488194926,0.0,73.38116728624536,0.0,0.0,1322.1683561040106,0,0,0,0,True,False,False,False
1101005,28424.10926365796,8420.0,1.58,33.02850356294537,70.61757719714964,0.0,26.43019696969697,0.0,0.0,1021.3776722090262,0,0,0,0,True,False,False,False
1101104,22795.85188402649,9209.0,2.09,107.63383646432837,90.74818112715822,0.0,53.860632452047696,0.0,0.0,13378.216961667933,0,0,0,1,True,False,False,False
1101203,44746.282109058135,6657.0,8.1,101.0515247108307,76.01021481147664,9.704070902809073,45.56417886178862,9.0,135.196034249662,120.17425266636623,1,0,0,0,True,False,False,False
1101302,26963.75770020534,9740.0,7.75,187.21765913757702,82.13552361396304,0.0,53.72565476190477,0.0,0.0,225.87268993839837,0,0,0,0,True,False,False,False
1101401,31842.25145004493,12241.0,5.98,85.22996487215097,79.42161588105547,0.0,48.85542266750157,0.0,0.0,604.5257740380688,0,0,0,0,True,False,False,False
1101435,23919.87228219553,6577.0,7.68,39.744564391059754,56.956058993462065,19.887486696062034,108.44284172661872,9.0,136.84050478941768,760.225026607876,1,0,0,0,True,False,False,False
1101450,35405.46697038724,4390.0,1.62,72.46013667425969,60.91116173120729,0.0,81.8784892086331,0.0,0.0,2323.462414578588,0,0,0,1,True,False,False,False
1101468,106537.86239723064,2311.0,0.36,78.9701427953267,87.06187797490264,0.0,38.09915422885573,0.0,0.0,6490.6966681090435,0,0,0,1,True,False,False,False
1101476,32641.04910033547,3279.0,5.08,103.26318999695029,87.2522110399512,0.0,55.44524781341108,0.0,0.0,182.9826166514181,0,0,0,0,True,False,False,False
1101484,23314.00535236396,5605.0,9.71,186.67261373773417,55.379125780553075,18.037466547725245,110.54537906137185,15.0,267.6181980374665,178.4121320249777,1,1,1,0,True,False,False,False
1101492,27876.24921477928,17511.0,1.49,101.50191308320484,81.86282907886472,0.0,50.66251197809719,0.0,0.0,662.4407515276113,0,0,0,0,True,False,False,False
1101500,25705.264783078583,12954.0,2.96,166.72070402964334,71.78477690288715,0.0,41.42451371571072,0.0,0.0,741.0838351088466,0,0,0,0,True,False,False,False
1101559,26742.50440917108,4536.0,9.25,310.47178130511463,81.34920634920636,0.0,59.90013986013985,0.0,0.0,44.091710758377424,0,0,0,0,True,False,False,False
1101609,30144.73067915691,8540.0,3.69,58.594847775175644,58.25526932084309,0.0,36.50877551020408,3.0,35.1288056206089,1498.8290398126464,0,0,0,0,True,False,False,False
1101708,24040.16876153643,11377.0,12.89,182.15698338753626,76.99745099762679,0.0,58.59986910994764,0.0,0.0,263.6899006768041,0,0,0,0,True,False,False,False
1101757,26732.9703569268,8265.0,2.48,103.01270417422867,80.21778584392014,0.0,66.9003328894807,0.0,0.0,266.1826981246219,0,0,0,0,True,False,False,False
1101807,27129.62151103317,6843.0,6.71,77.18836767499634,66.28671635247699,0.0,58.754158730158736,0.0,0.0,409.17726143504314,0,0,0,0,True,False,False,False
1200013,27203.72518250665,14657.0,7.74,15.746742170976326,75.61574674217097,0.0,69.49564713064713,0.0,0.0,204.6803575083578,0,0,0,0,True,False,False,False
1200054,15620.669543916949,8573.0,1.63,74.73463198413624,66.95439169485594,20.284614487343987,26.328024691358024,3.0,34.99358450950659,209.96150705703954,0,0,0,0,True,False,False,False
1200104,24626.84530009698,27841.0,6.62,43.48622535110089,68.88761179555333,24.79077619338386,36.18618163403106,9.0,32.326425056571246,337.6315505908552,1,0,0,0,True,False,False,False
1200138,21853.11637367427,13766.0,4.26,10.576783379340403,63.49702164753741,0.0,68.40678979436406,0.0,0.0,334.1566177538864,0,0,0,0,True,False,False,False
1200179,46910.18128547885,10922.0,6.09,29.69236403589086,57.12323750228896,0.0,67.51070247933885,0.0,0.0,1538.1798205456876,0,0,0,0,True,False,False,False
1200203,20924.86430444593,98382.0,10.46,85.95881360411457,57.59691813543128,26.58209835132443,41.21875671130086,39.0,39.64139781667378,349.65745766502005,1,1,1,0,True,False,False,False
1200252,32653.22458077917,19739.0,11.35,51.24373068544506,76.2399311008663,0.0,44.531172006745365,0.0,0.0,516.7435027103703,0,0,0,0,True,False,False,False
1200302,15063.223886940814,37644.0,1.27,20.50260333652109,50.47816385081288,11.648602698969292,55.45044907778669,3.0,7.9693975135479755,132.82329189246627,0,0,0,0,True,False,False,False
1200328,11645.550219679166,9787.0,1.72,0.6743639521814652,47.64483498518443,0.0,32.24527426160338,0.0,0.0,20.435271278226217,0,0,0,0,True,False,False,False
1200336,13242.412317379114,20329.0,3.54,51.63067538983718,69.97392887008706,0.0,56.44847393874261,0.0,0.0,29.514486693885583,0,0,0,0,True,False,False,False
1200344,14472.761427676896,12776.0,1.13,41.01440200375704,60.386662492172825,8.57858484658735,51.815742647058826,3.0,23.4815278647464,140.8891671884784,0,0,0,0,True,False,False,False
1200351,14309.23068352738,17951.0,2.09,0.24511169294189739,50.33702857779511,0.0,25.04703187250996,0.0,0.0,0.0,0,0,0,0,True,False,False,False
1200385,35118.2927541309,17127.0,8.48,18.40952881415309,73.61476031996263,0.0,81.24609799291618,0.0,0.0,583.8734162433584,0,0,0,0,True,False,False,False
1200393,14238.137472283814,11275.0,1.67,0.549889135254989,54.926829268292686,0.0,19.251939393939395,0.0,0.0,0.0,0,0,0,0,True,False,False,False
1200401,28247.05042129472,387852.0,41.28,133.6391200767303,72.25720120045791,40.961500778647526,126.90736970341042,597.0,153.92469292410507,683.7659725874818,1,1,1,0,True,False,False,False
1200427,16454.20608869151,15537.0,4.86,37.05992147776276,57.495011907060565,0.0,68.80568551510457,0.0,0.0,51.48999163287636,0,0,0,0,True,False,False,False
1200435,15195.9960800784,7143.0,1.09,0.16799664006719867,37.8132437351253,0.0,18.349277108433736,0.0,0.0,0.0,0,0,0,0,True,False,False,False
1200450,34881.5318539728,22352.0,9.25,79.96152469577666,66.73228346456693,10.943092340730136,86.86101485714286,9.0,40.264853256979244,465.2827487473157,1,0,0,0,True,False,False,False
1200500,17034.65707259313,43916.0,1.74,15.04463065852992,77.70061025594316,0.0,47.49298292902067,0.0,0.0,100.19127425084251,0,0,0,0,True,False,False,False
1200609,15303.738418212695,46517.0,2.16,17.058279768686717,59.83403916847604,1.8315884515338479,51.72988809766022,3.0,6.449255111034676,68.7920545177032,0,0,0,0,True,False,False,False
1200708,23833.47302252488,19090.0,3.41,4.65688842325825,74.01781037192248,0.0,41.20830386740332,0.0,0.0,576.2179151388161,0,0,0,0,True,False,False,False
1200807,27001.71870524205,17455.0,6.41,11.35491263248353,75.3136637066743,0.0,45.41603090687271,0.0,0.0,423.9472930392438,0,0,0,0,True,False,False,False
1300029,13037.3725254949,16670.0,2.68,0.10197960407918416,42.86142771445711,0.0,16.747798353909467,0.0,0.0,527.8944211157768,0,0,0,0,True,False,False,False
1300060,10417.316624309877,11411.0,2.28,0.10516168609236702,53.56235211637893,0.0,15.87932283464567,0.0,0.0,1069.1438086057312,0,0,0,0,True,False,False,False
1300086,13432.738902888155,10318.0,4.07,0.22291141694126768,64.49893390191897,0.0,41.80191142191142,0.0,0.0,1550.688117852297,0,0,0,0,True,False,False,False
1300102,13854.282846308275,17932.0,2.85,0.7918804372072273,56.97077849654249,0.0,38.598861538461534,0.0,0.0,1360.6959625250947,0,0,0,0,True,False,False,False
1300144,13701.863354037268,21735.0,0.38,31.70462387853692,56.00184034966644,0.0,8.956422413793103,0.0,0.0,82.81573498964804,0,0,0,0,True,False,False,False
1300201,11637.742260256731,15892.0,0.2,1.4409765919959727,44.31160332242638,0.0,14.49101851851852,0.0,0.0,377.5484520513466,0,0,0,0,True,False,False,False
1300300,11170.6009530533,45328.0,5.43,38.252294387575006,50.5780091775503,5.9742322626191315,40.795042839657285,3.0,6.61842569714084,966.2901517825627,0,0,0,0,True,False,False,False
1300409,13187.05035971223,18626.0,0.15,0.16643401696553206,59.30419843229894,0.0,20.94844618055556,0.0,0.0,869.7519596263288,0,0,0,0,True,False,False,False
1300508,10314.9300155521,33436.0,5.4,8.595525780595764,57.31845914583084,0.0,26.22735171261487,0.0,0.0,867.328627826295,0,0,0,0,True,False,False,False
1300607,9597.398109062184,40509.0,4.32,21.1311066676541,52.77098916290207,0.0,18.181446384039894,0.0,0.0,192.54980374731542,0,0,0,0,True,False,False,False
1300631,9571.331767256956,22136.0,1.19,0.1671485363209252,55.30357788218287,0.0,28.419988165680472,0.0,0.0,262.0166245030719,0,0,0,0,True,False,False,False
1300680,7078.738018549419,25769.0,9.19,1.5483720749738057,43.29232799099693,0.0,32.92821626348004,0.0,0.0,605.3785556288564,0,0,0,0,True,False,False,False
1300706,13407.833498927992,38246.0,1.62,33.01260262511112,56.48433823144904,0.0,23.678768656716414,0.0,0.0,251.0066412173822,0,0,0,0,True,False,False,False
1300805,11529.31563404914,34879.0,0.75,18.33768169959001,45.35393789959574,11.324865965193956,27.19823949955317,3.0,8.601164024197942,860.1164024197941,0,0,0,0,True,False,False,False
1300839,12431.446540880504,14310.0,1.42,0.25157232704402516,40.55206149545772,0.0,44.15932551319648,0.0,0.0,1984.6261355695317,0,0,0,1,True,False,False,False
1300904,8628.235951915012,17885.0,0.5,4.763768521107073,37.05339670114621,0.0,51.40361516034985,0.0,0.0,123.00810735253005,0,0,0,0,True,False,False,False
1301001,11998.672795545772,30892.0,1.11,0.016185420173507704,48.918813932409684,0.0,69.75252293577981,0.0,0.0,200.69921015149552,0,0,0,0,True,False,False,False
1301100,12181.554774674803,32442.0,5.05,14.727821959188706,31.96781949324949,8.627704827076013,48.405895522388064,3.0,9.247272054743851,271.25331360581964,0,0,0,0,True,False,False,False
1301159,20867.98929779393,19809.0,7.47,0.186783785148165,26.538442122267657,0.0,39.25292682926829,0.0,0.0,312.98904538341156,0,0,0,0,True,False,False,False
1301209,45791.45218098076,73820.0,1.22,11.919534001625575,67.27851530750475,0.0,21.10286815920398,0.0,0.0,1370.9021945272284,0,0,0,0,True,False,False,False
1301308,21757.59682630567,24451.0,1.26,18.011533270622877,66.95840660913665,0.0,25.978030188679245,0.0,0.0,1046.991943069813,0,0,0,0,True,False,False,False
1301407,15985.703832948726,35534.0,2.22,1.834862385321101,58.929475994821864,0.0,12.305626036484243,0.0,0.0,140.7103056227838,0,0,0,0,True,False,False,False
1301506,12027.176339285714,17920.0,2.29,0.3515625,55.32924107142857,0.0,8.631055900621119,0.0,0.0,279.01785714285717,0,0,0,0,True,False,False,False
1301605,7991.856502242153,27875.0,2.13,3.9713004484304935,47.13542600896861,0.0,12.78037908496732,0.0,0.0,394.6188340807175,0,0,0,0,True,False,False,False
1301654,12372.313703600335,14332.0,1.82,31.461066145687973,51.737370918224954,0.0,25.636709090909093,0.0,0.0,265.14094334356685,0,0,0,0,True,False,False,False
1301704,13804.211066889202,62312.0,1.74,50.95647708306586,59.73969700860187,7.318012581846193,47.04619281468079,9.0,14.44344588522275,767.107459237386,1,0,0,0,True,False,False,False
1301803,8504.949328305443,25458.0,2.01,6.854426899206536,33.74970539712468,0.0,10.346186440677965,0.0,0.0,117.84115012962526,0,0,0,0,True,False,False,False
1301852,14927.764698870578,67114.0,27.59,47.188366063712486,52.83696397174956,22.07140089996126,63.53284304285026,42.0,62.580087612122654,360.58050481270675,1,1,1,0,True,False,False,False
1301902,20889.29079274796,112520.0,11.65,47.224493423391394,51.32509776039815,20.394596516174904,92.12353098880304,75.0,66.6548169214362,1485.9580519018841,1,1,1,0,True,False,False,False
1301951,11561.807331628304,11730.0,0.43,0.10230179028132992,51.69650468883206,0.0,33.167867383512544,0.0,0.0,255.7544757033248,0,0,0,0,True,False,False,False
1302009,14114.66913465988,10805.0,2.34,56.298010180472005,126.50624710782046,0.0,58.67356823650739,6.0,55.529847292919946,999.537251272559,0,0,0,0,True,False,False,False
1302108,9131.531339789297,9397.0,0.16,0.9790358625093115,80.97265084601469,0.0,20.62394944707741,0.0,0.0,85.13355326167925,0,0,0,0,True,False,False,False
1302207,12381.09756097561,11152.0,0.55,8.21377331420373,50.83393113342898,0.0,12.755798319327733,0.0,0.0,2456.958393113343,0,0,0,1,True,False,False,False
1302306,9631.797801562048,27656.0,0.36,4.649985536592421,55.81428984668788,0.0,12.191438645980254,0.0,0.0,752.0971940989297,0,0,0,0,True,False,False,False
1302405,12778.179737159442,48927.0,0.67,10.462525803748441,52.92578739755145,2.272773724119607,22.48087153367289,3.0,6.131583788092464,241.1756289983036,0,0,0,0,True,False,False,False
1302504,13954.83824339829,110691.0,13.89,45.69657876430785,51.416104290321705,21.000804040075526,68.16775151396757,51.0,46.0742065750603,505.9128565104661,1,1,1,0,True,False,False,False
1302553,18304.133106002704,17009.0,4.31,27.262037744723383,57.45781645011464,0.0,23.43906998590888,0.0,0.0,470.3392321712035,0,0,0,0,True,False,False,False
1302603,45305.099035568936,2279686.0,181.01,98.92138654183076,68.94010841844009,44.24837455684686,115.29236883883434,3543.0,155.4161406439308,1546.7919704731266,1,1,1,0,True,False,False,False
1302702,11881.973060009002,57758.0,1.12,17.355171577963226,46.40222999411337,0.0,10.554606525911709,0.0,0.0,571.3494234564909,0,0,0,0,True,False,False,False
1302801,11122.704033327022,15843.0,0.92,1.975635927538976,38.90046077131856,0.0,12.575452488687784,0.0,0.0,391.3400239853563,0,0,0,0,True,False,False,False
1302900,9066.956812855708,65714.0,1.53,22.272270749003255,50.626959247648905,5.385458197644337,24.84023157029323,3.0,4.565237240161914,225.21837051465442,0,0,0,0,True,False,False,False
1303007,9807.874538046051,21106.0,1.43,16.03335544394959,51.17502132095139,0.0,21.921946195880626,0.0,0.0,521.1788117123093,0,0,0,0,True,False,False,False
1303106,12086.602752326036,28267.0,4.85,26.472565182014364,70.64067640711784,0.6509357200976403,27.898307457368286,15.0,53.06541196448155,424.5232957158524,1,1,1,0,True,False,False,False
1303205,11327.68567437906,16467.0,0.42,27.521710086840347,54.715491589239086,18.67978381004433,62.12673746813934,3.0,18.218254691200585,1833.9709722475254,0,0,0,1,True,False,False,False
1303304,10102.133109216791,24987.0,0.58,0.10005202705406811,45.26353703926041,0.0,15.43954700854701,0.0,0.0,216.11237843678714,0,0,0,0,True,False,False,False
1303403,13995.959041155009,101956.0,16.18,37.42202518733571,63.6872768645298,23.092314331672487,78.45880890524646,132.0,129.46761348032484,845.4627486366668,1,1,1,0,True,False,False,False
1303502,9862.643337287464,20232.0,0.47,5.911427441676552,42.694741004349545,0.0,16.724048140043763,0.0,0.0,49.426650850138394,0,0,0,0,True,False,False,False
1303536,31266.058659556416,33004.0,1.2,21.488304447945705,66.40407223366864,0.0,45.65420460778936,0.0,0.0,7811.174403102655,0,0,0,1,True,False,False,False
1303569,15828.091591182989,25723.0,4.29,40.73397348676282,71.55463981650662,0.0,36.42101666099966,3.0,11.662714302375306,559.8102865140147,0,0,0,0,True,False,False,False
1303601,13107.858352144469,14176.0,0.23,0.02116252821670429,47.65801354401806,0.0,8.104192139737991,0.0,0.0,1382.6185101580136,0,0,0,0,True,False,False,False
1303700,7794.075144508671,30448.0,2.28,0.01970572779821335,39.91395165528113,0.0,13.243315068493152,0.0,0.0,328.4287966368891,0,0,0,0,True,False,False,False
1303809,7500.1772861043155,56406.0,0.47,1.5299790802396909,62.24337836400383,0.0,8.783666210670315,0.0,0.0,1205.5455093429778,0,0,0,0,True,False,False,False
1303908,9493.436754176611,35196.0,1.68,0.7756563245823389,45.94272076372315,0.0,16.214839400428264,0.0,0.0,392.09001022843506,0,0,0,0,True,False,False,False
1303957,11154.486813097084,12247.0,1.1,4.107128276312566,52.763942189924066,0.0,43.55480732177264,0.0,0.0,424.5937780680983,0,0,0,0,True,False,False,False
1304005,14111.7381489842,12404.0,3.1,32.71525314414705,63.93905191873589,0.0,23.435486307837586,0.0,0.0,628.8294098677845,0,0,0,0,True,False,False,False
1304062,10487.043979912289,72283.0,20.48,44.97876402473611,61.71160577175823,0.0,12.296628300609342,0.0,0.0,251.78811062075454,0,0,0,0,True,False,False,False
1304203,13854.940841090844,79278.0,3.11,8.4487499684654,66.73856555412598,6.150508337748177,9.746333705357143,9.0,11.352455914629532,527.258508035016,1,0,0,0,True,False,False,False
1304237,9167.820411392406,20224.0,2.99,4.4056566455696204,39.47290348101266,0.0,11.185855855855856,0.0,0.0,702.1360759493671,0,0,0,0,True,False,False,False
1304260,15002.55269014269,15278.0,1.4,5.504647205131562,50.21599685822752,0.0,13.047713815789471,0.0,0.0,1191.2553999214556,0,0,0,0,True,False,False,False
1304302,10543.75801076647,19505.0,0.67,0.5434503973340169,54.980774160471675,0.0,15.078137973137974,0.0,0.0,410.1512432709562,0,0,0,0,True,False,False,False
1304401,9091.161300406377,25592.0,8.3,21.151140981556736,46.07299155986246,0.0,46.91810562015504,0.0,0.0,804.9390434510784,0,0,0,0,True,False,False,False
1400027,15454.405441827632,15583.0,0.49,4.427902201116601,22.299942244753897,0.0,59.92175159235669,0.0,0.0,898.4149393569916,0,0,0,0,True,False,False,False
1400050,16725.541238231595,23049.0,0.83,6.499197362141524,28.999088897566054,0.0,39.82041397153946,0.0,0.0,564.0157924421884,0,0,0,0,True,False,False,False
1400100,28698.965691060024,470169.0,72.71,122.01314846363755,68.02639051064617,40.21447607137008,126.39213473330392,720.0,153.1364254129898,1177.0235808826187,1,1,1,0,True,False,False,False
1400159,34319.077650768624,15222.0,1.72,11.489948758376034,53.18617790040731,0.0,45.780512975256485,0.0,0.0,1077.387991065563,0,0,0,0,True,False,False,False
1400175,17179.39859867653,20552.0,2.44,16.499610743479952,31.02861035422343,0.0,57.125314483554526,0.0,0.0,379.525107045543,0,0,0,0,True,False,False,False
1400209,20197.7453994564,22443.0,0.44,13.10876442543332,55.37138528717195,0.0,35.850364916773366,0.0,0.0,1167.4018624961013,0,0,0,0,True,False,False,False
1400233,20224.461906388795,11708.0,0.88,21.98496754355996,69.90946361462248,0.0,32.47735800344234,0.0,0.0,307.48206354629315,0,0,0,0,True,False,False,False
1400282,19342.827982928186,10778.0,0.72,8.303952495824829,34.23640749675265,0.0,27.980353053435117,0.0,0.0,241.23213954351456,0,0,0,0,True,False,False,False
1400308,20075.029308323563,19619.0,1.47,21.397624751516386,62.35282124471176,0.0,46.455663858804655,0.0,0.0,132.5245935062949,0,0,0,0,True,False,False,False
1400407,12884.845020325203,15744.0,2.01,5.233739837398374,46.2525406504065,0.0,43.79390018484288,0.0,0.0,609.7560975609756,0,0,0,0,True,False,False,False
1400456,14888.34600072385,22104.0,2.41,15.218964893231995,68.46272167933405,0.0,19.615012254901963,0.0,0.0,370.97357944263484,0,0,0,0,True,False,False,False
1400472,19929.68133453071,36747.0,0.97,29.67044928837728,76.71374533975563,0.0,49.31500684797496,0.0,0.0,495.27852613818817,0,0,0,0,True,False,False,False
1400506,33696.720468798194,9727.0,2.07,9.386244474144135,48.781741544155445,12.93307288989411,64.8455230125523,3.0,30.84198622391282,143.92926904492649,0,0,0,0,True,False,False,False
1400605,23012.98701298701,7777.0,4.79,10.633920534910635,55.291243410055294,0.0,65.72199101796407,0.0,0.0,231.45171660023146,0,0,0,0,True,False,False,False
1400704,9244.428745745296,15571.0,1.69,0.07064414616916062,22.085928970522126,0.0,14.14641393442623,0.0,0.0,1464.260484233511,0,0,0,0,True,False,False,False
1500107,11391.727437002555,170999.0,98.21,88.34086749045316,52.545336522435804,20.809478418002445,79.35298402913982,78.0,45.61430183802244,174.27002497090626,1,1,1,0,True,False,False,False
1500131,16725.483973341798,6302.0,9.99,37.52776896223421,94.41447159631863,0.0,29.853548387096776,0.0,0.0,729.92700729927,0,0,0,0,True,False,False,False
1500206,22846.8604966428,62701.0,13.59,20.409562845887624,38.87338319962999,4.189725841693115,49.90982683982684,6.0,9.569225371206201,1090.8916923175068,0,0,0,0,True,False,False,False
1500305,11026.164090841326,40246.0,4.53,25.20250459673011,33.11881926154152,0.0,44.63884474647151,0.0,0.0,417.43278835163744,0,0,0,0,True,False,False,False
1500347,35793.59688195991,17960.0,2.54,26.58129175946548,59.45991091314031,0.0,41.65324046920821,12.0,66.815144766147,2126.948775055679,1,1,0,1,True,False,False,False
1500404,9952.576300176386,74836.0,2.93,23.094499973274896,44.68838526912181,11.781762787963013,64.77171825647505,30.0,40.08765834625047,179.05820727991875,1,1,1,0,True,False,False,False
1500503,18929.184785600264,36334.0,0.47,57.2466560246601,71.57758573237189,8.710849342213905,62.47977326968974,18.0,49.54037540595586,1051.3568558375075,1,1,1,0,True,False,False,False
1500602,22767.787008512067,136982.0,0.79,78.21903607773284,69.0762289935904,29.710472908849336,73.26457885219378,150.0,109.50343840796602,9183.68836781475,1,1,1,1,True,False,False,False
1500701,8618.271506182715,30003.0,4.05,12.278772122787721,49.28840449288405,0.0,25.489114583333333,0.0,0.0,0.0,0,0,0,0,True,False,False,False
1500800,17599.271815027627,507838.0,2512.2,86.7193868910952,71.73783765689058,34.932793528644964,112.6620574351745,849.0,167.1792973349769,370.9844477963445,1,1,1,0,True,False,False,False
1500859,16815.37757175151,34947.0,2.68,89.32955618508026,52.791369788536926,11.700575156665808,32.942749410840534,9.0,25.753283543651815,3634.0744556042005,1,0,0,1,True,False,False,False
1500909,7632.259013362467,47596.0,40.53,48.804521388351965,43.74107067820825,0.0,65.47371891484552,6.0,12.606101353054878,201.69762164887806,0,0,0,0,True,False,False,False
1500958,12674.643312363802,24321.0,13.12,44.17170346614037,48.38205665885449,2.1010649233172978,27.308171779141105,3.0,12.335019119279634,65.78676863615806,0,0,0,0,True,False,False,False
1501006,7895.54179888675,19223.0,1.07,0.046818914841596004,29.324246995786297,0.0,14.491274319066148,0.0,0.0,0.0,0,0,0,0,True,False,False,False
1501105,7226.9222995409,34633.0,7.25,0.020211936592267492,37.48448012011665,0.0,11.741548463356974,0.0,0.0,196.34452689631277,0,0,0,0,True,False,False,False
1501204,10039.83985415289,55949.0,13.73,6.314679440204472,33.126597436951506,0.4414734847807825,57.31242266120015,6.0,10.724052261881356,117.96457488069491,0,0,0,0,True,False,False,False
1501253,30321.025399811853,4252.0,1.36,20.649106302916273,55.526810912511756,0.0,67.53936507936507,0.0,0.0,376.29350893697085,0,0,0,0,True,False,False,False
1501303,67300.0123788511,137331.0,96.65,100.9196758197348,75.11850929506083,33.95518855902892,74.78528946222943,129.0,93.93363479476594,4415.609003065586,1,1,1,1,True,False,False,False
1501402,24002.110071210434,1398531.0,1230.25,95.64114059681194,79.62583596645337,43.45831447425906,120.27357840515776,2517.0,179.97455901942826,1308.08684255122,1,1,1,0,True,False,False,False
1501451,12501.741057296613,18954.0,4.11,19.30463226759523,56.65294924554184,0.0,38.46848993288591,0.0,0.0,717.5266434525694,0,0,0,0,True,False,False,False
1501501,29126.30699065859,68191.0,338.44,76.26372981771789,86.32517487644998,22.278599815224883,47.652889746715424,36.0,52.79289055740494,627.6488099602586,1,1,1,0,True,False,False,False
1501576,12852.305095474208,18958.0,6.39,45.80651967507121,51.78816330836586,0.0,63.171525198938994,0.0,0.0,833.4212469669797,0,0,0,0,True,False,False,False
1501600,15892.44499153716,12998.0,21.5,7.124172949684567,57.17802738882905,0.0,45.48265789473684,0.0,0.0,953.9929219879981,0,0,0,0,True,False,False,False
1501709,10543.906013867056,131679.0,57.93,58.71779099172989,53.26893430235649,18.172221842510954,73.81935072670956,75.0,56.956690132823,284.0240281290107,1,1,1,0,True,False,False,False
1501725,14266.51883033902,26606.0,3.88,47.16981132075472,45.23415770878749,14.692174697436668,32.85032727272727,3.0,11.275652108546945,120.2736224911674,0,0,0,0,True,False,False,False
1501758,16460.12884753042,6985.0,5.26,0.12884753042233357,62.7630637079456,0.0,49.83352631578948,0.0,0.0,286.3278453829635,0,0,0,0,True,False,False,False
1501782,16763.489683428015,47351.0,11.6,27.33205212139131,56.35572638381449,11.146543895588266,41.50008336641525,12.0,25.342653798230238,8641.844945196512,1,1,0,1,True,False,False,False
1501808,7758.559247638004,115051.0,11.18,9.431469522211888,43.8666330583828,15.470530460404516,58.33007064201122,51.0,44.328167508322394,60.84258285456015,1,1,1,0,True,False,False,False
1501907,21362.53583943931,25112.0,24.51,24.199585855367953,52.16629499840714,0.0,43.0839222614841,0.0,0.0,238.92959541255178,0,0,0,0,True,False,False,False
1501956,11612.728572887936,19578.0,8.11,24.440698743487587,38.778220451527226,9.33701093063643,64.65592935239697,3.0,15.323322096230463,173.66431709061192,0,0,0,0,True,False,False,False
1502004,10137.503466307491,25243.0,7.74,4.67060175098047,47.50227785920849,0.0,39.860363306085375,3.0,11.884482826922316,158.45977102563086,0,0,0,0,True,False,False,False
1502103,9680.742785236063,143837.0,43.55,6.786849002690546,44.47325792389997,14.481670223934037,67.35872314552087,66.0,45.885272913089125,148.7795212636526,1,1,1,0,True,False,False,False
1502152,403882.244975701,86629.0,24.49,164.34334922485542,107.1534936337716,50.02020108739568,59.23639899623589,39.0,45.01956619607753,3054.404414226183,1,1,1,1,True,False,False,False
1502202,19070.67425943749,74808.0,113.27,105.30290877980964,75.16174740669447,16.89525184472249,50.8229671115348,36.0,48.12319538017324,1232.4885039033259,1,1,1,0,True,False,False,False
1502301,10261.107404936623,59960.0,19.48,43.47565043362241,62.73015343562375,0.0,37.06637871088527,6.0,10.00667111407605,103.40226817878586,0,0,0,0,True,False,False,False
1502400,22674.91799251456,207603.0,186.78,134.52406757127787,75.41461346897684,31.06120817136554,94.0874761634148,174.0,83.81381771939712,212.90636455157198,1,1,1,0,True,False,False,False
1502608,7454.236285672039,13526.0,33.5,34.37084134259944,49.356794322046426,0.0,45.6522591943958,0.0,0.0,399.2311104539406,0,0,0,0,True,False,False,False
1502707,14064.3113441899,47099.0,7.65,90.57092507271916,59.05857873840209,14.92813010891951,38.27172848948375,15.0,31.847809932270323,135.88398904435337,1,1,1,0,True,False,False,False
1502756,14840.562802700888,28287.0,38.37,43.50054795489094,60.296249160391696,15.088203061477003,44.01554166666666,6.0,21.211157068618093,827.2351256761057,0,0,0,0,True,False,False,False
1502764,27232.509874807525,14937.0,0.82,35.020419093526144,40.70429135703287,0.0,34.521305785123964,0.0,0.0,4057.0395661779476,0,0,0,1,True,False,False,False
1502772,175798.98365214057,20859.0,8.42,52.53847260175464,88.14420633779184,0.0,22.447361963190183,0.0,0.0,13308.404046215062,0,0,0,1,True,False,False,False
1502806,7737.565498888919,36451.0,9.37,2.477298290856218,48.860113577130946,0.0,15.921060070671375,6.0,16.46045375984198,235.93317055773505,0,0,0,0,True,False,False,False
1502855,10079.142510448968,14834.0,9.86,11.6489146555211,78.95375488742079,0.0,32.67916666666667,0.0,0.0,53.93016044222732,0,0,0,0,True,False,False,False
1502905,8317.181906198635,44413.0,61.01,46.29950690113255,56.30108301623399,3.933532974579515,37.40445044160942,12.0,27.019116024587394,207.14655618850335,1,1,0,0,True,False,False,False
1502939,15084.239915278711,62322.0,11.1,58.403132120278556,54.55376913449504,0.0,44.82114021956088,6.0,9.62741888899586,959.5327492699207,0,0,0,0,True,False,False,False
1502954,18883.16057774002,29425.0,9.53,38.72217502124044,62.17841971112999,14.246389124893797,52.91334768568353,3.0,10.195412064570943,761.2574341546305,0,0,0,0,True,False,False,False
1503002,8391.671232876712,9125.0,0.74,22.005479452054793,58.84931506849315,0.0,33.51227191413238,0.0,0.0,789.0410958904109,0,0,0,0,True,False,False,False
1503044,32446.91624023701,18565.0,5.2,0.25316455696202533,63.01104228386749,0.0,30.956119909502263,0.0,0.0,764.8801508214382,0,0,0,0,True,False,False,False
1503077,10789.527238572324,25552.0,15.36,48.97072636192862,54.37930494677521,0.0,36.21617981790592,0.0,0.0,344.3957420162805,0,0,0,0,True,False,False,False
1503093,18708.3779888392,27059.0,3.75,51.40618648139251,66.23674193429173,0.0,30.148124658283216,0.0,0.0,10806.016482501202,0,0,0,1,True,False,False,False
1503101,9837.745415954249,33922.0,3.71,0.08254230293025175,41.27704734390661,0.0,6.757248803827752,0.0,0.0,8.843818171098402,0,0,0,0,True,False,False,False
1503200,10978.232730154536,37855.0,45.54,44.17382115968829,59.33430194161934,12.65882974507991,59.46849719816608,6.0,15.849953770968169,73.96645093118478,0,0,0,0,True,False,False,False
1503309,10013.922123123775,68955.0,32.47,3.8126314262925094,45.898049452541514,12.898266985715322,44.01583437110834,15.0,21.753317380900587,176.9269813646581,1,1,1,0,True,False,False,False
1503408,16229.31002417705,10754.0,21.85,24.07476287892877,41.92858471266506,0.0,42.37926553672317,0.0,0.0,37.19546215361726,0,0,0,0,True,False,False,False
1503457,20712.447775051394,30158.0,5.82,19.895218515816698,55.739770541813115,7.8420319649844155,52.127160633484166,9.0,29.84282777372505,2188.4740367398367,1,0,0,1,True,False,False,False
1503507,8492.84359899688,32698.0,22.35,38.109364487124594,53.841213529879504,0.0,44.72770889487871,3.0,9.17487308092238,116.21505902501681,0,0,0,0,True,False,False,False
1503606,23019.538613446635,133684.0,1.99,38.070374913976245,64.41458962927501,30.418000658268753,45.5009899016742,60.0,44.881960444032195,5195.834954070794,1,1,1,1,True,False,False,False
1503705,16122.980818977909,52187.0,6.31,25.87042750110181,47.08835533753617,6.507367735259739,37.88827939590075,12.0,22.99423228006975,126.46827754038362,1,1,0,0,True,False,False,False
1503754,24046.48927170653,26006.0,0.45,1.2151042067215259,49.43474582788587,0.0,8.731304347826088,0.0,0.0,2791.6634622779357,0,0,0,1,True,False,False,False
1503804,16024.30257091506,38391.0,18.78,35.609908572321636,91.69336563257013,0.0,39.80273338940286,6.0,15.628662967883098,203.17261858248028,0,0,0,0,True,False,False,False
1503903,26891.42200474496,53952.0,6.13,36.11358244365362,67.45811091340451,0.0,28.831682539682543,0.0,0.0,23721.085409252668,0,0,0,1,True,False,False,False
1504000,15819.906853798226,31778.0,19.84,1.123418717351627,39.37629806784568,0.0,36.41152923538231,0.0,0.0,547.548618541129,0,0,0,0,True,False,False,False
1504059,9175.852947527532,37048.0,73.19,186.79550852947528,71.67998272511336,0.0,38.24826032540676,3.0,8.097603109479595,156.55366011660547,0,0,0,0,True,False,False,False
1504109,11665.757000474609,8428.0,25.05,51.625533934504034,52.2781205505458,0.0,54.27505277044855,0.0,0.0,284.76506881822496,0,0,0,0,True,False,False,False
1504208,46859.32696273652,288513.0,17.62,123.59477735838593,73.3103880934308,35.60255517082419,90.488316885253,354.0,122.69811065705878,4480.907272809198,1,1,1,1,True,False,False,False
1504307,10643.65788216268,27207.0,32.16,36.597199250192965,50.659756680266106,0.0,32.88550248138958,0.0,0.0,191.12728341970816,0,0,0,0,True,False,False,False
1504406,9368.22629425369,28105.0,33.03,53.28233410425191,72.4319516100338,0.0,44.76396681277394,0.0,0.0,398.50560398505604,0,0,0,0,True,False,False,False
1504422,21656.8429721508,118998.0,1083.04,73.07349703356358,72.01129430746735,29.063513672498697,70.15361640383367,126.0,105.88413250642868,568.0767743995698,1,1,1,0,True,False,False,False
1504455,35750.532602242165,28633.0,3.28,35.35431145880627,47.27063178849579,17.612544965599135,80.75384858044164,6.0,20.954842314811582,76.83442182097579,0,0,0,0,True,False,False,False
1504505,7251.256449775515,29846.0,4.12,0.02010319640822891,35.99812370166857,0.0,20.44587027027027,0.0,0.0,187.62983314346982,0,0,0,0,True,False,False,False
1504604,15667.950452794836,28821.0,31.22,26.84153915547691,61.462128309218976,12.164740987474412,60.59405315614618,6.0,20.818153429790776,284.51476354047395,0,0,0,0,True,False,False,False
1504703,14682.603667602842,90795.0,9.25,50.19659672889476,44.60928465223856,3.861446114874167,43.2917393989296,6.0,6.6082934082273255,1022.0827138058263,0,0,0,0,True,False,False,False
1504752,11393.528761061949,25312.0,4.71,11.030341340075854,4.689475347661189,0.0,33.00778523489933,0.0,0.0,94.81668773704172,0,0,0,0,True,False,False,False
1504802,12675.507927279585,63641.0,3.31,9.057054414606936,67.47851227981961,4.050847723951541,39.08040845070423,9.0,14.141826809761003,94.27884539840669,1,0,0,0,True,False,False,False
1504901,6912.2663670718,48955.0,12.06,12.47472168317843,56.89306505974875,0.0,34.9296739626083,0.0,0.0,85.79307527321009,0,0,0,0,True,False,False,False
1504950,16491.509478338587,21259.0,7.29,41.75643256973517,48.501810997695095,9.896984806434922,30.10730215827338,3.0,14.111670351380592,112.89336281104474,0,0,0,0,True,False,False,False
1504976,13346.188527432892,14417.0,8.92,51.15488659221752,63.057501560657556,0.0,39.86010230179028,0.0,0.0,110.98009294582785,0,0,0,0,True,False,False,False
1505007,11158.81551045138,13204.0,26.14,18.380793698879128,72.71281429869737,0.0,35.593280318091445,0.0,0.0,318.08542865798245,0,0,0,0,True,False,False,False
1505031,26592.50232761925,36518.0,0.88,28.657100607919382,91.67259981379046,0.0,22.068929924242425,0.0,0.0,98.58152144148092,0,0,0,0,True,False,False,False
1505064,17507.356401166984,63754.0,3.94,14.668883521033974,49.52944128995828,16.13545816733068,40.61491970021413,18.0,28.233522602503374,147.4417291464065,1,1,1,0,True,False,False,False
1505106,17465.19874798719,55271.0,1.86,14.020010493748982,47.34309131370882,12.051527926037162,59.33295510455104,15.0,27.13900598867399,144.74136527292794,1,1,1,0,True,False,False,False
1505205,11508.20573439261,36377.0,8.79,0.03298787695521896,45.0009621464112,0.0,39.021207243460765,0.0,0.0,280.3969541193611,0,0,0,0,True,False,False,False
1505304,31429.616340049684,72460.0,0.63,27.03008556444935,59.39690863924924,19.819210598951145,49.37603626943005,24.0,33.12172232956114,14526.635385040023,1,1,1,1,True,False,False,False
1505403,10735.582329317269,18675.0,31.79,63.43239625167336,55.92503346720214,10.575635876840696,55.909816933638446,3.0,16.06425702811245,235.6091030789826,0,0,0,0,True,False,False,False
1505437,37301.074344649765,34905.0,2.25,125.79859618965764,76.05214152700187,24.391920928233777,21.63676224084693,18.0,51.56854318865492,784.9878240939694,1,1,1,0,True,False,False,False
1505486,19888.883791347434,43594.0,3.47,16.49538927375327,39.248520438592465,12.361792907280819,69.58956214689266,6.0,13.763361930540901,27.526723861081802,0,0,0,0,True,False,False,False
1505494,13925.063505503813,7086.0,6.99,0.0846740050804403,63.33615580016935,0.0,40.201587301587296,0.0,0.0,56.44933672029354,0,0,0,0,True,False,False,False
1505502,37920.872362485934,112843.0,5.46,107.332311264323,66.59252235406716,31.775121186072685,93.71086330414646,111.0,98.36675735313666,1052.7901597795167,1,1,1,0,True,False,False,False
1505536,166490.1758049081,298854.0,38.9,132.4338974884057,71.74640459890114,37.096709430022685,84.64186504550625,237.0,79.3029372201811,73791.88500070268,1,1,1,1,True,False,False,False
1505551,15727.247807017544,7296.0,4.15,25.712719298245613,73.80756578947368,0.0,59.53309782608696,0.0,0.0,356.359649122807,0,0,0,0,True,False,False,False
1505601,8350.479713327939,8651.0,18.4,11.617154086232805,45.913767194543986,0.0,56.50970631424376,0.0,0.0,69.35614379840482,0,0,0,0,True,False,False,False
1505635,21929.84034180346,13341.0,3.87,3.8078105089573495,49.77887714564125,0.0,26.17318965517241,0.0,0.0,284.83621917397494,0,0,0,0,True,False,False,False
1505650,17205.25250372896,18772.0,2.6,20.20562539953122,45.33880247176646,8.720434689963776,19.57901610017889,3.0,15.981248668229277,181.12081823993182,0,0,0,0,True,False,False,False
1505700,10668.801179803624,25767.0,7.43,3.3841735553226995,54.189467147902356,13.373695036286723,40.27182229767968,6.0,23.285597857724998,201.80851476694997,0,0,0,0,True,False,False,False
1505809,14124.48802654788,66898.0,2.46,2.5202547161350117,57.84926305719154,0.0,36.83105452240067,0.0,0.0,68.76139794911657,0,0,0,0,True,False,False,False
1505908,9253.199917569207,43673.0,2.33,34.20877887939917,50.520916813591924,0.5106129645318618,36.72381294964029,3.0,6.8692327067066605,132.80516566299545,0,0,0,0,True,False,False,False
1506005,11421.446839605407,38318.0,2.41,7.719609582963621,36.11096612558067,0.0,51.105910683012254,0.0,0.0,5.2194790959862205,0,0,0,0,True,False,False,False
1506104,28377.162019061067,11332.0,41.96,71.39957642075538,73.83515707730321,0.0,45.49236695790309,0.0,0.0,27885.633603953407,0,0,0,1,True,False,False,False
1506112,10172.367312552651,11870.0,38.04,69.03117101937659,60.08424599831508,0.0,25.081390922401173,0.0,0.0,336.9839932603201,0,0,0,0,True,False,False,False
1506138,27750.39968677608,91947.0,22.39,147.88410714868348,75.05519484050595,34.18491087256789,64.15093786362578,81.0,88.09422819667851,363.25274342827936,1,1,1,0,True,False,False,False
1506161,31451.4611323122,19129.0,4.47,50.62993360865701,81.32678132678133,0.0,28.91006768189509,6.0,31.365988812797323,397.3025249620994,0,0,0,0,True,False,False,False
1506187,12961.850405527186,56593.0,6.44,76.17903274256534,38.76274450903822,13.787924301592069,66.02986261040235,15.0,26.505044793525702,21.204035834820562,1,1,1,0,True,False,False,False
1506195,13289.159528907923,37360.0,5.09,9.619914346895074,49.13008565310493,1.7291220556745182,58.40209705372617,15.0,40.149892933618844,64.23982869379014,1,1,1,0,True,False,False,False
1506203,13317.409898687923,48168.0,198.0,118.87767812655704,78.96528815811327,27.717571831921607,98.718374836173,120.0,249.1280518186348,543.9295798040192,1,1,1,0,True,False,False,False
1506302,8258.912778585747,25441.0,26.27,17.302778978813727,63.56275303643725,0.0,44.22170922198859,6.0,23.58397861719272,408.78896269800714,0,0,0,0,True,False,False,False
1506351,10781.048097631012,22288.0,75.81,188.78768844221105,78.1586503948313,0.0,53.0826119683854,0.0,0.0,107.68126346015794,0,0,0,0,True,False,False,False
1506401,12534.099817089103,7654.0,6.91,0.27436634439508756,72.92918735301804,0.0,26.281494023904383,3.0,39.19519205644108,209.04102430101906,0,0,0,0,True,False,False,False
1506500,11932.824291022383,78317.0,101.75,73.10162544530561,64.48791450132155,11.424084170741985,39.19779860739154,24.0,30.64468761571562,354.9676315487059,1,1,1,0,True,False,False,False
1506559,9233.114954988923,21217.0,15.13,63.89687514728755,66.66352453221474,0.0,40.76771670190275,0.0,0.0,47.13201677899797,0,0,0,0,True,False,False,False
1506583,62766.55541893553,17079.0,1.6,65.16774986825926,38.5619766965279,0.0,16.63426845637584,0.0,0.0,16663.73909479478,0,0,0,1,True,False,False,False
1506609,14455.051369863011,25696.0,53.8,75.37359900373599,89.30183686176836,0.0,40.00730902232002,0.0,0.0,420.2988792029888,0,0,0,0,True,False,False,False
1506708,43602.752264621406,31683.0,2.8,109.09951709118455,92.03673894517564,0.0,37.28475817595579,0.0,0.0,719.6288230281224,0,0,0,0,True,False,False,False
1506807,17876.958727830937,357311.0,18.55,65.44746733237992,77.09978142290609,33.940180962802714,91.98478811505213,423.0,118.3842646881848,1354.0025356062365,1,1,1,0,True,False,False,False
1506906,9445.652173913044,6348.0,26.65,43.982356647763076,68.47826086956522,0.0,47.75933333333334,0.0,0.0,441.0838059231254,0,0,0,0,True,False,False,False
1507003,16311.731996979472,29134.0,51.08,41.604311114162144,71.13681609116496,10.551245966911512,56.10843467790488,9.0,30.89174160774353,123.56696643097412,1,0,0,0,True,False,False,False
1507102,10609.172077922078,17248.0,35.91,59.23005565862709,51.77991651205937,5.710807050092765,50.26847066578774,6.0,34.78664192949907,266.69758812615953,0,0,0,0,True,False,False,False
1507151,16577.826046769573,21638.0,15.15,33.533598299288286,79.27719752287642,0.0,59.92239635157546,0.0,0.0,129.40197800166374,0,0,0,0,True,False,False,False
1507201,13498.104718173134,32449.0,18.14,23.199482264476565,46.109279176553976,0.0,40.26831812255541,0.0,0.0,400.62867884988754,0,0,0,0,True,False,False,False
1507300,30449.671755840925,65957.0,0.78,66.98758281910942,53.393877829494976,9.948906105492973,25.045087241003277,48.0,72.77468653819913,2813.9545461436996,1,1,1,1,True,False,False,False
1507409,17134.907251264754,15418.0,31.07,23.712543779997407,66.38993384355948,12.49189259307303,52.50794623655914,3.0,19.45777662472435,168.63406408094434,0,0,0,0,True,False,False,False
1507458,28437.90535671391,24978.0,7.66,19.321002482184323,62.430939226519335,0.0,30.51348314606741,0.0,0.0,1537.352870526063,0,0,0,0,True,False,False,False
1507466,12713.683743623864,4509.0,22.61,27.056997116877355,68.61831891772012,0.0,44.44874345549738,0.0,0.0,266.13439787092483,0,0,0,0,True,False,False,False
1507474,8483.191122301487,21447.0,30.95,49.26096890007926,59.12715065044062,0.0,47.223368098159504,0.0,0.0,568.8441273837833,0,0,0,0,True,False,False,False
1507508,13105.08212831672,14246.0,10.68,10.613505545416258,29.896111189105714,0.0,28.39045081967213,0.0,0.0,393.0927979783799,0,0,0,0,True,False,False,False
1507607,14203.197247213162,55798.0,48.32,44.88512133051364,69.50786766550772,0.0,56.691290664780766,6.0,10.753073586866913,75.27151510806839,0,0,0,0,True,False,False,False
1507706,8916.876207135309,27441.0,15.71,11.18399475237783,69.62938668415875,0.0,22.253349514563105,0.0,0.0,138.4789184067636,0,0,0,0,True,False,False,False
1507755,22896.915584415583,6160.0,4.5,22.483766233766232,84.83766233766234,0.0,44.25497925311203,0.0,0.0,10032.467532467532,0,0,0,1,True,False,False,False
1507805,10065.95474816906,24441.0,1.57,0.22912319463197087,37.69076551695921,0.0,38.78180124223603,0.0,0.0,638.271756474776,0,0,0,0,True,False,False,False
1507904,9578.27742088984,25218.0,8.47,35.62138155285907,88.92457768260766,0.0,37.99228357677235,0.0,0.0,150.6860179237053,0,0,0,0,True,False,False,False
1507953,17093.67634986627,75526.0,16.36,87.3950692476763,68.5975690490692,23.180096920265868,76.03339891785538,54.0,71.49855678839076,1122.7921510473213,1,1,1,0,True,False,False,False
1507961,7667.036523347203,10815.0,50.74,77.50346740638003,67.85945446139621,9.255663430420713,45.55431020408163,3.0,27.739251040221912,184.9283402681461,0,0,0,0,True,False,False,False
1507979,26402.50165251437,19667.0,9.91,41.15523465703971,76.99191539126456,0.0,33.03327168367347,0.0,0.0,1108.4557888849342,0,0,0,0,True,False,False,False
1508001,14375.480463457125,72326.0,13.14,60.935210021292484,53.07634875425158,16.906783176174542,67.70633238837704,42.0,58.070403451041116,613.8871221967204,1,1,1,0,True,False,False,False
1508035,9383.465577980443,30373.0,32.94,32.400487274882295,41.843084318309025,0.0,50.284,0.0,0.0,204.12866690810918,0,0,0,0,True,False,False,False
1508050,20957.1675523401,15619.0,1.27,21.6851270888021,66.64319098533836,0.0,18.3597012802276,0.0,0.0,102.43933670529483,0,0,0,0,True,False,False,False
1508084,23164.689265536723,42480.0,15.74,125.19067796610169,63.65819209039548,22.577683615819208,43.08536368393512,18.0,42.3728813559322,376.6478342749529,1,1,1,0,True,False,False,False
1508100,58323.47929092458,96238.0,43.81,44.31305721232777,63.914462062802635,24.53812423367069,59.945631219512194,135.0,140.27722936885638,6718.759741474261,1,1,1,1,True,False,False,False
1508126,50421.03800283,39576.0,7.46,19.291995148574895,54.588639579543155,0.0,39.80856765327695,12.0,30.321406913280775,1238.1241156256317,1,1,0,0,True,False,False,False
1508159,16848.51651102549,45939.0,4.04,30.718996930712468,73.29284485948759,0.0,50.25711240310077,0.0,0.0,47.889592720781906,0,0,0,0,True,False,False,False
1508209,8854.904657473144,53806.0,126.58,57.58465598632123,57.1218823179571,12.924209196000445,55.27757550614006,21.0,39.029104560829644,223.02345463331227,1,1,1,0,True,False,False,False
1508308,9971.663708245926,61970.0,11.8,24.92980474423108,42.599644989511056,0.0,57.60763310185185,3.0,4.8410521219945135,119.412619009198,0,0,0,0,True,False,False,False
1508357,257720.54343852808,16414.0,5.05,43.274034360911415,75.7645912026319,0.0,39.767004048583,0.0,0.0,8468.380650664067,0,0,0,1,True,False,False,False
1508407,28146.756960648432,56999.0,14.0,57.606273794277094,65.89764732714609,22.161792312145828,27.30650487804878,18.0,31.579501394761312,1585.9927367146793,1,1,1,0,True,False,False,False
1600055,18479.54271961492,4986.0,0.61,130.28479743281187,57.681508223024466,0.0,49.11,0.0,0.0,361.01083032490976,0,0,0,0,True,False,False,False
1600105,18914.86838985061,8434.0,0.94,133.28195399573156,70.85605880958028,0.0,45.78352140077821,0.0,0.0,497.98434906331516,0,0,0,0,True,False,False,False
1600154,32854.97898246122,13798.0,1.34,62.68299753587476,53.232352514857226,0.0,42.407313535911605,0.0,0.0,33193.216408175096,0,0,0,1,True,False,False,False
1600204,16403.476428759546,11391.0,0.75,90.32569572469494,58.396980071986654,0.0,48.86272811059908,0.0,0.0,632.0779562812747,0,0,0,0,True,False,False,False
1600212,20104.126984126982,4725.0,2.05,75.32275132275132,71.5978835978836,0.0,39.63141206675225,0.0,0.0,423.2804232804233,0,0,0,0,True,False,False,False
1600238,80998.88033589923,7145.0,1.34,115.8852344296711,75.18544436668999,0.0,56.33424050632912,3.0,41.98740377886634,43890.832750174945,0,0,0,1,True,False,False,False
1600253,14542.11484362072,6043.0,3.45,41.00612278669535,63.991395002482214,0.0,36.96367278797997,3.0,49.644216448783716,661.9228859837829,0,0,0,0,True,False,False,False
1600279,29880.797492691407,37969.0,1.14,134.35170797229318,46.559035002238666,18.64679080302352,94.6608637548892,30.0,79.01182543654033,1416.9454028286234,1,1,1,0,True,False,False,False
1600303,26556.016009852217,487200.0,67.48,150.40968801313628,71.19663382594418,37.6555829228243,108.68078930156206,888.0,182.26600985221674,5758.210180623973,1,1,1,1,True,False,False,False
1600402,15906.12937433722,23575.0,1.65,74.27359490986214,62.31601272534464,0.8865323435843054,35.182509398496244,6.0,25.45068928950159,1323.4358430540826,0,0,0,0,True,False,False,False
1600501,17356.484367310783,30481.0,1.19,38.04009054821036,73.54089432761393,25.297726452544207,12.95414699440253,3.0,9.842196778320922,3635.05134345986,0,0,0,1,True,False,False,False
1600535,19710.606698967767,18988.0,4.03,105.96692647988203,73.02506846429324,0.0,48.05599390708301,0.0,0.0,6867.4952601643145,0,0,0,1,True,False,False,False
1600550,20925.03711034141,4042.0,0.77,130.67788223651658,61.20732310737259,0.0,40.20072202166065,0.0,0.0,791.6872835230084,0,0,0,0,True,False,False,False
1600600,21232.38109722609,118353.0,69.83,130.8340304005813,71.08311576385897,30.907539310368136,75.95009481816763,96.0,81.11327976477149,1421.1722558786005,1,1,1,0,True,False,False,False
1600709,18938.70148712369,13785.0,1.94,96.07544432354008,55.65469713456656,0.0,37.03826737027265,3.0,21.76278563656148,841.4943779470439,0,0,0,0,True,False,False,False
1600808,19870.57540681093,11922.0,4.5,75.58295587988593,66.23049823855058,0.0,47.64878300803674,0.0,0.0,822.0097299110887,0,0,0,0,True,False,False,False
1700251,42029.61019490255,2668.0,1.35,15.179910044977511,70.27736131934033,0.0,49.5954012345679,0.0,0.0,2323.83808095952,0,0,0,1,True,False,False,False
1700301,36473.440599515096,4537.0,18.99,144.21423848357946,81.75005510249063,0.0,34.05636263736264,0.0,0.0,1366.5417676878994,0,0,0,0,True,False,False,False
1700350,118071.81156644964,5222.0,3.26,14.170815779394868,112.4473381846036,0.0,49.17035853468433,0.0,0.0,574.4925315970893,0,0,0,0,True,False,False,False
1700400,41843.62580250688,6542.0,1.62,49.327422806481195,102.56802201161724,0.0,56.426097337006425,0.0,0.0,1650.871293182513,0,0,0,1,True,False,False,False
1700707,52134.48427534638,9094.0,7.29,5.828018473718935,129.42599516164503,0.0,39.80132313575526,0.0,0.0,13921.266769298438,0,0,0,1,True,False,False,False
1701002,14984.899643594072,10662.0,6.53,55.72125304820859,72.00337647720877,0.0,42.59655433866892,0.0,0.0,393.9223410241981,0,0,0,0,True,False,False,False
1701051,16544.208361891706,2918.0,6.43,23.88622344071282,81.35709389993146,0.0,30.79602134146341,0.0,0.0,753.9410555174777,0,0,0,0,True,False,False,False
1701101,50505.62462995856,5067.0,4.19,5.1115058219853955,87.29030984803632,0.0,62.305542590431735,0.0,0.0,2368.265245707519,0,0,0,1,True,False,False,False
1701309,18365.858208955226,5360.0,4.53,31.809701492537314,27.94776119402985,9.216417910447761,49.62007978723405,9.0,167.91044776119404,447.76119402985074,1,0,0,0,True,False,False,False
1701903,39782.41430700448,6039.0,2.14,5.199536347077331,76.46961417453221,11.773472429210134,27.682923976608187,3.0,49.67709885742673,1059.7781089584369,0,0,0,0,True,False,False,False
1702000,42191.46621539949,8273.0,1.58,32.75716185180708,78.31500060437568,0.0,41.55860508953817,0.0,0.0,1015.3511422700351,0,0,0,0,True,False,False,False
1702109,28866.40256098032,181493.0,42.78,175.5246758828164,72.77856446254125,38.4317852479159,66.71320120247945,198.0,109.09511661606784,1690.4233221115967,1,1,1,1,True,False,False,False
1702158,23480.40571692024,4338.0,5.16,51.54449054863993,118.74135546334716,0.0,47.8972885032538,0.0,0.0,1106.5006915629322,0,0,0,0,True,False,False,False
1702208,15940.069266676705,33205.0,12.12,54.955578979069415,72.37163077849722,8.501731666917633,57.32582412626832,6.0,18.069567836169252,144.55654268935402,0,0,0,0,True,False,False,False
1702307,58441.02287052044,5553.0,3.56,1.6387538267603097,72.95155771654962,17.54006843147848,54.867094801223246,3.0,54.02485143165856,4862.23662884927,0,0,0,1,True,False,False,False
1702406,21223.151492111767,10522.0,1.77,28.4071469302414,79.23398593423303,0.0,41.47394422310757,0.0,0.0,39327.124120889566,0,0,0,1,True,False,False,False
1702554,16831.31067961165,18128.0,44.97,52.96778464254192,100.09929390997353,0.0,35.11176208352886,0.0,0.0,430.2736098852604,0,0,0,0,True,False,False,False
1702703,17194.736842105263,3420.0,4.8,17.54385964912281,66.72514619883042,0.0,45.91899786780383,0.0,0.0,116.95906432748538,0,0,0,0,True,False,False,False
1702901,13231.923473694082,10663.0,66.84,58.51073806621026,73.25330582387696,0.0,74.8863432835821,0.0,0.0,262.59026540373253,0,0,0,0,True,False,False,False
1703008,20406.350430646613,7779.0,4.4,34.87594806530402,54.10721172387196,0.0,39.47154022988506,0.0,0.0,154.26147319706902,0,0,0,0,True,False,False,False
1703057,50552.91454442558,3534.0,2.21,2.009054895302773,69.8641765704584,0.0,51.7642700729927,0.0,0.0,1131.8619128466328,0,0,0,0,True,False,False,False
1703073,24404.22322775264,4641.0,4.05,10.127127774186597,75.02693385046327,0.0,54.66994296577947,0.0,0.0,258.5649644473174,0,0,0,0,True,False,False,False
1703107,24825.22889114954,4915.0,6.95,63.438453713123096,95.91047812817905,0.0,50.46014592274678,0.0,0.0,40.691759918616484,0,0,0,0,True,False,False,False
1703206,23791.47358665431,4316.0,4.58,53.19740500463392,70.96848934198331,0.0,52.627302798982186,0.0,0.0,92.67840593141798,0,0,0,0,True,False,False,False
1703305,33343.69767998087,4181.0,3.04,30.040660129155704,3.8746711313082995,0.0,41.22912380952381,0.0,0.0,1458.981104998804,0,0,0,0,True,False,False,False
1703602,37516.86507936508,2016.0,3.06,111.01190476190476,95.98214285714286,0.0,30.196948640483384,0.0,0.0,0.0,0,0,0,0,True,False,False,False
1703701,56910.96747289408,4796.0,2.74,82.63135946622185,79.77481234361969,0.0,36.785044378698224,0.0,0.0,2335.279399499583,0,0,0,1,True,False,False,False
1703800,15171.8603341468,10654.0,40.78,10.765909517552092,21.3628684062324,0.0,36.081383399209486,0.0,0.0,37.54458419373005,0,0,0,0,True,False,False,False
1703826,29405.82621798092,1991.0,5.58,18.483174284279258,74.8869914615771,0.0,36.86256880733945,0.0,0.0,0.0,0,0,0,0,True,False,False,False
1703842,112270.24913417496,8951.0,2.68,11.361859010166462,75.7122109261535,0.0,28.66580310880829,0.0,0.0,536.2529326332253,0,0,0,0,True,False,False,False
1703867,124840.84880636603,4147.0,3.56,6.751868820834338,88.59416445623341,0.0,38.12448135593221,0.0,0.0,819.8697853870268,0,0,0,0,True,False,False,False
1703883,30820.124666073018,2246.0,6.49,33.03650934995547,141.3178984861977,0.0,45.70997347480106,0.0,0.0,1959.0382902938557,0,0,0,1,True,False,False,False
1703891,15038.96490184414,3362.0,17.43,4.610350981558596,73.91433670434266,0.0,71.90234567901234,3.0,89.2325996430696,0.0,0,0,0,0,True,False,False,False
1703909,77758.63445797564,5009.0,2.89,37.89179476941505,108.82411659013775,0.0,32.58900726392252,0.0,0.0,6428.428828109403,0,0,0,1,True,False,False,False
1704105,30237.47072599532,2135.0,1.09,1.4988290398126465,86.7447306791569,0.0,57.303869209809264,0.0,0.0,0.0,0,0,0,0,True,False,False,False
1704600,25479.20665387076,1563.0,2.28,11.26039667306462,80.23032629558541,0.0,30.86373831775701,0.0,0.0,127.95905310300704,0,0,0,0,True,False,False,False
1705102,46817.4104336895,3182.0,1.9,4.462602137020742,57.57385292269013,0.0,35.26546972860125,0.0,0.0,1131.3639220615964,0,0,0,0,True,False,False,False
1705508,23976.944683928024,35957.0,40.63,108.93011096587591,72.07497844647774,31.62944628306032,36.78975785939567,9.0,25.029896821203103,11.12439858720138,1,0,0,0,True,False,False,False
1705557,15629.901960784313,4896.0,22.78,65.359477124183,80.86192810457516,0.0,38.83279359430605,0.0,0.0,1715.686274509804,0,0,0,1,True,False,False,False
1705607,17145.854398382206,3956.0,1.54,61.45096056622852,85.06066734074822,0.0,30.598343313373256,0.0,0.0,3538.928210313448,0,0,0,1,True,False,False,False
1706001,36894.46962828649,5515.0,3.37,36.75430643699003,64.38803263825929,0.0,58.93325641025641,0.0,0.0,616.5004533091568,0,0,0,0,True,False,False,False
1706100,27542.95479260525,6437.0,3.44,51.70110299829113,79.9751437004816,0.0,53.85686819830713,0.0,0.0,528.1963647661954,0,0,0,0,True,False,False,False
1706258,52464.97665110073,1499.0,1.49,3.268845897264843,101.46764509673116,0.0,41.33113953488372,0.0,0.0,0.0,0,0,0,0,True,False,False,False
1706506,39962.338949454905,6054.0,3.55,25.40469111331351,88.47043277172118,0.0,26.249396092362343,0.0,0.0,4641.559299636604,0,0,0,1,True,False,False,False
1707009,35762.24280405967,18031.0,5.35,31.75641949975043,92.81792468526427,0.0,32.6519379170293,0.0,0.0,332.76024624258224,0,0,0,0,True,False,False,False
1707108,34155.817459229824,7297.0,2.98,28.463752226942578,90.14663560367275,0.0,29.724868995633187,0.0,0.0,2357.1330683842675,0,0,0,1,True,False,False,False
1707207,33799.68725566849,6395.0,1.69,3.2525410476935104,73.2134480062549,0.0,35.970958333333336,0.0,0.0,0.0,0,0,0,0,True,False,False,False
1707306,47388.33603332562,4321.0,1.24,6.503124276787781,66.00323999074288,16.6628095348299,38.55759330759331,12.0,277.713492247165,4535.987040037028,1,1,0,1,True,False,False,False
1707405,15844.65501134392,7493.0,14.88,21.9271319898572,93.5139463499266,0.0,42.91678284182306,0.0,0.0,266.9157880688643,0,0,0,0,True,False,False,False
1707553,25312.5,3520.0,9.11,2.3295454545454546,90.45454545454545,0.0,38.7868347010551,0.0,0.0,0.0,0,0,0,0,True,False,False,False
1707652,48116.94152923538,5336.0,2.69,16.116941529235383,100.84332833583208,0.0,43.50510570147342,0.0,0.0,2323.83808095952,0,0,0,1,True,False,False,False
1707702,16531.126166432314,7823.0,3.87,52.19225361114662,79.17678639907963,0.0,45.31597325408618,3.0,38.34845967020325,664.7066342835229,0,0,0,0,True,False,False,False
1708205,72783.50833848055,19428.0,1.41,1.1375334568663784,84.49145563104797,0.0,56.7802801626751,0.0,0.0,586.7819641754169,0,0,0,0,True,False,False,False
1708254,63356.36561479869,3676.0,5.53,11.31664853101197,83.10663764961915,0.0,39.25465250965251,0.0,0.0,7127.312295973885,0,0,0,1,True,False,False,False
1708304,39979.7520661157,4840.0,2.64,22.128099173553718,75.57851239669421,0.0,40.50567901234568,0.0,0.0,1404.9586776859503,0,0,0,0,True,False,False,False
1709005,18018.414481897627,12816.0,1.94,17.98533083645443,88.9747191011236,0.0,40.694764621968616,0.0,0.0,202.87141073657926,0,0,0,0,True,False,False,False
1709302,34282.27093960516,25681.0,11.76,75.46824500603559,71.6366185117402,29.08765234998637,72.5482466225927,6.0,23.36357618472801,272.57505548849343,0,0,0,0,True,False,False,False
1709500,29566.838591555585,89574.0,46.16,150.4454417576529,70.0303659544064,38.87623640788622,37.17553930105655,36.0,40.190233773193114,314.82349789001273,1,1,1,0,True,False,False,False
1709807,29362.0159803319,1627.0,1.94,73.93976644130301,50.583896742470806,0.0,21.23176,0.0,0.0,184.38844499078058,0,0,0,0,True,False,False,False
1710508,26726.93356292151,6969.0,2.24,29.344238771703257,16.013775290572536,0.0,48.37194014447885,0.0,0.0,86.09556607834696,0,0,0,0,True,False,False,False
1710706,15868.421052631578,5206.0,7.08,66.11601997694967,63.98386477141759,0.0,66.90988636363636,0.0,0.0,153.66884364195158,0,0,0,0,True,False,False,False
1710904,46621.90812720848,3679.0,2.87,83.58249524327263,24.762163631421583,0.0,32.92,0.0,0.0,1359.064963305246,0,0,0,0,True,False,False,False
1711100,28400.974025974025,2464.0,2.48,46.91558441558441,73.21428571428571,0.0,22.274971264367814,0.0,0.0,649.3506493506494,0,0,0,0,True,False,False,False
1711506,28758.448427857773,3403.0,1.54,47.987070232148106,74.3755509844255,0.0,26.649554455445543,0.0,0.0,587.7167205406994,0,0,0,0,True,False,False,False
1711803,19260.303687635576,2305.0,4.64,32.79826464208243,140.9544468546638,0.0,34.36589171974522,0.0,0.0,0.0,0,0,0,0,True,False,False,False
1711902,61209.23246689553,16312.0,1.45,45.03433055419323,81.21628249141736,0.0,35.51582577132486,0.0,0.0,196.174595389897,0,0,0,0,True,False,False,False
1711951,24772.57617728532,3610.0,3.83,50.85872576177285,80.77562326869806,0.0,46.90149688149688,0.0,0.0,886.4265927977839,0,0,0,0,True,False,False,False
1712009,18296.875,3520.0,10.55,32.24431818181818,76.25,0.0,54.69178428761651,0.0,0.0,397.72727272727275,0,0,0,0,True,False,False,False
1712157,22635.98326359833,1673.0,3.47,44.35146443514645,87.02928870292887,0.0,55.78359683794466,0.0,0.0,239.09145248057382,0,0,0,0,True,False,False,False
1712405,22177.19826145102,2991.0,0.52,0.20060180541624875,65.96456034770979,12.069541959210966,44.65677563150074,3.0,100.30090270812437,401.2036108324975,0,0,0,0,True,False,False,False
1712454,25394.220478059226,2803.0,9.65,42.27613271494827,82.69711023902961,0.0,32.38366255144033,0.0,0.0,0.0,0,0,0,0,True,False,False,False
1712504,52877.40989103101,4772.0,2.21,63.64207879295893,90.06705783738474,0.0,18.53504550050556,0.0,0.0,335.28918692372173,0,0,0,0,True,False,False,False
1712702,87382.27146814404,2888.0,0.29,0.7617728531855956,71.08725761772853,0.45013850415512463,56.75609195402299,3.0,103.8781163434903,4501.385041551246,0,0,0,1,True,False,False,False
1712801,17631.97729422895,3171.0,4.2,16.240933459476505,109.61841690318512,0.0,57.68635239567233,0.0,0.0,567.6442762535478,0,0,0,0,True,False,False,False
1713205,34172.72582104647,18787.0,6.97,106.27561611752807,84.69686485335605,8.111992335125352,50.92180526783072,27.0,143.7163996380476,2033.3209133975622,1,1,1,1,True,False,False,False
1713304,29896.21629901961,13056.0,12.29,91.27604166666667,83.73161764705883,26.363357843137255,41.38997936442426,15.0,114.88970588235294,2159.926470588235,1,1,1,1,True,False,False,False
1713601,51780.49632995456,5722.0,1.58,30.758476057322614,57.724571828032154,0.0,55.7389625,0.0,0.0,838.8675288360713,0,0,0,0,True,False,False,False
1713700,30001.6,2500.0,2.23,17.92,58.6,0.0,25.1025,0.0,0.0,160.0,0,0,0,0,True,False,False,False
1713809,19472.53420461507,4897.0,6.55,20.563610373698182,77.33306105779049,0.0,39.11304773561812,0.0,0.0,653.4613028384725,0,0,0,0,True,False,False,False
1713957,19932.568149210903,3485.0,2.82,13.830703012912481,53.314203730272595,0.0,31.002922252010723,0.0,0.0,28.694404591104735,0,0,0,0,True,False,False,False
1714203,27601.83015288472,8961.0,2.7,19.87501394933601,92.47851802254213,0.0,28.51328920978741,0.0,0.0,1048.9900680727596,0,0,0,0,True,False,False,False
1714302,12476.18025751073,4660.0,11.42,4.828326180257511,60.257510729613735,0.0,52.45711009174312,0.0,0.0,42.918454935622314,0,0,0,0,True,False,False,False
1714880,30192.3838250542,10609.0,6.61,94.01451597700066,84.69224243566784,0.0,24.14286831812256,3.0,28.27787727401263,188.51918182675087,0,0,0,0,True,False,False,False
1715002,29654.71642668234,3403.0,6.53,1.5574493094328534,87.77549221275345,0.0,51.654333643988814,0.0,0.0,0.0,0,0,0,0,True,False,False,False
1715101,20654.071184787907,4102.0,1.48,45.07557289127255,93.41784495368113,0.0,40.68511655011656,0.0,0.0,97.51340809361287,0,0,0,0,True,False,False,False
1715150,19294.405214557304,1841.0,9.21,35.90439978272678,92.93862031504617,0.0,31.99391585760518,0.0,0.0,977.729494839761,0,0,0,0,True,False,False,False
1715259,18856.385329209013,2263.0,1.84,2.474591250552364,83.0755634114008,0.0,47.33421926910299,0.0,0.0,530.2695536897924,0,0,0,0,True,False,False,False
1715507,24334.43435177539,1211.0,5.56,2.394715111478117,99.75227085053675,0.0,54.75857677902622,0.0,0.0,8092.485549132948,0,0,0,1,True,False,False,False
1715705,37756.9769810552,4909.0,1.82,14.82990425748625,69.32165410470564,0.0,30.84587786259542,0.0,0.0,2159.2992462823386,0,0,0,1,True,False,False,False
1715754,23896.33375474084,7119.0,4.08,100.58997050147492,98.20199466217166,0.0,61.88022222222222,0.0,0.0,1067.5656693355809,0,0,0,0,True,False,False,False
1716109,27439.87020520629,55164.0,40.52,74.72083242694511,74.67732579218331,27.943948952215212,38.66395271782932,21.0,38.06830541657603,1091.2914219418462,1,1,1,0,True,False,False,False
1716208,29058.13524967754,10854.0,0.94,41.69891284319145,55.601621522019535,7.527178920213746,51.49318609022557,6.0,55.2791597567717,165.8374792703151,0,0,0,0,True,False,False,False
1716307,22317.992656058752,4085.0,2.94,1.1260709914320686,129.00856793145655,0.0,61.71697986577182,0.0,0.0,587.515299877601,0,0,0,0,True,False,False,False
1716505,57611.22802253751,14731.0,6.96,84.72608784196592,144.90530174462017,0.0,22.62557330290929,0.0,0.0,96069.51327133256,0,0,0,1,True,False,False,False
1716604,77763.19135410045,9438.0,1.76,22.748463657554566,64.16613689340961,0.0,36.21576576576577,0.0,0.0,45327.39987285442,0,0,0,1,True,False,False,False
1716653,21358.87256847956,5038.0,4.08,2.8979753870583567,74.57324335053593,0.0,38.923275,0.0,0.0,516.0778086542279,0,0,0,0,True,False,False,False
1716703,19960.25333042149,9158.0,7.7,23.411225158331515,92.55295916138896,0.0,47.27864613180516,0.0,0.0,196.54946494867875,0,0,0,0,True,False,False,False
1717008,18495.648389904265,4596.0,2.87,13.294168842471715,68.36379460400349,0.0,70.76977433004231,0.0,0.0,348.12880765883375,0,0,0,0,True,False,False,False
1717206,39708.60927152318,2265.0,1.67,6.843267108167771,92.62693156732892,0.0,28.032698744769878,0.0,0.0,2030.905077262693,0,0,0,1,True,False,False,False
1717503,49073.220338983054,7375.0,0.71,18.698305084745762,51.68813559322034,0.0,31.15106907894737,0.0,0.0,949.1525423728814,0,0,0,0,True,False,False,False
1717800,15403.4924330617,4295.0,2.46,2.6542491268917345,71.89755529685681,0.0,28.58164383561644,0.0,0.0,186.26309662398137,0,0,0,0,True,False,False,False
1717909,15451.41545524101,7842.0,1.16,35.080336648814075,69.08951798010712,0.0,23.07758049678013,0.0,0.0,510.07396072430504,0,0,0,0,True,False,False,False
1718006,15930.579072130036,2953.0,5.66,24.0772096173383,90.07788689468337,0.0,52.60169105691057,0.0,0.0,0.0,0,0,0,0,True,False,False,False
1718204,53233.47677047626,68555.0,14.53,66.0652031215812,72.16395594777916,35.109036540004375,34.59250204034045,39.0,56.888629567500544,2759.827875428488,1,1,1,1,True,False,False,False
1718303,9845.560253699789,9460.0,30.05,7.980972515856236,47.61099365750528,0.0,35.312075163398696,0.0,0.0,126.84989429175475,0,0,0,0,True,False,False,False
1718402,21358.570960340872,3051.0,3.95,127.69583743035071,77.94165847263193,0.0,38.28527972027972,0.0,0.0,0.0,0,0,0,0,True,False,False,False
1718451,37051.99462124608,2231.0,5.47,30.524428507395786,109.81622590766473,0.0,60.23066759388039,0.0,0.0,0.0,0,0,0,0,True,False,False,False
1718501,26355.517142034,3471.0,1.54,0.8643042350907519,64.70757706712763,0.0,91.48425041186162,0.0,0.0,230.48112935753386,0,0,0,0,True,False,False,False
1718550,16968.55657340926,4039.0,7.73,28.32384253528101,60.11388957662788,0.0,45.82227848101265,0.0,0.0,0.0,0,0,0,0,True,False,False,False
1718659,15994.51152579583,1822.0,2.09,3.622392974753019,77.49725576289791,0.0,54.362665148063776,0.0,0.0,3732.1624588364434,0,0,0,1,True,False,False,False
1718709,30331.097776208964,2833.0,3.23,13.942816801976702,81.4331097776209,0.0,38.47680937818553,0.0,0.0,6424.285210024709,0,0,0,1,True,False,False,False
1718758,23226.96957065444,4798.0,0.76,7.107127969987495,63.27636515214673,0.0,56.60226027397261,0.0,0.0,541.8924551896623,0,0,0,0,True,False,False,False
1718808,33362.99176578225,4372.0,18.95,57.02195791399817,88.90667886550777,0.0,56.67551462621885,0.0,0.0,0.0,0,0,0,0,True,False,False,False
1718840,30140.975987606507,3873.0,1.05,0.8004131164471986,84.55977278595404,0.0,37.36183887915937,0.0,0.0,413.1164471985541,0,0,0,0,True,False,False,False
1718865,23491.38736813994,7489.0,4.32,28.107891574308987,75.29710241687809,0.0,45.5634875,0.0,0.0,53.41167044999332,0,0,0,0,True,False,False,False
1718881,51221.570066030814,2726.0,1.9,17.3514306676449,92.51650770359501,0.0,55.12185263157895,0.0,0.0,0.0,0,0,0,0,True,False,False,False
1718899,78687.47271933654,2291.0,0.68,2.0515058926233087,63.68398079441292,0.0,38.180277777777775,0.0,0.0,2357.0493234395462,0,0,0,1,True,False,False,False
1718907,64248.27730215076,4789.0,2.58,47.50469826686156,104.1344748381708,0.0,34.45395408163265,0.0,0.0,3549.801628732512,0,0,0,1,True,False,False,False
1719004,16648.667358947732,2889.0,5.15,57.49394254067151,80.06230529595015,0.0,57.39188405797101,0.0,0.0,276.9124264451367,0,0,0,0,True,False,False,False
1720002,17024.36053593179,2463.0,8.78,6.293138449045879,61.0231425091352,0.0,33.31,0.0,0.0,324.8071457572067,0,0,0,0,True,False,False,False
1720101,12397.237196765498,5936.0,5.14,32.17654986522911,74.20822102425876,0.0,36.34769850402762,0.0,0.0,235.8490566037736,0,0,0,0,True,False,False,False
1720150,19488.533333333333,1875.0,0.93,0.96,109.54666666666667,0.0,36.01228855721393,0.0,0.0,1280.0,0,0,0,0,True,False,False,False
1720200,18352.39256761604,13939.0,32.54,51.015137384317384,32.44135160341488,0.0,27.197110266159697,0.0,0.0,28.696463160915417,0,0,0,0,True,False,False,False
1720259,20740.880503144654,2385.0,1.67,3.647798742138365,78.0293501048218,0.0,35.496435643564354,0.0,0.0,754.7169811320755,0,0,0,0,True,False,False,False
1720309,14753.87920744808,4189.0,14.16,517.7130580090713,154.42826450226784,0.0,48.32243902439024,0.0,0.0,0.0,0,0,0,0,True,False,False,False
1720499,34469.76028150429,4547.0,1.75,3.122938201011656,76.66593358258193,0.0,61.936646971935005,0.0,0.0,263.9102705080273,0,0,0,0,True,False,False,False
1720655,45759.52018278751,5252.0,4.06,35.64356435643565,100.60929169840061,0.0,19.44376321353065,0.0,0.0,0.0,0,0,0,0,True,False,False,False
1720804,11722.428092465148,11334.0,35.27,42.69454737956591,51.48226574907358,9.846479618845951,63.27416438356165,3.0,26.469031233456857,388.2124580907005,0,0,0,0,True,False,False,False
1720853,332941.83864915575,1599.0,1.55,10.193871169480925,90.2439024390244,0.0,31.303639344262297,0.0,0.0,1626.0162601626016,0,0,0,1,True,False,False,False
1720903,22338.24664841721,14247.0,5.98,21.141292903769216,86.15848950656279,0.0,25.830751391465675,0.0,0.0,758.0543272267846,0,0,0,0,True,False,False,False
1720937,16896.452540747843,2086.0,1.83,3.5953978906999042,81.63950143815916,0.0,51.99520325203252,0.0,0.0,191.75455417066155,0,0,0,0,True,False,False,False
1720978,58472.69828616979,2509.0,1.14,22.20007971303308,109.44599442008769,0.0,32.95445368171021,0.0,0.0,836.9868473495417,0,0,0,0,True,False,False,False
1721000,31930.224797219005,323625.0,135.9,184.5840092699884,78.25569718037852,53.658709926612595,109.00345999089993,555.0,171.49478563151797,3286.519891850135,1,1,1,1,True,False,False,False
1721109,24690.10450264482,7751.0,2.86,23.20990839891627,29.492968649206553,0.0,27.82754820936639,0.0,0.0,77.40936653335054,0,0,0,0,True,False,False,False
1721208,16060.078438133,23203.0,20.87,71.85277765806146,79.4509330689997,0.0,55.439052761493365,3.0,12.929362582424686,155.15235098909625,0,0,0,0,True,False,False,False
1721257,59330.50424363455,2003.0,2.7,20.71892161757364,2.146779830254618,0.0,21.83421875,0.0,0.0,599.101347978033,0,0,0,0,True,False,False,False
1721307,20357.9335793358,1897.0,2.11,94.8866631523458,188.29731154454402,0.0,44.18201257861635,0.0,0.0,1476.0147601476015,0,0,0,0,True,False,False,False
1722081,17061.110594363316,10751.0,7.71,38.38712677890429,56.962143056459865,0.0,56.52631306597671,0.0,0.0,74.41168263417356,0,0,0,0,True,False,False,False
1722107,44090.61125152111,10683.0,8.83,34.23195731536085,113.73209772535805,0.0,49.45641249092229,0.0,0.0,20481.138257043902,0,0,0,1,True,False,False,False
2100055,34645.476263732286,110506.0,18.35,167.84066023564333,65.90501873201455,24.009556042205855,70.17165216389097,117.0,105.87660398530396,1665.0679601107631,1,1,1,1,False,True,False,False
2100105,13508.89453621347,6296.0,16.55,44.75857687420584,36.88055908513342,0.0,50.68721698113208,0.0,0.0,2557.1791613723,0,0,0,1,False,True,False,False
2100154,8166.639884300177,12446.0,27.45,26.09673790776153,50.514221436606135,0.0,46.75459207459208,0.0,0.0,96.41651936365098,0,0,0,0,False,True,False,False
2100204,7923.884095025034,18774.0,15.81,35.53851070629594,51.86960690316395,0.0852242462980718,47.77968215158924,30.0,159.79546180888462,383.5091083413231,1,1,1,0,False,True,False,False
2100303,10486.754688419813,23782.0,11.99,20.284248591371625,42.275670675300645,0.0,78.3173775671406,0.0,0.0,13438.735177865612,0,0,0,1,False,True,False,False
2100402,10892.916984006091,6565.0,12.29,51.65270373191165,67.46382330540746,0.015232292460015232,65.9726368159204,6.0,91.3937547600914,335.1104341203351,0,0,0,0,False,True,False,False
2100436,12350.486900541906,24543.0,61.23,103.6874057776148,74.7463635252414,0.0,38.83336346336822,0.0,0.0,24.44688913335778,0,0,0,0,False,True,False,False
2100477,9530.839422967703,26411.0,13.71,78.52031350573624,57.47983794631025,0.0,48.061414285714285,0.0,0.0,1385.7862254363713,0,0,0,0,False,True,False,False
2100501,50866.36794939378,11382.0,1.0,21.068353540678263,65.80565805658057,0.0,24.448545636910733,0.0,0.0,2099.8067123528376,0,0,0,1,False,True,False,False
2100550,9532.590983161326,7364.0,14.27,2.3492667028788703,73.26181423139597,0.0,46.36731707317073,0.0,0.0,0.0,0,0,0,0,False,True,False,False
2100600,10138.418594944304,38333.0,4.98,49.60217045365612,47.773458899642606,9.633996817363629,69.69165349544073,24.0,62.60924008034853,46.95693006026139,1,1,1,0,False,True,False,False
2100709,7917.547004309523,26221.0,26.92,9.454254223713818,56.18778841386675,0.0,49.63341499628805,0.0,0.0,366.11875977270125,0,0,0,0,False,True,False,False
2100808,10566.366664304443,14111.0,22.65,48.812982779391966,77.38643611367019,0.0,55.26251141552512,0.0,0.0,240.9467791084969,0,0,0,0,False,True,False,False
2100832,7448.064946619217,17984.0,51.36,13.406361209964412,63.00600533807829,0.0,51.97629878869448,12.0,66.72597864768683,66.72597864768683,1,1,0,0,False,True,False,False
2100873,8965.189036749802,11347.0,13.89,30.66008636644047,57.11641843659117,0.0,63.08081609195402,0.0,0.0,282.01286683704944,0,0,0,0,False,True,False,False
2100907,7020.432990714534,40278.0,21.82,48.93490242812454,42.174388003376535,1.1842693281692238,41.26509816339456,12.0,29.792939073439594,258.2054719698098,1,1,0,0,False,True,False,False
2100956,11084.53285479745,26191.0,8.57,38.673590164560345,49.948455576343015,0.0,64.68719836400818,3.0,11.454316368218091,335.9932801343973,0,0,0,0,False,True,False,False
2101004,10263.45794698732,30521.0,26.79,38.61275842862292,43.65846466367419,9.662199796861177,18.99446454413893,6.0,19.658595720978997,347.3018577372956,0,0,0,0,False,True,False,False
2101103,8065.402765129564,12079.0,73.48,50.80718602533322,84.79178739961917,0.0,51.21876854599406,0.0,0.0,149.01895852305654,0,0,0,0,False,True,False,False
2101202,14073.220590968222,107620.0,62.6,50.64579074521465,84.37558074707303,20.724772347147372,60.13056763285024,84.0,78.05240661587065,83.62757851700428,1,1,1,0,False,True,False,False
2101251,34413.977259676125,17414.0,31.25,50.051682554266684,69.90926840473182,0.0,46.59838021338506,6.0,34.45503617778799,1286.3213506374182,0,0,0,0,False,True,False,False
2101301,7397.471402769416,16610.0,19.15,4.7561709813365445,44.5574954846478,0.0,24.15065573770492,6.0,36.12281757977122,168.57314870559904,0,0,0,0,False,True,False,False
2101350,7366.951991068106,5374.0,12.7,7.592110160029773,49.590621510978785,0.0,74.82749430523917,0.0,0.0,446.594715295869,0,0,0,0,False,True,False,False
2101400,59451.28848002714,106094.0,7.74,119.2093803608121,73.2039512130752,33.01411955435746,51.854898275528,45.0,42.415216694629294,1229.0987237732577,1,1,1,0,False,True,False,False
2101509,13800.904512282868,19458.0,8.59,65.22766985301675,46.37167231986844,0.0,40.0810544452102,0.0,0.0,102.78548668927948,0,0,0,0,False,True,False,False
2101608,10142.234692946437,87672.0,16.29,72.06976001459988,64.7652614289625,12.060863217446848,32.81688030888031,12.0,13.68738023542294,509.8549137695045,1,1,0,0,False,True,False,False
2101707,9348.82865924499,67999.0,21.53,73.44813894321976,74.73492257239077,9.431021044427125,62.22795755544917,24.0,35.294636685833616,161.76708481007074,1,1,1,0,False,True,False,False
2101731,6965.465810004589,8716.0,14.85,34.93575034419459,48.290500229463056,0.0,43.1020293398533,0.0,0.0,367.140890316659,0,0,0,0,False,True,False,False
2101772,8907.727988072558,12073.0,79.42,77.80170628675558,66.5120516855794,0.008282945415389712,38.52350409836066,0.0,0.0,198.7906899693531,0,0,0,0,False,True,False,False
2101806,13069.501518670717,5597.0,3.06,63.837770234053956,41.951045202787206,0.6789351438270502,21.376121212121213,6.0,107.20028586742897,750.4020010720028,0,0,0,0,False,True,False,False
2101905,6911.574838612821,19983.0,24.78,42.225892008206976,52.55967572436571,0.0,34.82086274509804,0.0,0.0,240.20417354751538,0,0,0,0,False,True,False,False
2101939,17568.778204913924,5983.0,23.63,32.12435233160622,57.31238509109143,0.0,79.88356725146198,6.0,100.28413839211098,1270.265752966739,0,0,0,0,False,True,False,False
2101970,8693.525550263868,7769.0,18.92,0.38615008366585146,114.3776547818252,0.0,44.406475524475525,0.0,0.0,0.0,0,0,0,0,False,True,False,False
2102002,12086.146613779933,34035.0,5.02,55.00807991773175,53.85044806816512,0.0,52.55916119962512,0.0,0.0,276.18627883061555,0,0,0,0,False,True,False,False
2102036,12696.532377991078,29588.0,10.68,49.428822495606326,55.81654724888468,0.0,47.70084879145588,3.0,10.139245640124376,425.84831688522377,0,0,0,0,False,True,False,False
2102077,9502.174963750604,12414.0,27.43,23.884324150153052,42.96761720637989,0.0,60.731197916666666,0.0,0.0,80.55421298533913,0,0,0,0,False,True,False,False
2102101,9303.918237925373,35322.0,31.79,5.843383726855784,47.59073665137874,1.7213068342675952,37.972037962037966,9.0,25.47987090198743,1811.901930807995,1,0,0,1,False,True,False,False
2102150,7570.576328965591,9387.0,9.35,19.85724938745073,35.93267284542452,0.010653030787258976,28.979142857142858,6.0,63.91818472355385,1448.8121870672205,0,0,0,0,False,True,False,False
2102200,9023.637131075684,30799.0,20.11,48.806779440890935,40.36819377252508,0.0,53.23491935483871,0.0,0.0,175.33036786908667,0,0,0,0,False,True,False,False
2102309,10404.228421970358,22940.0,14.19,8.513513513513514,62.48910200523104,0.004359197907585004,23.82237781954887,0.0,0.0,61.02877070619006,0,0,0,0,False,True,False,False
2102325,13147.286276715413,56896.0,21.81,127.57838863892013,68.34751124859393,10.47525309336333,57.12624535315986,12.0,21.09111361079865,291.7604049493813,1,1,0,0,False,True,False,False
2102358,9308.65698867523,13157.0,15.74,34.73436193661169,53.180816295508095,0.0,33.9255944055944,0.0,0.0,15.20103367028958,0,0,0,0,False,True,False,False
2102374,6094.9620151939225,10004.0,13.76,9.616153538584566,28.49860055977609,0.0,54.58063800277392,0.0,0.0,19.99200319872051,0,0,0,0,False,True,False,False
2102408,6831.657319667375,10342.0,18.56,48.99439180042545,61.20672983948946,0.0,53.887451235370605,0.0,0.0,135.37033455811255,0,0,0,0,False,True,False,False
2102507,7664.292980671414,16711.0,24.79,22.619831248877986,42.792172820298006,0.0,40.24926654740608,6.0,35.90449404583807,263.2996230028125,0,0,0,0,False,True,False,False
2102556,17048.593961602804,12553.0,20.05,108.1972436867681,72.54839480602246,0.0,44.9475325803649,0.0,0.0,1354.2579463076556,0,0,0,0,False,True,False,False
2102606,7190.907754862098,20413.0,12.19,40.20967030813697,64.6254837603488,0.0,27.69716115261473,0.0,0.0,235.14427080781854,0,0,0,0,False,True,False,False
2102705,6141.816143497758,24976.0,31.44,60.854420243433694,39.17761050608584,0.0,57.1690674955595,0.0,0.0,56.053811659192824,0,0,0,0,False,True,False,False
2102754,24346.36488340192,11664.0,19.27,13.340192043895748,59.89368998628258,0.0,38.15552835051546,12.0,102.88065843621399,188.61454046639233,1,1,0,0,False,True,False,False
2102804,21372.551410225147,24606.0,3.84,103.17808664553361,58.920588474355846,9.201007884255873,54.453071505958825,15.0,60.960741282613995,1519.954482646509,1,1,1,0,False,True,False,False
2102903,8127.097163548582,24855.0,19.22,0.39026352846509754,64.18024542345604,0.0,47.83983498349836,0.0,0.0,32.18668276000805,0,0,0,0,False,True,False,False
2103000,12927.025968622267,163428.0,30.18,106.99451746334778,49.806642680568814,15.985020926646596,65.63161392763978,99.0,60.57713488508701,291.25975964950925,1,1,1,0,False,True,False,False
2103109,7524.224435082344,10444.0,35.79,76.17770968977403,60.7047108387591,0.0,55.3838329764454,0.0,0.0,287.24626579854464,0,0,0,0,False,True,False,False
2103125,8066.777270841974,7233.0,22.2,27.623392783077563,58.74464261025854,0.0,60.902307692307694,0.0,0.0,331.8125259228536,0,0,0,0,False,True,False,False
2103158,8188.901168298074,12668.0,10.57,49.21060940953584,59.96210925165772,0.0,52.44363367799113,0.0,0.0,110.51468266498263,0,0,0,0,False,True,False,False
2103174,12145.7438441527,16529.0,1.94,27.400326698529856,67.9109444007502,0.0,39.73060373216246,0.0,0.0,72.59967330147015,0,0,0,0,False,True,False,False
2103208,10621.671694259045,84202.0,25.06,86.20697845656873,64.70155103204199,9.35250944158096,62.602486763148605,36.0,42.75432887579868,973.8486021709698,1,1,1,0,False,True,False,False
2103257,13956.812652068127,13152.0,8.8,92.9440389294404,54.486009732360095,0.0,40.11029714285714,0.0,0.0,1399.0267639902677,0,0,0,0,False,True,False,False
2103307,13936.218775096158,118295.0,26.2,38.0489454330276,44.990912549135636,12.462910520309396,46.86988027069235,63.0,53.256688786508306,162.30609915888246,1,1,1,0,False,True,False,False
2103406,10854.629759075446,42918.0,42.64,72.56395917796729,60.08201686937881,0.0,26.197223008015087,0.0,0.0,195.72207465399134,0,0,0,0,False,True,False,False
2103505,13251.191759492154,41745.0,20.38,46.8199784405318,59.70774943106959,10.564139417894358,84.72081237253569,9.0,21.559468199784405,143.7297879985627,1,0,0,0,False,True,False,False
2103554,9642.885220125789,15264.0,20.55,8.117138364779874,47.562893081761004,0.0,49.089588744588745,0.0,0.0,157.23270440251574,0,0,0,0,False,True,False,False
2103604,8697.1524506528,61351.0,26.31,45.37171358250069,59.58338087398739,0.0,33.89673151750973,3.0,4.889895845218497,84.75819465045394,0,0,0,0,False,True,False,False
2103703,8112.610402355251,32608.0,25.09,29.817836113837096,66.08194308145241,0.0,36.328148011782034,6.0,18.400392541707557,98.13542688910697,0,0,0,0,False,True,False,False
2103752,12861.306464701109,14788.0,43.35,38.86259129023533,73.77603462266703,0.0,47.9222952710496,0.0,0.0,94.67135515282662,0,0,0,0,False,True,False,False
2103802,11135.12023410662,23579.0,64.31,35.00148437168667,81.4962466601637,0.0,44.71903664921466,0.0,0.0,55.133805504898426,0,0,0,0,False,True,False,False
2103901,8317.764165390505,10448.0,32.2,353.9146248085758,47.85604900459418,0.0,49.09675417661098,0.0,0.0,153.1393568147014,0,0,0,0,False,True,False,False
2104008,8490.14686248331,18725.0,40.47,43.86648865153538,60.678237650200266,0.0,56.39711111111111,12.0,64.08544726301736,5.34045393858478,1,1,0,0,False,True,False,False
2104057,33034.1163799377,34353.0,12.24,135.6329869298169,65.17625825983174,21.148080225890023,67.30305248341043,12.0,34.931447035193436,3033.2139842226297,1,1,0,1,False,True,False,False
2104073,14327.829043224869,8236.0,4.95,54.783875667799904,69.83972802331229,0.0,36.53397752808989,0.0,0.0,339.9708596406022,0,0,0,0,False,True,False,False
2104081,8978.719599427754,11184.0,2.14,5.212804005722461,25.777896995708154,0.0,23.936625766871167,0.0,0.0,35.7653791130186,0,0,0,0,False,True,False,False
2104099,11148.127722936084,18133.0,4.8,76.46280262504825,54.3043070644681,0.0,29.023443223443223,0.0,0.0,77.20730160480892,0,0,0,0,False,True,False,False
2104107,26769.7475098448,12951.0,6.82,77.63107095977145,69.38460350552081,0.0,67.32624382207578,0.0,0.0,169.8710524283839,0,0,0,0,False,True,False,False
2104206,8261.097659402743,17346.0,20.33,4.392943618125217,58.30162573503978,0.0,35.38297002724796,6.0,34.59010722933241,115.30035743110804,0,0,0,0,False,True,False,False
2104305,255103.43504125887,10422.0,14.14,0.11514104778353483,78.56457493763193,0.0,85.315,0.0,0.0,27173.28727691422,0,0,0,1,False,True,False,False
2104404,8536.378633596905,17579.0,19.47,35.62773764150407,47.755845042380116,0.0,45.709688073394496,0.0,0.0,170.65817168212072,0,0,0,0,False,True,False,False
2104503,8776.165011459128,10472.0,22.95,40.43162719633308,50.744843391902215,0.0,35.69001945525292,0.0,0.0,190.98548510313216,0,0,0,0,False,True,False,False
2104552,19832.24032155701,18908.0,29.89,96.8584726041887,74.01100063465199,0.0,35.26513532269257,0.0,0.0,433.67886608842815,0,0,0,0,False,True,False,False
2104602,8305.933511011362,14258.0,21.5,6.929443119652126,46.10744844999299,0.0,46.20802303262956,0.0,0.0,603.1701500911769,0,0,0,0,False,True,False,False
2104628,9846.23909128688,7219.0,17.59,27.746225238952764,62.3216511982269,0.0,88.34989556135771,0.0,0.0,914.2540518077296,0,0,0,0,False,True,False,False
2104651,7665.239959930789,10981.0,9.36,36.34459520990802,43.15636098715964,0.0,67.418203125,0.0,0.0,36.42655495856479,0,0,0,0,False,True,False,False
2104677,10948.181470950218,23563.0,22.3,82.86296312014599,64.77952722488648,0.0,57.97318013734812,0.0,0.0,161.26978737851718,0,0,0,0,False,True,False,False
2104701,8789.644538224315,6161.0,22.19,63.9344262295082,62.06784612887518,0.0,29.81357142857143,3.0,48.69339392955689,422.0094140561597,0,0,0,0,False,True,False,False
2104800,15013.881271383429,76578.0,8.34,70.18595419049858,64.93901642769464,8.717908537700122,35.2360921538796,15.0,19.587871190159053,1086.4739220141555,1,1,1,0,False,True,False,False
2104909,8920.057306590257,10470.0,21.49,81.82425978987584,60.7163323782235,0.009551098376313277,62.50286885245901,6.0,57.306590257879655,38.2043935052531,0,0,0,0,False,True,False,False
2105005,6945.038800572591,26546.0,14.98,38.819407820387255,46.83568145860016,0.0,53.4873163507109,21.0,79.10796353499586,248.62502825284412,1,1,1,0,False,True,False,False
2105104,7063.121743249645,25332.0,22.05,19.53655455550292,47.37091425864519,0.003947576188220433,61.58802083333334,0.0,0.0,165.79819990525817,0,0,0,0,False,True,False,False
2105153,25829.47735191637,14350.0,37.9,78.82926829268293,66.07665505226481,0.0,48.851889168765744,0.0,0.0,167.24738675958187,0,0,0,0,False,True,False,False
2105203,11251.839816496224,10463.0,29.55,34.79881487145178,70.61072350186372,0.0,70.06520146520147,0.0,0.0,344.0695785147663,0,0,0,0,False,True,False,False
2105302,26978.824882691675,285146.0,199.49,154.28692669720073,86.88812047161805,37.64878343024275,99.19080685523622,372.0,130.45948391350396,23091.3286526902,1,1,1,1,False,True,False,False
2105351,7585.731457258007,14143.0,11.11,49.4732376440642,45.909637276391145,0.0,59.59349775784754,0.0,0.0,56.56508520115958,0,0,0,0,False,True,False,False
2105401,12411.151616374118,62269.0,40.82,90.29533154539176,69.74096259776132,2.1953138801008527,38.78750396895396,12.0,19.27122645297018,211.98349098267195,1,1,0,0,False,True,False,False
2105427,21331.908956135,22934.0,6.28,72.44266155053633,87.93494375163513,0.0,30.19531932773109,0.0,0.0,78.4860905206244,0,0,0,0,False,True,False,False
2105450,9945.992115637318,7610.0,12.63,47.68725361366623,36.22864651773982,0.0,14.662393162393162,0.0,0.0,578.1865965834428,0,0,0,0,False,True,False,False
2105476,7185.153437339277,17499.0,8.7,23.527058689067946,21.886964969426824,0.0,60.4197311827957,0.0,0.0,102.86302074404252,0,0,0,0,False,True,False,False
2105500,10701.585795072568,25287.0,21.73,21.963854945228775,77.1898604025784,0.0,43.14073181419807,6.0,23.727607070826906,31.636809427769208,0,0,0,0,False,True,False,False
2105609,7649.688217919265,15235.0,21.23,105.15260912372825,58.16212668198228,0.0,81.53849593495936,0.0,0.0,65.63833278634722,0,0,0,0,False,True,False,False
2105658,11696.872037914693,5275.0,9.05,0.43601895734597157,75.35545023696683,0.0,65.04806451612903,0.0,0.0,227.48815165876778,0,0,0,0,False,True,False,False
2105708,11997.90735694823,45875.0,35.8,70.4850136239782,78.40217983651226,0.0,55.750997542997546,0.0,0.0,30.517711171662125,0,0,0,0,False,True,False,False
2105807,8931.752577319588,9700.0,28.94,27.185567010309278,40.72164948453608,0.010309278350515464,47.43264516129032,6.0,61.855670103092784,82.47422680412372,0,0,0,0,False,True,False,False
2105906,9002.653047688533,15077.0,23.39,8.43005903031107,49.14770843005903,0.0,54.91190019193858,0.0,0.0,132.65238442661007,0,0,0,0,False,True,False,False
2105922,8974.55823850495,10809.0,6.99,4.857063558145989,51.79942640392266,0.0,42.044698608964445,0.0,0.0,111.01859561476547,0,0,0,0,False,True,False,False
2105948,9372.056690101552,8961.0,39.67,72.4695904474947,61.745340921772126,0.0,70.50878378378378,18.0,200.8704385671242,44.637875237138715,1,1,1,0,False,True,False,False
2105963,8747.39538855679,11710.0,15.33,68.83859948761742,65.56789069171649,0.0,50.14843971631206,0.0,0.0,1110.1622544833476,0,0,0,0,False,True,False,False
2105989,14039.98893039989,7227.0,6.63,87.31147087311471,75.24560675245607,0.0,26.948127208480564,0.0,0.0,885.5680088556801,0,0,0,0,False,True,False,False
2106003,23753.15798581069,11558.0,35.09,35.04931649074234,65.22754801868835,0.0,71.04180672268907,0.0,0.0,1038.241910365115,0,0,0,0,False,True,False,False
2106102,34798.164365106095,11876.0,3.22,66.31862579993263,55.043785786460084,0.0,40.09849942726231,9.0,75.78309195015157,1364.0956551027282,1,0,0,0,False,True,False,False
2106201,7799.891171269215,7351.0,15.16,52.64589851720854,68.56210039450414,0.0,61.07357698289269,0.0,0.0,516.9364712284043,0,0,0,0,False,True,False,False
2106300,10067.995143204056,14001.0,31.78,11.249196485965289,48.78222984072566,0.0,41.829809663250366,6.0,42.854081851296336,99.99285765302479,0,0,0,0,False,True,False,False
2106326,9617.910172461496,21686.0,33.27,32.306557225860004,64.51166651295767,0.0,46.32348506401138,0.0,0.0,55.33523932491008,0,0,0,0,False,True,False,False
2106375,8583.700127786455,14086.0,18.08,9.505892375408207,44.895641062047424,0.0,66.85336749633967,0.0,0.0,1192.6735766008803,0,0,0,0,False,True,False,False
2106409,10218.167303415636,17537.0,31.15,37.828590979072814,52.96230826253065,0.0,63.73233850129199,0.0,0.0,239.49364201402747,0,0,0,0,False,True,False,False
2106508,8732.534398579672,22530.0,53.66,36.70661340434975,52.52108300044385,0.0,38.09561238223419,0.0,0.0,53.26231691078562,0,0,0,0,False,True,False,False
2106607,7698.108108108108,33300.0,15.26,43.846846846846844,50.066066066066064,0.0,53.452391581632654,0.0,0.0,198.19819819819818,0,0,0,0,False,True,False,False
2106631,5534.410699359153,17945.0,21.94,20.94733909166899,27.27222067428253,0.0,54.43367847411445,0.0,0.0,44.58066313736417,0,0,0,0,False,True,False,False
2106672,7111.074270557029,9048.0,13.89,1.0389036251105217,32.47126436781609,0.0,49.73742474916388,0.0,0.0,176.8346595932803,0,0,0,0,False,True,False,False
2106706,12910.632958453389,21518.0,2.47,12.659169067757226,74.83037457012733,0.037178176410447066,63.59546499477534,12.0,55.7672646156706,27.8836323078353,1,1,0,0,False,True,False,False
2106755,32349.34569471223,24377.0,69.96,20.958280346228,61.16010993969726,0.0,62.47950408997955,0.0,0.0,1124.010337613324,0,0,0,0,False,True,False,False
2106805,7837.308526264252,14297.0,20.35,64.33517521158285,67.97929635587886,0.0,47.68929565217392,0.0,0.0,69.94474365251452,0,0,0,0,False,True,False,False
2106904,9006.327343913865,28606.0,22.28,65.90924980773265,46.00433475494651,0.0,55.34935625,3.0,10.48731035447109,160.80542543522338,0,0,0,0,False,True,False,False
2107001,9290.686432484692,9309.0,6.12,68.13836072617897,66.72037812869266,0.0,57.96189393939394,0.0,0.0,107.4229240519927,0,0,0,0,False,True,False,False
2107100,7891.91323575866,18994.0,10.84,92.70295882910393,47.699273454775195,0.0,33.48312164579606,0.0,0.0,42.11856375697589,0,0,0,0,False,True,False,False
2107209,6082.949625455295,14551.0,24.83,33.427255858703866,36.684763933750254,0.0,49.7992576419214,0.0,0.0,54.97903924128926,0,0,0,0,False,True,False,False
2107258,16801.51632970451,5144.0,6.76,76.5357698289269,57.38724727838258,0.0,54.423483870967736,0.0,0.0,505.44323483670297,0,0,0,0,False,True,False,False
2107308,11551.677243880324,4412.0,4.42,57.18495013599275,50.02266545784225,0.0,23.15843373493976,0.0,0.0,407.97824116047144,0,0,0,0,False,True,False,False
2107357,12658.418578932817,14468.0,5.84,29.83135194912911,59.863146253801496,0.0,44.47678132678133,0.0,0.0,82.94166436273154,0,0,0,0,False,True,False,False
2107407,10295.87318939601,18295.0,25.77,41.787373599344086,58.87400929215633,0.0,82.19817120622568,12.0,65.59169171904892,120.25143481825636,1,1,0,0,False,True,False,False
2107456,7713.135379969804,13909.0,67.93,72.36321806024876,74.56323243942771,0.0,51.160075431034485,18.0,129.41261053993816,287.5835789776404,1,1,1,0,False,True,False,False
2107506,8143.796042178246,152306.0,1145.06,108.30893070529066,71.87438446285766,25.92150013788032,71.33613394976884,132.0,86.66762964032934,300.71041193387,1,1,1,0,False,True,False,False
2107605,6437.980190687772,21606.0,39.57,58.19679718596686,26.238082014255298,0.0,44.74056074766355,0.0,0.0,55.540127742293805,0,0,0,0,False,True,False,False
2107704,9847.62876631398,18619.0,34.45,79.4135023363231,60.94849347440786,0.0,59.12438105489774,0.0,0.0,236.31773994306891,0,0,0,0,False,True,False,False
2107803,10011.873759920634,32256.0,9.63,36.82415674603175,48.49640376984127,0.0,51.12195670274771,0.0,0.0,613.8392857142857,0,0,0,0,False,True,False,False
2107902,11373.80627557981,17592.0,12.68,33.73692587539791,59.481582537517056,0.005684402000909504,37.82615886833514,12.0,68.21282401091405,56.84402000909504,1,1,0,0,False,True,False,False
2108009,16081.211680349164,19246.0,11.5,89.6446014756313,60.812636391977556,0.0,49.05210422163589,0.0,0.0,10.39176971838304,0,0,0,0,False,True,False,False
2108058,6752.61085430577,17523.0,17.41,27.97466187296696,52.71357644239,0.0,45.84834056399132,0.0,0.0,4496.946869828225,0,0,0,1,False,True,False,False
2108108,9337.245094267026,20792.0,17.41,17.184494036167756,55.26644863409003,0.0,53.073392857142856,0.0,0.0,76.95267410542516,0,0,0,0,False,True,False,False
2108207,20583.27018057334,38267.0,141.38,71.22586040191287,97.79705751692059,2.7778503671570807,54.14494320025966,30.0,78.39652964695429,256.0953301800507,1,1,1,0,False,True,False,False
2108256,6335.554039410844,24917.0,13.87,11.726933418950917,51.884255729020346,0.0,49.34959657701712,0.0,0.0,192.63956335032307,0,0,0,0,False,True,False,False
2108306,7566.529492455418,33534.0,40.59,8.003817021530388,47.838015148804196,0.0,57.073874407582935,6.0,17.89228842368939,107.35373054213633,0,0,0,0,False,True,False,False
2108405,8507.22709940587,11277.0,27.91,52.212467854925954,57.93207413319145,0.0,36.93875838926174,0.0,0.0,212.82255919127428,0,0,0,0,False,True,False,False
2108454,11019.942611190818,20910.0,24.83,50.23433763749402,58.99091343854615,0.0,64.86549921996881,0.0,0.0,267.81444285031085,0,0,0,0,False,True,False,False
2108504,9107.469020017834,32521.0,117.15,73.50327480704776,65.59453891331755,6.448141201070078,28.281818672423096,3.0,9.224808585221856,350.54272623843053,0,0,0,0,False,True,False,False
2108603,11828.307874293385,87919.0,55.93,46.4404736177618,58.36394863453861,19.127833574085237,57.50328041005125,51.0,58.00793912578624,75.06909769219395,1,1,1,0,False,True,False,False
2108702,8553.220975457105,22369.0,40.15,43.60498904734231,65.29572175778979,0.0,46.86336624775584,0.0,0.0,196.70079127363763,0,0,0,0,False,True,False,False
2108801,7216.556291390729,18120.0,25.72,51.937086092715234,43.432671081677704,0.016556291390728478,72.101825,6.0,33.11258278145695,33.11258278145695,0,0,0,0,False,True,False,False
2108900,9348.5439119468,17444.0,17.33,66.01696858518689,44.98394863563403,0.011465260261407933,47.67384219554031,18.0,103.18734235267141,321.02728731942216,1,1,1,0,False,True,False,False
2109007,41851.61316637435,24517.0,16.83,138.5283680711343,84.88803687237427,0.0,37.34685947601225,3.0,12.236407390790063,3450.666884202798,0,0,0,1,False,True,False,False
2109056,7528.484649482843,6091.0,24.3,100.80446560499097,48.793301592513544,0.0,60.53966876971609,0.0,0.0,591.0359546872435,0,0,0,0,False,True,False,False
2109106,16224.376314998495,46578.0,58.52,43.78247241186826,87.52844690626476,7.114946970672849,45.72163303374597,36.0,77.28970758727296,519.5585898922238,1,1,1,0,False,True,False,False
2109205,7272.641184573003,11616.0,31.94,3.994490358126722,58.30750688705234,0.0,69.42023631840796,0.0,0.0,68.87052341597796,0,0,0,0,False,True,False,False
2109239,12780.539174389216,4748.0,10.73,114.51137320977253,84.4776748104465,0.0,52.320789473684215,0.0,0.0,673.9679865206402,0,0,0,0,False,True,False,False
2109270,9209.400993691732,17913.0,24.11,17.942276558923687,54.19527717300285,0.0,43.70745490981964,0.0,0.0,111.65075643387485,0,0,0,0,False,True,False,False
2109304,7058.289315170049,10791.0,22.93,0.4077471967380224,54.24891112964507,0.0,50.47308743169399,0.0,0.0,37.067926976183855,0,0,0,0,False,True,False,False
2109403,6398.721448067807,13922.0,10.18,39.11794282430685,45.144375808073555,0.0,65.15541455160744,0.0,0.0,143.65752047119668,0,0,0,0,False,True,False,False
2109452,8927.216572034691,32054.0,389.32,75.75029637486742,99.55387783115992,15.579958819492107,40.49382335506817,12.0,37.436825357209706,106.07100517876084,1,1,0,0,False,True,False,False
2109502,29657.56200713688,22699.0,3.46,78.09595136349618,63.21423851270981,0.0,55.59644602851324,6.0,26.432882505837263,3700.6035508172167,0,0,0,1,False,True,False,False
2109551,16347.505594313545,7597.0,10.12,31.407134395155982,49.20363301303146,0.0,42.47346196251378,0.0,0.0,974.0687113334211,0,0,0,0,False,True,False,False
2109601,11145.43671252169,39763.0,59.38,48.2559163041018,59.03729597867364,14.304755677388528,37.14812413554633,12.0,30.178809445967357,186.10265825013204,1,1,0,0,False,True,False,False
2109700,83266.61989124714,5701.0,2.25,59.16505876162077,47.18470443781793,0.0,47.71307086614173,0.0,0.0,3437.993334502719,0,0,0,1,False,True,False,False
2109759,8802.895160111128,6839.0,10.75,0.39479456060827606,51.84968562655359,0.0,59.53024590163935,0.0,0.0,116.97616610615587,0,0,0,0,False,True,False,False
2109809,8302.81592132121,43112.0,18.97,22.98895899053628,41.80042679532381,6.41120801632956,49.65428971962616,9.0,20.87585822972722,162.36778623121174,1,0,0,0,False,True,False,False
2109908,16626.776458312066,88167.0,108.07,131.2668005035898,75.89007224925426,13.083126339786995,41.02568453397064,42.0,47.63687093810609,145.17903523994238,1,1,1,0,False,True,False,False
2110005,12592.44202788082,59037.0,11.92,42.49030269153243,64.47990243406677,1.5905279739824179,43.91380475594493,12.0,20.326236089232175,633.5010247810695,1,1,0,0,False,True,False,False
2110039,10186.248492159228,24870.0,24.05,13.216726980297548,72.87494973864094,0.0,38.84286032276015,0.0,0.0,64.33453960595095,0,0,0,0,False,True,False,False
2110104,8920.127404140634,24489.0,16.75,18.387847605047163,59.45526562946629,0.0,37.01287234042553,12.0,49.00159255175793,73.50238882763689,1,1,0,0,False,True,False,False
2110203,9224.13254955002,38446.0,48.94,92.99537012953233,56.98122041304687,9.80596160848983,59.85559383281137,15.0,39.01576236799667,98.83993133225823,1,1,1,0,False,True,False,False
2110237,6874.82601837246,10777.0,11.34,17.88995082119328,34.51795490396214,0.0,41.52697916666667,0.0,0.0,37.116080541894775,0,0,0,0,False,True,False,False
2110278,6717.927170868347,14280.0,8.81,60.203081232493,73.30532212885154,0.0,48.6262358276644,0.0,0.0,574.2296918767507,0,0,0,0,False,True,False,False
2110302,208954.0449976065,14623.0,18.55,18.710250974492237,77.20713943787185,0.0,65.85567955801105,0.0,0.0,22088.490733775558,0,0,0,1,False,True,False,False
2110401,7632.469536529559,18793.0,19.71,50.95514287234609,56.23370403873783,0.0,77.31373036649215,0.0,0.0,85.13808332889906,0,0,0,0,False,True,False,False
2110500,6498.459488716796,48036.0,101.52,25.22691314847198,52.22333250062453,0.0,49.77838617886179,0.0,0.0,62.45316012990257,0,0,0,0,False,True,False,False
2110609,10082.72671854269,27887.0,26.79,39.545307849535625,54.433965647075695,0.0,36.10600311850312,12.0,43.03080288306379,265.3566177788934,1,1,0,0,False,True,False,False
2110658,39026.1780104712,8213.0,8.31,66.58955314744917,72.33653963229027,0.0,48.59460755813953,0.0,0.0,438.3294776573725,0,0,0,0,False,True,False,False
2110708,10105.221316828029,35221.0,29.54,15.899605349081513,74.83035688935578,0.0,37.78588952071487,0.0,0.0,85.1764572272224,0,0,0,0,False,True,False,False
2110807,19167.519466073416,4495.0,2.17,44.894327030033374,47.474972191323694,0.0,44.68688279301745,6.0,133.48164627363738,17308.120133481647,0,0,0,1,False,True,False,False
2110856,13148.23248752982,9222.0,12.14,84.87312947299935,70.32097158967686,0.0,48.01268796992481,0.0,0.0,151.8108870093255,0,0,0,0,False,True,False,False
2110906,8012.061847324537,12353.0,5.28,61.85541973609649,25.605116166113493,0.0,32.89240157480315,0.0,0.0,64.7615963733506,0,0,0,0,False,True,False,False
2111003,7170.9238986725895,18909.0,28.53,33.50785340314136,49.01898566820033,0.0,59.11446384039901,0.0,0.0,190.38553069966682,0,0,0,0,False,True,False,False
2111029,9903.067385878754,12421.0,13.46,40.826020449239195,53.34514129297158,0.0,78.98834920634921,0.0,0.0,161.01763143064164,0,0,0,0,False,True,False,False
2111052,14988.421573478476,10105.0,4.83,111.11331024245423,68.51063829787235,13.607125185551707,51.18307070707071,3.0,29.688273132112815,257.29836714497776,0,0,0,0,False,True,False,False
2111078,9062.246435609137,17254.0,11.74,27.85441057146169,40.12982496812334,0.0,46.53246684350133,0.0,0.0,1425.7563463544686,0,0,0,0,False,True,False,False
2111102,13169.441118535398,25891.0,16.87,148.039859410606,76.62894442084122,0.0,36.09654201849618,0.0,0.0,270.36421922675834,0,0,0,0,False,True,False,False
2111201,8910.684733542077,257414.0,1356.04,109.70770820545891,61.129153814477846,25.319912669862557,79.3999505594075,231.0,89.73870885033448,372.9400887286628,1,1,1,0,False,True,False,False
2111250,8721.486905097156,7102.0,19.67,18.44550830751901,39.32695015488595,0.014080540692762602,37.73409090909091,0.0,0.0,140.80540692762602,0,0,0,0,False,True,False,False
2111300,33577.0368647966,1088057.0,1779.87,114.97320452880686,99.69431748520527,40.88140602927972,101.29978736528668,1617.0,148.613537709881,41560.13885301965,1,1,1,1,False,True,False,False
2111409,9367.487467636203,18153.0,19.6,51.638847573403844,44.973282653005015,0.0,64.05665085388995,0.0,0.0,132.20955214014214,0,0,0,0,False,True,False,False
2111508,10688.04780876494,40160.0,48.53,117.16633466135458,67.97559760956176,0.0,44.14817499278082,0.0,0.0,54.78087649402391,0,0,0,0,False,True,False,False
2111532,8659.269815418023,14736.0,19.9,38.65363735070576,48.35776330076004,0.0,39.321676300578034,0.0,0.0,637.8935939196525,0,0,0,0,False,True,False,False
2111573,14005.196982397318,5965.0,5.9,75.25565800502933,63.45347862531433,0.0,64.58169491525423,0.0,0.0,83.82229673093043,0,0,0,0,False,True,False,False
2111607,38664.90668618328,19129.0,5.3,69.52271420356527,76.97213654660463,0.0,52.77810614525139,6.0,31.365988812797323,9294.788018192274,0,0,0,1,False,True,False,False
2111631,7621.813767990289,5767.0,13.47,24.484133865094503,109.79712155366742,0.0,57.8536559139785,0.0,0.0,277.44061036934283,0,0,0,0,False,True,False,False
2111672,9944.806605823554,4602.0,20.03,42.133854845719256,58.06171229900043,0.0,92.38386206896551,0.0,0.0,0.0,0,0,0,0,False,True,False,False
2111706,7329.7460397284385,19885.0,49.5,72.67286899673121,61.16167965803369,0.0,32.064606866002215,12.0,60.34699522252954,55.31807895398541,1,1,0,0,False,True,False,False
2111722,10481.531531531533,8880.0,19.88,10.754504504504505,60.833333333333336,0.0,49.815983263598326,0.0,0.0,90.09009009009009,0,0,0,0,False,True,False,False
2111748,9749.162278602202,10445.0,23.94,7.467687888942078,55.88319770224988,0.04786979415988511,67.86946175637394,6.0,57.443752991862134,5897.558640497846,0,0,0,1,False,True,False,False
2111763,12446.291985367476,15035.0,19.91,61.383438643165945,47.628865979381445,0.0,54.57012732615083,6.0,39.906883937479215,0.0,0,0,0,0,False,True,False,False
2111789,6924.863779753369,10461.0,8.75,1.2427110218908326,42.16614090431125,0.0,40.47526244952893,12.0,114.71178663607685,9.559315553006405,1,1,0,0,False,True,False,False
2111805,12688.262588073552,17457.0,5.48,47.17305378931088,67.58893280632411,0.0,32.86385941644562,0.0,0.0,183.30755570831184,0,0,0,0,False,True,False,False
2111904,12053.958552191769,10471.0,9.53,48.50539585521918,50.33903161111642,0.0,23.81935779816514,6.0,57.30111737178875,496.60968388883583,0,0,0,0,False,True,False,False
2111953,9433.76572327044,5088.0,5.78,132.31132075471697,53.75393081761006,0.0,56.2306006006006,6.0,117.9245283018868,78.61635220125787,0,0,0,0,False,True,False,False
2112001,258227.7619152208,9106.0,2.03,37.08543817263343,78.1792224906655,0.0,34.900677799607074,0.0,0.0,3887.5466725236106,0,0,0,1,False,True,False,False
2112100,7180.258923346986,27344.0,17.82,22.008484493856056,49.03452311293154,0.0,30.339918566775243,0.0,0.0,138.97015798712698,0,0,0,0,False,True,False,False
2112209,12734.077402999324,182241.0,98.95,104.30089826109382,58.41989453525826,15.916286675336504,60.46474517471931,210.0,115.2320279190742,119.62181945884845,1,1,1,0,False,True,False,False
2112233,22796.286656255423,23052.0,77.1,56.715252472670485,36.36127017178553,0.026028110359187923,31.50672514619883,6.0,26.028110359187924,164.84469894152352,0,0,0,0,False,True,False,False
2112274,10660.216580862772,5633.0,20.33,74.72039765666608,45.23344576602166,0.0,39.36146814404432,0.0,0.0,248.5354162968223,0,0,0,0,False,True,False,False
2112308,9764.230902917034,37401.0,10.76,26.058126788053794,51.58150851581509,0.07486430844095078,37.74616946160636,30.0,80.21175904387583,133.68626507312638,1,1,1,0,False,True,False,False
2112407,7606.117465621385,38905.0,14.3,0.7711091119393394,38.362678318982134,0.0,47.39149831649832,0.0,0.0,143.94036756201,0,0,0,0,False,True,False,False
2112456,6753.057641075321,33032.0,20.99,4.280697505449261,32.15064180188908,0.0,59.52789046653144,6.0,18.164204407846935,42.38314361830952,0,0,0,0,False,True,False,False
2112506,9922.693991751605,55041.0,34.07,54.764630003088605,66.47589978379753,0.0,43.30374924471299,3.0,5.45048236768954,167.14812594247925,0,0,0,0,False,True,False,False
2112605,7266.147974163241,34060.0,19.22,49.251321197886085,57.1491485613623,0.0,50.43732789855072,0.0,0.0,52.84791544333529,0,0,0,0,False,True,False,False
2112704,9732.218230803772,44540.0,22.09,34.321957790749885,57.456219128872924,0.0,38.56390561937287,0.0,0.0,103.27795240233498,0,0,0,0,False,True,False,False
2112803,9445.730961122094,53115.0,44.09,139.6065141673727,58.781888355455145,0.0,42.12331641899239,18.0,33.88873199661113,105.43161065612351,1,1,1,0,False,True,False,False
2112852,14838.203309692672,10575.0,8.71,84.93617021276596,52.170212765957444,0.0,39.06730545876887,0.0,0.0,851.063829787234,0,0,0,0,False,True,False,False
2112902,9989.105522589558,31851.0,42.98,76.26762111079715,64.56312203698471,4.172553452010926,41.62028662420382,6.0,18.83771310162946,483.50130294182287,0,0,0,0,False,True,False,False
2113009,10202.124992164485,31906.0,25.85,84.53582398294992,60.25512442800727,3.297185482354416,71.00819702602232,12.0,37.61048078731273,131.63668275559456,1,1,0,0,False,True,False,False
2114007,13520.015258803614,41943.0,19.06,43.22532961399995,72.0263214362349,5.092625706315714,54.92111515552614,21.0,50.06794935984551,57.22051355410915,1,1,1,0,False,True,False,False
2200053,11300.537221795856,6515.0,5.01,52.233307751343055,60.26093630084421,0.0,31.21066371681416,0.0,0.0,214.88871834228704,0,0,0,0,False,True,False,False
2200103,9413.298825403146,5023.0,43.95,82.32132191917181,56.69918375472825,9.83476010352379,49.82540909090909,24.0,477.80211029265377,39.816842524387816,1,1,1,0,False,True,False,False
2200202,13532.246437087562,18033.0,181.46,74.54111905950202,79.09942882493208,0.0,39.284452471482886,0.0,0.0,354.90489657849497,0,0,0,0,False,True,False,False
2200251,9482.973482104044,6901.0,12.72,105.36154180553542,59.33922619910158,0.0,45.0776923076923,6.0,86.9439211708448,0.0,0,0,0,0,False,True,False,False
2200277,10223.636749416508,4713.0,19.01,19.499257373223,73.22300021217907,3.5009548058561424,39.130812500000005,21.0,445.5760661998727,424.35815828559305,1,1,1,0,False,True,False,False
2200301,9535.31381971749,13734.0,7.73,48.51463521188292,51.62370758701034,0.0,50.13188679245283,0.0,0.0,29.1247997670016,0,0,0,0,False,True,False,False
2200400,10841.509357938634,49637.0,49.57,107.86711525676411,61.15599250559059,15.806757056228216,34.75994615862498,36.0,72.52654270000201,499.6272941555694,1,1,1,0,False,True,False,False
2200459,15043.964095988276,5459.0,2.5,26.836416926176955,64.26085363619711,0.0,35.121208333333335,6.0,109.9102399706906,256.45722659827806,0,0,0,0,False,True,False,False
2200509,10957.15992490186,17577.0,14.96,108.51681174261819,74.43818626614326,0.0,22.984813529921944,0.0,0.0,352.7336860670194,0,0,0,0,False,True,False,False
2200608,9560.154683471785,6982.0,30.75,47.464909767974795,64.03609281008308,0.0,54.366474820143885,0.0,0.0,57.29017473503294,0,0,0,0,False,True,False,False
2200707,10232.789949122624,9631.0,27.84,24.524971446371094,63.5759526528917,0.0,22.70443137254902,0.0,0.0,10.383137784238397,0,0,0,0,False,True,False,False
2200806,43419.14498141264,3228.0,4.89,65.36555142503097,58.98389095415118,12.88723667905824,31.10847014925373,6.0,185.87360594795538,2602.2304832713753,0,0,0,1,False,True,False,False
2200905,10547.579606110805,5433.0,6.54,46.67771028897479,58.97294312534511,0.0,44.05557926829268,0.0,0.0,662.6173384870237,0,0,0,0,False,True,False,False
2200954,8904.555314533623,2766.0,8.51,10.556760665220535,57.989877078814175,0.0,13.766454545454549,0.0,0.0,0.0,0,0,0,0,False,True,False,False
2201002,10651.42608317004,4593.0,6.62,84.82473328978881,66.42717178314827,0.0,30.297184643510057,0.0,0.0,348.35619420857824,0,0,0,0,False,True,False,False
2201051,8459.391865209951,7597.0,4.41,7.529287876793471,51.00697643806766,0.0,17.049333333333333,0.0,0.0,0.0,0,0,0,0,False,True,False,False
2201101,8788.222582387898,11106.0,8.9,0.3601656762110571,70.65550153070413,0.0,37.70719424460432,0.0,0.0,9.004141905276427,0,0,0,0,False,True,False,False
2201150,127815.07443272148,13838.0,1.7,38.871224165341815,101.8210724093077,0.007226477814713109,32.777841677943165,3.0,21.679433444139327,27214.915450209566,0,0,0,1,False,True,False,False
2201176,9524.07724272794,4091.0,15.14,9.850892202395503,70.66731850403325,0.0,16.99152073732719,0.0,0.0,195.5512099731117,0,0,0,0,False,True,False,False
2201200,10048.694809520925,49533.0,27.83,65.42103244301778,53.491611652837506,2.9778127712837907,66.05865995596099,9.0,18.169705045121436,193.81018714796195,1,0,0,0,False,True,False,False
2201309,48941.81163767247,3334.0,1.51,29.81403719256149,64.6370725854829,0.0,97.13685483870968,0.0,0.0,0.0,0,0,0,0,False,True,False,False
2201408,13373.665480427046,6744.0,41.65,37.2479240806643,43.890865954922894,8.718861209964412,28.334714445688693,6.0,88.96797153024912,148.27995255041517,0,0,0,0,False,True,False,False
2201507,9247.022821959225,27123.0,16.55,39.239759613612065,51.87110570364635,0.0,37.83114695340502,0.0,0.0,442.42893485233935,0,0,0,0,False,True,False,False
2201556,11139.733840304183,4208.0,8.2,51.330798479087456,72.88498098859316,0.0,50.56662020905924,0.0,0.0,2994.296577946768,0,0,0,1,False,True,False,False
2201572,11762.827822120867,3508.0,14.07,9.43557582668187,71.92132269099201,0.0,42.10940476190476,0.0,0.0,342.0752565564424,0,0,0,0,False,True,False,False
2201606,9095.209817893903,10104.0,10.6,39.59817893903404,58.976642913697546,0.0,75.30128686327078,0.0,0.0,79.1765637371338,0,0,0,0,False,True,False,False
2201705,12711.980354323803,5701.0,4.57,36.74793895807753,72.95211366426943,0.0,44.36338129496403,0.0,0.0,1543.588844062445,0,0,0,0,False,True,False,False
2201739,9825.690954773869,6368.0,10.73,100.12562814070351,71.84359296482413,0.0,39.67780487804878,0.0,0.0,1005.0251256281407,0,0,0,0,False,True,False,False
2201770,8793.894203714124,7108.0,20.48,23.95891952729319,62.18345526167698,0.014068655036578503,35.35522727272728,0.0,0.0,56.274620146314014,0,0,0,0,False,True,False,False
2201804,11564.270152505447,4131.0,15.59,81.72355361897846,65.98886468167514,8.932461873638344,37.116470588235295,21.0,508.35148874364563,96.82885499878964,1,1,1,0,False,True,False,False
2201903,46535.56940734145,30321.0,5.26,152.7357277134659,91.83404241284919,22.077108274793048,38.61949206349206,24.0,79.15306223409519,2447.1488407374427,1,1,1,1,False,True,False,False
2201919,12126.857932941582,5786.0,10.77,45.05703422053232,51.65917732457656,0.0,33.71229885057471,0.0,0.0,103.69858278603526,0,0,0,0,False,True,False,False
2201929,8695.188044013796,6089.0,20.45,76.81064214156676,55.5263590080473,0.0,39.24731601731602,0.0,0.0,0.0,0,0,0,0,False,True,False,False
2201945,7688.020214030916,6728.0,24.26,0.5202140309155767,60.22592152199762,0.0,52.85405263157895,0.0,0.0,59.45303210463734,0,0,0,0,False,True,False,False
2201960,8007.045507045507,8658.0,9.58,74.18572418572418,51.38600138600139,0.0,28.4158940397351,0.0,0.0,184.8001848001848,0,0,0,0,False,True,False,False
2201988,11080.624842529603,3969.0,1.72,83.32073570168808,62.76140085663895,0.0,32.47530097087378,0.0,0.0,201.5621063240111,0,0,0,0,False,True,False,False
2202000,10688.345939490446,20096.0,28.46,98.06429140127389,70.93949044585987,0.17914012738853502,30.73019422863485,15.0,74.64171974522293,328.42356687898086,1,1,1,0,False,True,False,False
2202026,9245.157866808171,7538.0,3.05,9.498540726983284,41.39028920137967,0.15919342000530645,26.16491228070176,9.0,119.39506500397984,106.1289466702043,1,0,0,0,False,True,False,False
2202059,8243.851086228347,10449.0,16.78,47.99502344721983,34.30950330175136,0.0,64.4613649851632,0.0,0.0,57.421762848119435,0,0,0,0,False,True,False,False
2202075,10865.2256834075,3146.0,6.05,109.37698664971393,49.61856325492689,0.0,32.470704225352115,0.0,0.0,0.0,0,0,0,0,False,True,False,False
2202083,14065.46385468731,8203.0,29.34,129.7817871510423,93.22199195416312,0.0,23.89101923076923,6.0,73.14397171766427,243.8132390588809,0,0,0,0,False,True,False,False
2202091,34804.46030330063,5605.0,11.78,6.08385370205174,45.013380909901876,0.0,31.483735632183908,0.0,0.0,6387.154326494202,0,0,0,1,False,True,False,False
2202109,11527.265437048918,4988.0,6.3,35.7457898957498,45.850040096230956,0.0,33.08391437308869,0.0,0.0,160.3849238171612,0,0,0,0,False,True,False,False
2202117,10918.527972771752,4701.0,7.02,72.06977238885344,65.00744522442034,0.0,29.194767025089607,0.0,0.0,170.17655817911083,0,0,0,0,False,True,False,False
2202133,10041.855203619907,6188.0,19.31,35.43956043956044,96.34776987718165,0.0,48.736137566137565,6.0,96.96186166774402,484.8093083387201,0,0,0,0,False,True,False,False
2202174,7406.233630172866,7636.0,15.52,82.80513357778942,40.40073336825563,0.0,76.8852818991098,0.0,0.0,0.0,0,0,0,0,False,True,False,False
2202208,15004.546033904066,47074.0,27.24,74.17682797297871,69.92182521136934,18.804435569528827,34.21437444933921,18.0,38.23766835195649,276.16093809746354,1,1,1,0,False,True,False,False
2202251,12233.304170312043,3429.0,1.58,83.05628463108778,61.85476815398075,0.0,36.901624203821655,0.0,0.0,233.30417031204433,0,0,0,0,False,True,False,False
2202307,13798.464588947074,19669.0,4.48,75.57069500228786,74.56911891809446,0.0,29.90742452248922,0.0,0.0,30.504855356144187,0,0,0,0,False,True,False,False
2202406,9377.897241561646,11347.0,19.42,73.86093240504098,67.62139772627125,0.0,35.13531712473573,0.0,0.0,775.5353838018859,0,0,0,0,False,True,False,False
2202455,10743.419434194342,4065.0,3.51,34.31734317343174,65.7810578105781,0.0,34.7279012345679,0.0,0.0,14907.749077490775,0,0,0,1,False,True,False,False
2202505,9250.806604668818,10538.0,6.4,41.06092237616246,67.92560258113494,0.0,48.86357377049181,0.0,0.0,9.489466691971911,0,0,0,0,False,True,False,False
2202539,9980.36490008688,5755.0,11.95,29.730668983492617,32.40660295395308,0.0,28.012653061224487,0.0,0.0,486.53344917463073,0,0,0,0,False,True,False,False
2202554,9692.36729949632,5162.0,10.09,26.86943045331267,64.97481596280511,0.0,28.79710280373832,0.0,0.0,38.74467260751646,0,0,0,0,False,True,False,False
2202604,10288.562274322332,19663.0,8.11,39.21578599399888,61.88272389767584,0.005085693942938514,43.99481800766283,0.0,0.0,203.42775771754057,0,0,0,0,False,True,False,False
2202653,9394.378645925402,5657.0,11.19,46.13752872547287,40.07424429909846,0.0,26.185873015873018,0.0,0.0,212.12656885274882,0,0,0,0,False,True,False,False
2202703,9338.7312129823,29209.0,21.8,61.24482180149954,52.346879386490464,0.0,24.74008298755187,0.0,0.0,136.9440925742066,0,0,0,0,False,True,False,False
2202711,9328.764402065952,5034.0,15.83,1.1720301946762017,74.61263408820024,0.0,38.46349282296651,0.0,0.0,158.91934843067145,0,0,0,0,False,True,False,False
2202729,8671.335058608616,6569.0,19.66,0.18267620642411325,55.83802709697062,0.0,14.53375,0.0,0.0,60.892068808037756,0,0,0,0,False,True,False,False
2202737,8908.103000236239,4233.0,8.5,39.90077958894401,62.06000472478148,0.0,34.83396166134185,0.0,0.0,188.99125915426413,0,0,0,0,False,True,False,False
2202752,11223.15889931605,6287.0,14.32,39.048830920947985,70.46285986957213,16.780658501670114,40.153143851508126,12.0,190.87004930809607,381.74009861619214,1,1,0,0,False,True,False,False
2202778,9609.339729119638,7088.0,7.36,104.83916478555305,53.527088036117384,0.0,61.00396551724138,0.0,0.0,0.0,0,0,0,0,False,True,False,False
2202802,11938.771479360064,5063.0,5.98,60.75449338336954,79.00454276120877,0.0,24.919204737732656,0.0,0.0,79.00454276120877,0,0,0,0,False,True,False,False
2202851,9470.383275261323,4305.0,2.21,77.37514518002322,52.102206736353075,0.0,42.4283870967742,0.0,0.0,278.74564459930315,0,0,0,0,False,True,False,False
2202901,24075.579133510168,28275.0,8.95,30.288240495137046,60.53050397877984,0.0,14.114740200546947,0.0,0.0,480.99027409372235,0,0,0,0,False,True,False,False
2203008,10070.968607459085,7454.0,6.12,12.503353903944191,52.83069492889724,0.0,29.291170212765955,0.0,0.0,0.0,0,0,0,0,False,True,False,False
2203107,11276.271815818787,10772.0,5.69,104.24248050501299,77.20014853323431,0.0,29.84371830985916,0.0,0.0,74.26661715558856,0,0,0,0,False,True,False,False
2203206,12193.646121883656,11552.0,4.81,1.4023545706371192,76.33310249307479,0.0,46.27888888888889,0.0,0.0,8.65650969529086,0,0,0,0,False,True,False,False
2203230,82329.50885668278,4968.0,1.54,51.670692431561996,31.82367149758454,0.0,11.921724137931037,3.0,60.38647342995169,2214.170692431562,0,0,0,1,False,True,False,False
2203255,8760.768721007289,4527.0,12.76,37.00022089684118,63.750828363154405,0.0,50.004793187347936,0.0,0.0,1369.5604152860615,0,0,0,0,False,True,False,False
2203271,15123.240115718418,5185.0,6.72,20.11571841851495,71.20540019286403,0.0,35.63661764705882,0.0,0.0,1311.4754098360656,0,0,0,0,False,True,False,False
2203305,12697.611483703966,16998.0,75.42,132.18025650076478,64.13107424402871,15.907753853394517,32.307772530499804,36.0,211.7896223085069,164.72526179550536,1,1,1,0,False,True,False,False
2203354,9324.813484387952,7238.0,7.01,91.36501796076264,46.808510638297875,0.0,52.347297297297295,0.0,0.0,0.0,0,0,0,0,False,True,False,False
2203404,12155.894720448528,6421.0,28.88,128.43793801588538,64.22675595701604,0.0,33.30286144578313,0.0,0.0,0.0,0,0,0,0,False,True,False,False
2203420,11245.0459159014,4138.0,4.8,23.05461575640406,49.081681971967136,0.0,15.509014084507044,0.0,0.0,0.0,0,0,0,0,False,True,False,False
2203453,17605.463310123192,9335.0,2.37,36.229244777718264,54.03320835565078,0.0,28.081768292682927,0.0,0.0,42.849491162292445,0,0,0,0,False,True,False,False
2203503,11950.1668359205,13786.0,9.83,67.47424923835776,70.50631075003626,0.0,42.70793991416309,0.0,0.0,1856.9563325112433,0,0,0,1,False,True,False,False
2203602,12534.836527621195,4435.0,3.99,33.10033821871477,91.2739571589628,0.0,49.251347517730494,0.0,0.0,3923.337091319053,0,0,0,1,False,True,False,False
2203701,10741.35497529993,42510.0,45.08,75.66219713008704,65.66690190543402,5.4998823806163255,57.35962614379085,6.0,14.114326040931546,178.7814631851329,0,0,0,0,False,True,False,False
2203750,8639.45326930181,5414.0,7.41,79.68230513483562,65.38603620243812,0.0,88.08555555555556,0.0,0.0,0.0,0,0,0,0,False,True,False,False
2203800,10674.35669920142,4508.0,4.66,34.27240461401952,61.57941437444543,0.0,30.8963963963964,0.0,0.0,1952.0851818988465,0,0,0,1,False,True,False,False
2203859,10684.433164128595,2364.0,10.45,73.51945854483925,75.38071065989848,0.0,42.78607843137255,0.0,0.0,169.20473773265653,0,0,0,0,False,True,False,False
2203909,21445.113016367886,64150.0,18.2,174.07014809041308,88.84801247077164,23.169134840218238,40.63205422503389,42.0,65.47155105222136,520.6547155105222,1,1,1,0,False,True,False,False
2204006,9917.423068408236,4517.0,16.77,44.87491698029666,70.1350453841045,0.0,26.092530120481925,0.0,0.0,88.55435023245516,0,0,0,0,False,True,False,False
2204105,10405.651980418335,4494.0,6.72,13.440142412105029,50.53404539385848,11.036938139741878,60.24053658536585,3.0,66.75567423230974,89.00756564307966,0,0,0,0,False,True,False,False
2204154,10268.586738111186,2986.0,16.34,15.9410582719357,70.56262558606832,0.0,32.22817679558011,0.0,0.0,66.97923643670462,0,0,0,0,False,True,False,False
2204204,9927.444417881905,8366.0,16.74,114.51111642361941,73.14128615825962,0.0,62.0066274509804,6.0,71.71886206072197,908.4389194358116,0,0,0,0,False,True,False,False
2204303,12024.465420920824,10382.0,13.2,73.88749759198613,72.1055673280678,9.063764207281833,34.60091486658195,21.0,202.27316509343095,327.4898863417453,1,1,1,0,False,True,False,False
2204352,10614.283157329515,5587.0,12.36,93.93234293896546,61.10613925183462,4.43887596205477,26.950459770114943,21.0,375.8725613030249,71.59477358152854,1,1,1,0,False,True,False,False
2204402,37336.55740641232,11166.0,3.12,19.281748164069498,75.65824825362708,0.0,34.613116178067315,0.0,0.0,1253.8061973849185,0,0,0,0,False,True,False,False
2204501,60814.08665775912,10478.0,10.0,141.76369536171026,80.99828211490743,0.0,42.22095975232198,0.0,0.0,610.8035884710823,0,0,0,0,False,True,False,False
2204550,10367.586206896553,4350.0,1.37,21.333333333333332,52.229885057471265,0.0,59.442410714285714,0.0,0.0,0.0,0,0,0,0,False,True,False,False
2204600,9563.72824256036,3562.0,15.67,79.89893318360471,86.4402021336328,0.4211117349803481,43.20781879194631,6.0,168.44469399213924,280.74115665356544,0,0,0,0,False,True,False,False
2204659,12601.51562993369,9501.0,71.51,81.15987790758868,65.1194611093569,0.0,41.11239528795812,0.0,0.0,126.30249447426587,0,0,0,0,False,True,False,False
2204709,10724.752605019989,15259.0,15.29,82.23998951438496,62.49426567927125,0.0,19.91893697083725,0.0,0.0,655.3509404285995,0,0,0,0,False,True,False,False
2204808,8568.399168399168,9620.0,17.79,80.1975051975052,60.987525987525984,0.0,49.0781974248927,0.0,0.0,83.16008316008316,0,0,0,0,False,True,False,False
2204907,10245.751965508496,7886.0,9.71,40.80649251838702,50.19021049961958,0.0,29.3136231884058,0.0,0.0,278.9753994420492,0,0,0,0,False,True,False,False
2205003,9854.55373406193,10980.0,13.04,59.735883424408016,54.87249544626594,0.0,33.45202898550725,0.0,0.0,36.42987249544627,0,0,0,0,False,True,False,False
2205102,12566.377585056704,10493.0,4.04,54.77937672734204,67.83569999046983,0.0,29.72421686746988,0.0,0.0,1067.378252168112,0,0,0,0,False,True,False,False
2205151,12086.26421697288,5715.0,4.21,90.86614173228347,72.28346456692914,0.0,25.305249042145597,0.0,0.0,559.9300087489064,0,0,0,0,False,True,False,False
2205201,10767.110212789848,17811.0,20.22,39.93599461007243,79.90567626747516,0.0,22.229799426934097,0.0,0.0,381.78653641008367,0,0,0,0,False,True,False,False
2205250,9323.218066337333,4251.0,8.19,83.1569042578217,45.75394024935309,0.0,23.369716312056735,0.0,0.0,47.04775346977182,0,0,0,0,False,True,False,False
2205276,12861.646234676007,4568.0,6.91,12.237302977232925,39.47022767075306,0.0,49.15725490196078,0.0,0.0,0.0,0,0,0,0,False,True,False,False
2205300,13811.521739130434,4600.0,2.41,47.23913043478261,69.6086956521739,0.0,22.13098562628337,0.0,0.0,4130.434782608696,0,0,0,1,False,True,False,False
2205359,22860.11217419993,3031.0,1.65,69.6799736060706,48.696799736060704,0.0,30.949130434782607,0.0,0.0,395.908940943583,0,0,0,0,False,True,False,False
2205409,8387.865961199295,14175.0,18.75,16.289241622574956,46.835978835978835,0.0,52.19779116465863,0.0,0.0,155.20282186948853,0,0,0,0,False,True,False,False
2205458,8351.580849141825,5535.0,31.92,7.461607949412827,42.20415537488708,0.0,13.631238095238094,0.0,0.0,72.26738934056007,0,0,0,0,False,True,False,False
2205508,8802.167105944898,44391.0,27.67,72.7850239913496,53.772161023630915,8.754026717127346,41.955127218934905,15.0,33.79063323646685,81.09751976752044,1,1,1,0,False,True,False,False
2205516,10534.36264356995,5311.0,5.57,46.582564488796834,60.34645076256825,0.0,50.64405882352941,0.0,0.0,75.31538316701186,0,0,0,0,False,True,False,False
2205524,14316.96672122204,5499.0,4.2,5.619203491543917,44.84451718494272,0.0,96.19610465116278,0.0,0.0,0.0,0,0,0,0,False,True,False,False
2205532,9670.588235294115,4505.0,3.48,19.778024417314096,50.87680355160932,0.0,32.28924346629986,0.0,0.0,0.0,0,0,0,0,False,True,False,False
2205540,13377.02211951139,3029.0,43.44,32.981181908220535,57.93991416309013,0.0,35.348841607565014,0.0,0.0,165.0709805216243,0,0,0,0,False,True,False,False
2205557,9151.378861403717,8449.0,20.94,32.89146644573322,57.91217895608948,0.0,56.41733167082294,0.0,0.0,47.34288081429755,0,0,0,0,False,True,False,False
2205565,104454.91643995336,5146.0,3.75,57.94792071511854,64.76875242907113,0.0,32.15924757281554,0.0,0.0,1049.3587252234745,0,0,0,0,False,True,False,False
2205573,8525.352767870987,6449.0,40.62,38.2694991471546,61.51341293223756,0.0,30.309125683060103,0.0,0.0,124.05024034734068,0,0,0,0,False,True,False,False
2205581,14903.773208225197,5009.0,11.24,70.91235775603913,70.51307646236774,0.0,54.5536012526096,0.0,0.0,159.7125174685566,0,0,0,0,False,True,False,False
2205599,10621.857923497268,4575.0,5.61,49.68306010928962,44.54644808743169,0.0,18.865078125,0.0,0.0,43.71584699453552,0,0,0,0,False,True,False,False
2205607,20673.88439088684,5311.0,4.79,62.15401995857654,64.39465260779514,0.0,24.72226277372263,0.0,0.0,150.63076633402372,0,0,0,0,False,True,False,False
2205706,11916.0346184107,31775.0,28.53,86.47049567269866,60.9567269866247,10.885916601101496,55.06229296066253,42.0,132.17938630999214,1372.1479150275375,1,1,1,0,False,True,False,False
2205805,9206.457029461151,26204.0,35.96,42.92856052511067,65.36406655472447,0.0,29.49163961038961,0.0,0.0,183.17814074187146,0,0,0,0,False,True,False,False
2205854,9143.46556339742,8218.0,44.91,0.4502311998053054,38.829398880506204,0.0,71.3356338028169,0.0,0.0,121.68410805548795,0,0,0,0,False,True,False,False
2205904,10313.699661272112,5314.0,3.21,43.470079036507336,63.699661272111406,0.0,43.40009900990099,0.0,0.0,150.54572826496047,0,0,0,0,False,True,False,False
2205953,22584.87988158944,8783.0,62.38,91.00535124672663,139.40567004440396,0.0,66.41434607645876,0.0,0.0,193.5557326653763,0,0,0,0,False,True,False,False
2206001,11320.957095709571,4848.0,6.97,48.37046204620462,79.33168316831683,0.0,36.91852901484481,0.0,0.0,2310.2310231023102,0,0,0,1,False,True,False,False
2206050,9996.164908916588,5215.0,9.84,47.01821668264621,39.34803451581975,3.9117929050814957,39.3871119133574,18.0,345.1581975071908,230.10546500479387,1,1,1,0,False,True,False,False
2206100,8786.850574712644,10875.0,46.92,84.44137931034483,54.813793103448276,0.009195402298850575,13.927039800995026,0.0,0.0,55.172413793103445,0,0,0,0,False,True,False,False
2206209,9459.526473345228,33071.0,23.09,31.160231018112547,40.512836019473255,0.0,43.832150289017335,0.0,0.0,36.28556741556046,0,0,0,0,False,True,False,False
2206308,17468.934911242603,1352.0,14.11,19.674556213017752,54.51183431952663,0.0,55.1420652173913,0.0,0.0,1775.1479289940828,0,0,0,1,False,True,False,False
2206357,8020.814615154238,6678.0,5.0,6.39412997903564,36.4031147050015,0.0,29.861060606060605,0.0,0.0,14.974543276430069,0,0,0,0,False,True,False,False
2206407,12185.078909612626,10455.0,18.06,77.28359636537542,63.60593017694883,0.009564801530368245,30.38128431372549,9.0,86.0832137733142,57.38880918220947,1,0,0,0,False,True,False,False
2206506,9402.91575280609,7751.0,18.87,22.448716294671655,48.44536188878855,0.0,52.114380403458206,0.0,0.0,0.0,0,0,0,0,False,True,False,False
2206605,27322.54812098992,10910.0,4.41,7.112740604949588,61.24656278643447,0.0,41.79929906542056,0.0,0.0,274.9770852428964,0,0,0,0,False,True,False,False
2206670,9538.720024438677,6547.0,19.56,5.3765083244234,62.96013441270811,0.0,86.99169642857143,0.0,0.0,336.0317702764625,0,0,0,0,False,True,False,False
2206696,7388.203964888056,10139.0,20.59,3.7183154157214715,37.98204951178617,0.0,89.89185185185185,21.0,207.12101785185916,9.862905611993293,1,1,1,0,False,True,False,False
2206704,9963.887650468125,6729.0,5.07,96.79001337494427,57.066428889879624,10.477039679001338,37.18030497592296,6.0,89.16629514043692,59.44419676029128,0,0,0,0,False,True,False,False
2206720,8864.001494489072,10706.0,28.32,39.510554829067814,47.496730805155984,0.009340556697179151,43.8166373902133,0.0,0.0,168.13002054922472,0,0,0,0,False,True,False,False
2206753,8857.750647428782,5406.0,14.65,10.266370699223085,64.98335183129856,0.0,68.03583333333334,0.0,0.0,73.99186089530151,0,0,0,0,False,True,False,False
2206803,8995.30462666056,8732.0,23.82,72.21713238662392,50.24049473202015,0.0,57.716930379746834,0.0,0.0,11.452130096197893,0,0,0,0,False,True,False,False
2206902,9416.639689219812,6178.0,11.59,24.813855616704434,53.57720945289738,0.0,19.493799126637555,0.0,0.0,550.3399158303658,0,0,0,0,False,True,False,False
2206951,10823.631323631324,2886.0,6.37,38.08038808038808,87.97643797643798,0.0,55.252988505747126,0.0,0.0,138.6001386001386,0,0,0,0,False,True,False,False
2207009,14781.084840055632,39545.0,14.12,156.78594006827666,65.1637375142243,14.507523074977874,35.33989695340502,6.0,15.172588190668858,485.52282210140345,0,0,0,0,False,True,False,False
2207108,10543.48623853211,2725.0,14.36,26.05504587155963,209.72477064220183,0.0,22.09298701298701,0.0,0.0,4844.036697247707,0,0,0,1,False,True,False,False
2207207,11405.492979478477,6481.0,22.9,3.579694491590804,69.46458879802499,0.0,62.504749498998,0.0,0.0,0.0,0,0,0,0,False,True,False,False
2207306,10601.34163871586,4174.0,10.18,49.76042165788213,60.66123622424533,9.894585529468136,44.92959923664122,12.0,287.49401054144704,335.40967896502156,1,1,0,0,False,True,False,False
2207355,17290.693850707004,3041.0,3.04,22.624136797106214,64.74843801381125,0.0,29.67860759493671,0.0,0.0,394.6070371588293,0,0,0,0,False,True,False,False
2207405,28022.385103011093,5048.0,2.45,58.16164817749604,59.09270998415214,0.0,60.99633451957296,0.0,0.0,118.85895404120444,0,0,0,0,False,True,False,False
2207504,10299.258160237388,13480.0,8.88,30.734421364985163,44.25816023738872,0.00741839762611276,42.16704854368932,6.0,44.510385756676556,89.02077151335311,0,0,0,0,False,True,False,False
2207553,11407.168643630735,3878.0,8.81,111.1397627643115,46.20938628158845,0.0,37.33383928571429,0.0,0.0,0.0,0,0,0,0,False,True,False,False
2207603,11586.743123724364,10289.0,2.95,7.124113130527748,50.208961026338805,0.0,51.38055555555555,0.0,0.0,0.0,0,0,0,0,False,True,False,False
2207702,17539.899263942625,169552.0,371.15,147.72577144474852,70.23037180334057,28.712725299613098,62.88993054656831,276.0,162.7819194111541,397.51816551854296,1,1,1,0,False,True,False,False
2207751,11554.028436018958,4220.0,6.43,38.95734597156398,59.644549763033176,0.0,38.29588764044944,0.0,0.0,94.7867298578199,0,0,0,0,False,True,False,False
2207777,11834.82878593664,5461.0,6.77,57.79161325764512,51.19941402673503,0.018311664530305805,34.65665584415584,6.0,109.86998718183483,36.62332906061161,0,0,0,0,False,True,False,False
2207793,8462.487411883183,3972.0,9.02,37.865055387714,60.07049345417926,0.0,51.33863247863248,0.0,0.0,251.76233635448136,0,0,0,0,False,True,False,False
2207801,12396.370538401,21601.0,10.85,52.64108143141521,76.65848803296144,0.0,26.277504132231403,0.0,0.0,111.10596731632795,0,0,0,0,False,True,False,False
2207850,10192.8069226609,3698.0,3.33,86.34396971335858,64.27798810167658,0.0,43.63247572815534,0.0,0.0,108.1665765278529,0,0,0,0,False,True,False,False
2207900,9895.950203642513,39039.0,24.54,88.076026537565,67.81936012705243,0.0,36.25136920618008,0.0,0.0,235.6617741233126,0,0,0,0,False,True,False,False
2207934,12459.029435163087,2514.0,2.82,77.84407319013525,70.80350039777247,0.0,28.79449704142012,0.0,0.0,4216.388225934766,0,0,0,1,False,True,False,False
2207959,10593.441041716904,4147.0,4.48,24.62020737882807,48.95104895104895,0.0,36.74409836065574,0.0,0.0,385.82107547624787,0,0,0,0,False,True,False,False
2208007,22518.891775293407,86228.0,143.93,171.74583661919561,97.71767871225124,18.633158602774042,62.527103944494414,51.0,59.14552117641601,719.023982928979,1,1,1,0,False,True,False,False
2208106,9279.666897987508,11528.0,2.49,49.55759888965996,42.79146426092991,0.0,40.057299270073,0.0,0.0,0.0,0,0,0,0,False,True,False,False
2208205,11286.343121413049,17947.0,9.04,50.41511116063966,44.441968016938766,0.5237644174513846,27.031519823788543,6.0,33.43177132668413,33.43177132668413,0,0,0,0,False,True,False,False
2208304,12178.59894803846,29849.0,12.18,52.78903815873229,70.65228315856477,0.0,21.472329059829057,0.0,0.0,777.2454688599283,0,0,0,0,False,True,False,False
2208403,13554.22897334358,67676.0,46.57,131.7764052248951,77.8074945327738,3.4842484780424376,32.560770008668015,27.0,39.89597493941722,886.5772208759383,1,1,1,0,False,True,False,False
2208502,9628.573749187784,12312.0,47.62,65.01786874593893,56.81448992852501,0.0,30.568424657534244,0.0,0.0,8.122157244964262,0,0,0,0,False,True,False,False
2208551,16399.83270598076,2391.0,2.02,68.75784190715181,69.09242994562945,0.0,36.499967948717945,0.0,0.0,920.1171058134672,0,0,0,0,False,True,False,False
2208601,8903.808908973531,3098.0,15.46,43.06003873466753,81.40735958683021,0.0,26.644597156398103,0.0,0.0,322.7888960619755,0,0,0,0,False,True,False,False
2208650,28347.582811101165,8936.0,6.81,51.24216651745748,75.94001790510295,11.414503133393017,48.5545652173913,12.0,134.2882721575649,268.5765443151298,1,1,0,0,False,True,False,False
2208700,11436.412472264394,8563.0,3.4,29.11362840126124,66.98586943828097,0.0,34.54028846153846,0.0,0.0,397.05710615438517,0,0,0,0,False,True,False,False
2208809,15186.416350901369,17418.0,13.69,122.84418417728786,68.40050522448043,0.0,39.531134146341465,0.0,0.0,574.1187277528993,0,0,0,0,False,True,False,False
2208858,10912.28483848149,4241.0,1.88,21.74015562367366,66.68238622966281,0.0,37.22398907103825,0.0,0.0,0.0,0,0,0,0,False,True,False,False
2208874,52841.51677199805,4114.0,4.01,55.29897909577054,47.20466699076325,0.024307243558580455,23.063480392156865,0.0,0.0,48.61448711716091,0,0,0,0,False,True,False,False
2208908,111963.79726468222,6215.0,1.55,93.41914722445696,81.06194690265487,0.0,18.6396511627907,0.0,0.0,9300.080450522928,0,0,0,1,False,True,False,False
2209005,10479.038854805724,5868.0,9.12,15.132924335378323,68.81390593047034,0.0,30.22965289256198,0.0,0.0,238.58214042263123,0,0,0,0,False,True,False,False
2209104,10292.17273954116,5928.0,10.01,105.58367071524967,59.36234817813765,0.0,34.113933333333335,0.0,0.0,0.0,0,0,0,0,False,True,False,False
2209153,13119.734564339296,3466.0,3.51,18.522792844777843,77.58222735141374,0.0,38.454417808219176,0.0,0.0,230.8136180034622,0,0,0,0,False,True,False,False
2209203,99073.60283459496,6209.0,1.15,16.89483008535996,81.84892897406989,0.0,22.523302107728338,0.0,0.0,26316.637139636012,0,0,0,1,False,True,False,False
2209302,11514.285714285714,5425.0,4.5,102.69124423963133,61.73271889400922,0.0,14.503454545454543,0.0,0.0,18.433179723502302,0,0,0,0,False,True,False,False
2209351,9776.473406804023,4174.0,36.77,99.01772879731672,64.97364638236704,0.0,13.73950980392157,0.0,0.0,0.0,0,0,0,0,False,True,False,False
2209377,10709.59488272921,4690.0,13.74,117.35607675906184,73.96588486140725,0.0,28.031111111111112,0.0,0.0,0.0,0,0,0,0,False,True,False,False
2209401,12128.831256315258,5938.0,15.15,32.283597170764565,62.71471876052543,0.0,46.60116541353384,6.0,101.04412260020209,16.84068710003368,0,0,0,0,False,True,False,False
2209450,8246.231155778894,2189.0,63.56,67.42804933759707,88.21379625399726,0.0,39.41635897435898,0.0,0.0,548.1955230698949,0,0,0,0,False,True,False,False
2209500,10856.950793223985,3719.0,4.28,91.28798063995698,70.31460069911266,0.0,35.18019138755981,0.0,0.0,3764.452809895133,0,0,0,1,False,True,False,False
2209559,8867.894855088743,4451.0,6.64,77.51067175915524,63.693552010784096,0.0,60.15,0.0,0.0,0.0,0,0,0,0,False,True,False,False
2209609,11132.06239168111,2885.0,4.53,19.688041594454074,55.11265164644714,0.0,15.900206896551722,6.0,207.97227036395148,0.0,0,0,0,0,False,True,False,False
2209658,9739.610731194109,5703.0,5.2,31.54480098193933,67.40312116429949,0.0,37.48577777777778,0.0,0.0,771.5237594248641,0,0,0,0,False,True,False,False
2209708,10807.920059215396,5404.0,4.02,28.404885270170244,69.76313841598815,0.0,40.01560493827161,0.0,0.0,333.08660251665435,0,0,0,0,False,True,False,False
2209757,18087.777409738323,3019.0,2.13,15.568068896985757,72.37495859556144,0.0,22.570991452991453,0.0,0.0,20669.09572706194,0,0,0,1,False,True,False,False
2209807,11475.525889967636,4944.0,32.14,116.22168284789645,61.46844660194175,0.0,82.29371364653244,0.0,0.0,202.26537216828478,0,0,0,0,False,True,False,False
2209856,11454.017649790989,4306.0,8.83,24.384579656293543,34.02229447282861,0.0,18.53356164383562,0.0,0.0,0.0,0,0,0,0,False,True,False,False
2209872,10850.40071237756,5615.0,6.76,29.421193232413177,60.92609082813891,0.0,23.978170347003157,0.0,0.0,427.426536064114,0,0,0,0,False,True,False,False
2209906,9581.742339162522,6233.0,6.15,2.1658912241296324,70.44761751965346,0.0,62.62401666666667,0.0,0.0,705.9201026792877,0,0,0,0,False,True,False,False
2209955,8248.480756245779,4443.0,11.11,72.22597344136844,50.37137069547603,0.0,28.293502304147463,0.0,0.0,0.0,0,0,0,0,False,True,False,False
2209971,8081.842946819851,8443.0,38.36,33.86237119507284,65.58095463697738,0.0,65.79030634573304,0.0,0.0,0.0,0,0,0,0,False,True,False,False
2210003,19375.204211290617,22036.0,14.02,87.2299872935197,70.39843891813396,14.639680522780903,33.41672914714152,12.0,54.456344164095114,136.1408604102378,1,1,0,0,False,True,False,False
2210052,12995.10803098247,4906.0,15.16,3.0778638401956786,84.81451284141868,0.0,39.53947368421053,0.0,0.0,122.29922543823889,0,0,0,0,False,True,False,False
2210102,12902.710843373494,3320.0,2.56,55.81325301204819,68.52409638554217,0.0,39.182697674418606,0.0,0.0,301.2048192771084,0,0,0,0,False,True,False,False
2210201,10114.081996434938,6732.0,17.67,10.175282234105763,63.027332144979205,0.0,44.06795698924731,0.0,0.0,0.0,0,0,0,0,False,True,False,False
2210300,9705.786471067644,6135.0,20.7,78.43520782396088,83.7000814995925,0.0,49.37989983305509,0.0,0.0,195.59902200488997,0,0,0,0,False,True,False,False
2210359,10076.49544140538,4497.0,6.54,38.3811429842117,53.61352012452746,0.0,56.33529069767442,0.0,0.0,0.0,0,0,0,0,False,True,False,False
2210375,10877.200515242594,2329.0,10.6,35.72348647488192,81.45126663804207,0.0,6.4510000000000005,0.0,0.0,0.0,0,0,0,0,False,True,False,False
2210383,11836.805555555557,2304.0,5.1,45.876736111111114,57.161458333333336,0.0,36.90692307692308,0.0,0.0,607.6388888888889,0,0,0,0,False,True,False,False
2210391,16537.979094076654,2870.0,3.48,26.550522648083625,62.54355400696864,0.0,44.16388888888889,0.0,0.0,1324.0418118466898,0,0,0,0,False,True,False,False
2210409,9126.242877890738,17902.0,3.52,8.261646743380627,48.011395374818456,0.0,29.493954659949623,12.0,67.03161657915317,55.85968048262764,1,1,0,0,False,True,False,False
2210508,9599.60130998149,14046.0,26.54,108.32265413640894,49.4731596183967,0.0,19.698517964071858,12.0,85.43357539513029,740.4243200911292,1,1,0,0,False,True,False,False
2210607,13885.224597881524,40784.0,16.12,113.53471949784229,68.8333660258925,15.0328560219694,53.03329989622967,30.0,73.55825814044724,294.23303256178895,1,1,1,0,False,True,False,False
2210623,14470.87980173482,3228.0,3.58,24.814126394052046,61.46220570012392,0.0,14.69255319148936,0.0,0.0,0.0,0,0,0,0,False,True,False,False
2210631,55865.70428696413,4572.0,1.41,20.93175853018373,81.0586176727909,0.0,19.03794628751975,0.0,0.0,23490.813648293963,0,0,0,1,False,True,False,False
2210656,8115.564323538573,9631.0,9.17,19.894091994600767,50.68009552486762,0.0,86.12144444444445,0.0,0.0,186.89648011629114,0,0,0,0,False,True,False,False
2210706,29659.044368600684,14650.0,13.34,43.32423208191126,49.13310580204778,0.0,32.17790640394089,0.0,0.0,4969.283276450512,0,0,0,1,False,True,False,False
2210805,12753.590852042951,14342.0,10.2,78.35727234695301,76.22367870589876,0.0,26.58887235708692,0.0,0.0,1812.8573420722355,0,0,0,1,False,True,False,False
2210904,9815.248565965583,4184.0,5.44,35.253346080305924,58.72370936902486,0.0,31.45826865671642,0.0,0.0,334.6080305927342,0,0,0,0,False,True,False,False
2210938,12121.040189125297,6345.0,30.31,117.1946414499606,76.89519306540583,0.0,34.88036144578313,0.0,0.0,63.04176516942474,0,0,0,0,False,True,False,False
2210953,10032.353912182238,3029.0,1.86,14.361175305381314,64.08055463849455,0.0,28.21871485943775,0.0,0.0,1188.511059755695,0,0,0,0,False,True,False,False
2210979,14240.77253218884,2330.0,5.82,50.257510729613735,80.98712446351931,0.0,21.362615384615385,0.0,0.0,1974.2489270386266,0,0,0,1,False,True,False,False
2211001,26538.16011628061,902644.0,622.66,146.4530867097106,79.06273126503915,37.64219337856342,126.6629013208922,2121.0,234.97635834282397,933.7014371114193,1,1,1,0,False,True,False,False
2211100,8811.49516842392,47707.0,39.39,82.29609910495316,57.295575072840464,0.008384513803005849,43.95597538232003,18.0,37.73031211352632,251.53541409017544,1,1,1,0,False,True,False,False
2211209,106787.63065544696,26501.0,3.0,78.14799441530508,94.93604014942832,19.644541715406966,23.491043804755947,6.0,22.640655069620014,8165.7295951096185,0,0,0,1,False,True,False,False
2211308,12639.52879581152,22920.0,16.7,159.9520069808028,92.23385689354276,0.004363001745200698,21.574465804066545,0.0,0.0,785.3403141361257,0,0,0,0,False,True,False,False
2211357,8610.284167794316,5173.0,11.22,49.29441329982602,71.56388942586507,0.0,75.47500000000001,0.0,0.0,0.0,0,0,0,0,False,True,False,False
2211407,9079.955703211515,4515.0,18.68,56.19047619047619,60.199335548172755,0.0,20.317393939393934,0.0,0.0,398.67109634551497,0,0,0,0,False,True,False,False
2211506,9501.070009171508,3271.0,9.31,30.26597370834607,74.01406297768267,0.0,38.9496803652968,0.0,0.0,244.57352491592786,0,0,0,0,False,True,False,False
2211605,12432.02416918429,2979.0,13.24,69.25142665323933,71.29909365558912,0.0,36.91244332493703,0.0,0.0,939.9127223900638,0,0,0,0,False,True,False,False
2211704,9231.965023075054,4117.0,15.01,21.52052465387418,42.652416808355596,0.0,27.13212765957447,0.0,0.0,0.0,0,0,0,0,False,True,False,False
2300101,11473.546002723206,10282.0,55.51,39.09745185761525,57.86811904298774,0.43765804318226026,36.67466321243524,6.0,58.3544057576347,97.25734292939117,0,0,0,0,False,True,False,False
2300150,12581.71396616804,14306.0,107.9,115.88843841744722,44.2052285754229,0.48231511254019294,34.475153846153844,15.0,104.85111142178107,209.70222284356214,1,1,1,0,False,True,False,False
2300200,14837.560720207102,68758.0,77.47,112.15422205416097,59.87812327292824,0.8522644637714885,23.642764350453174,15.0,21.81564327060124,159.9813839844091,1,1,1,0,False,True,False,False
2300309,12215.081683436114,46215.0,19.95,87.42183273828843,71.19549929676512,1.071080817916261,27.668240595611287,27.0,58.422590068159685,441.41512495942874,1,1,1,0,False,True,False,False
2300408,10660.759493670888,14220.0,5.77,48.41068917018284,51.58931082981716,0.5133614627285513,33.00670487106017,6.0,42.19409282700422,773.5583684950774,0,0,0,0,False,True,False,False
2300507,8354.772843287392,11754.0,83.74,159.78390335205037,47.651863195507914,0.3403096818104475,37.51723529411765,6.0,51.04645227156713,136.123872724179,0,0,0,0,False,True,False,False
2300606,10710.760401721664,6970.0,93.32,88.49354375896701,98.69440459110473,0.9899569583931134,52.69112970711297,12.0,172.1664275466284,1061.6929698708752,1,1,0,0,False,True,False,False
2300705,16109.585240671384,14418.0,12.34,1.574420862810376,63.42765986960743,1.6160355111665974,23.484741379310343,6.0,41.61464835622139,332.9171868497711,0,0,0,0,False,True,False,False
2300754,15007.712777953182,44342.0,35.88,74.45762482522214,73.325515312796,0.20071264264128816,37.51523131672598,30.0,67.65594695773758,1934.960082991295,1,1,1,1,False,True,False,False
2300804,10549.572421165152,7484.0,27.9,115.43292357028326,79.54302512025654,1.2560128273650455,38.577409638554215,6.0,80.17103153393907,320.6841261357563,0,0,0,0,False,True,False,False
2300903,9151.82691580301,13219.0,23.77,2.511536424843029,79.37816778878886,0.5976246312126484,28.225838414634147,9.0,68.08381874574476,196.6865874877071,1,0,0,0,False,True,False,False
2301000,45486.63511807121,84737.0,167.93,159.51709406752659,80.9292280821837,31.279134262482742,72.62546075683251,168.0,198.26050013571404,495.65125033928507,1,1,1,0,False,True,False,False
2301109,21665.824360016253,78752.0,61.21,145.4299573344169,68.77412637139375,22.09213734254368,59.94354166666667,111.0,140.94880130028443,794.9004469727753,1,1,1,0,False,True,False,False
2301208,9979.847168115071,26696.0,39.68,55.11312556188193,94.09649385675756,0.5656278094096494,30.62881756756757,9.0,33.71291579262811,254.71980821096793,1,0,0,0,False,True,False,False
2301257,9297.692642577274,11485.0,32.42,117.62298650413582,61.29734436221158,0.11319111885067479,37.65998233215547,3.0,26.121027427078797,261.210274270788,0,0,0,0,False,True,False,False
2301307,10284.42862087722,20223.0,18.03,137.94689215249963,67.05731098254462,0.07911783612718191,49.190733197556014,6.0,29.66918854769322,375.80972160411415,0,0,0,0,False,True,False,False
2301406,13233.702766384502,11459.0,93.72,26.922069988655206,92.94877388951916,0.017453529976437735,15.40572158365262,6.0,52.36058992931321,209.44235971725283,0,0,0,0,False,True,False,False
2301505,9216.957605985035,7619.0,6.95,30.581441134007086,57.08098175613598,0.07875049219057619,32.606835820895526,0.0,0.0,131.250820317627,0,0,0,0,False,True,False,False
2301604,10681.5685215199,22212.0,18.78,74.44174320187287,60.63389159013146,0.0675310642895732,42.54542470036477,3.0,13.50621285791464,261.12011525301637,0,0,0,0,False,True,False,False
2301703,8933.613549264433,24267.0,26.77,84.11010837763217,62.348044669716074,0.4615321218115136,28.605639024390243,9.0,37.087402645568055,131.8663205175753,1,0,0,0,False,True,False,False
2301802,11581.104252400548,5832.0,39.19,118.1241426611797,45.50754458161865,0.17146776406035666,18.140695187165772,0.0,0.0,102.88065843621399,0,0,0,0,False,True,False,False
2301851,14729.296476719155,17654.0,15.91,52.735923869944486,71.47955137645859,1.6823382802764246,23.07031818181818,6.0,33.986631924776255,79.30214115781126,0,0,0,0,False,True,False,False
2301901,16769.575027737264,80217.0,123.38,112.34651009137714,73.92572646695838,10.496528167346074,58.60036608093717,48.0,59.837690265155764,296.69521423139736,1,1,1,0,False,True,False,False
2301950,10278.617618089162,23351.0,86.12,10.474926127360712,68.7679328508415,0.02141235921373817,41.9205102954342,0.0,0.0,137.03909896792428,0,0,0,0,False,True,False,False
2302008,12304.997712135848,19669.0,27.25,52.2649855101937,71.37119324825868,1.2608673547206264,35.39583541147132,6.0,30.504855356144187,416.8996898673039,0,0,0,0,False,True,False,False
2302057,8902.650731121052,14977.0,37.78,70.84195766842493,64.41209855111171,0.17359951926286973,30.911144465290807,6.0,40.06142752220071,120.18428256660212,0,0,0,0,False,True,False,False
2302107,12122.667532046082,36978.0,112.13,66.77754340418628,74.50375899183298,0.29747417383308994,28.53089494163424,24.0,64.9034561090378,281.2483098058305,1,1,1,0,False,True,False,False
2302206,19024.28771602055,55666.0,33.26,126.04462328890166,83.49082024934431,7.717457694104121,41.50240044994376,45.0,80.83929148852081,247.90716056479718,1,1,1,0,False,True,False,False
2302305,9356.406608402776,34441.0,38.92,22.621294387503266,36.34911878284603,0.6097383931941581,44.57237385321101,6.0,17.421096948404518,46.45625852907872,0,0,0,0,False,True,False,False
2302404,10335.98497191819,52169.0,17.78,63.326879947861755,62.13843470260116,8.006670628150818,30.51046410442349,45.0,86.25812263988192,176.34993961931414,1,1,1,0,False,True,False,False
2302503,15192.718211908215,53778.0,78.04,130.07177656290676,69.92450444419651,8.218974301759083,77.1805577689243,36.0,66.9418721410242,386.775261259251,1,1,1,0,False,True,False,False
2302602,12909.227906690656,65031.0,55.63,118.99094278113515,71.88417831495748,2.8878534852608757,46.81735172004745,42.0,64.58458273746368,319.84745736648676,1,1,1,0,False,True,False,False
2302701,11209.148071466912,26082.0,23.22,45.207422743654625,84.82478337550802,0.8588298443370908,23.724170542635655,12.0,46.008741660915575,720.8036193543439,1,1,0,0,False,True,False,False
2302800,11804.059217428472,77207.0,24.46,75.14862641988421,78.72602225186836,1.279676713251389,34.94223713646532,36.0,46.62789643426114,321.2143976582434,1,1,1,0,False,True,False,False
2302909,9955.461711711712,17760.0,76.16,22.015765765765767,54.847972972972975,0.00563063063063063,24.37687622789784,0.0,0.0,146.3963963963964,0,0,0,0,False,True,False,False
2303006,11338.63207259882,16419.0,17.68,7.1624337657591814,64.66898105852975,0.48724039222851573,22.18589463220676,6.0,36.54302941713868,158.3531274742676,0,0,0,0,False,True,False,False
2303105,10683.540802213,18075.0,23.34,57.975103734439834,58.05255878284924,0.5643153526970954,48.95687793427231,12.0,66.39004149377594,298.7551867219917,1,1,0,0,False,True,False,False
2303204,9210.646968925115,27482.0,41.5,54.730368968779565,76.27174150352958,1.1825922421948911,27.18659731543624,6.0,21.83247216359799,502.1468597627538,0,0,0,0,False,True,False,False
2303303,10441.585415104137,17333.0,16.42,58.287659378064966,51.439450758668436,0.6115502221196562,31.57893351800554,12.0,69.23210061731956,519.2407546298967,1,1,0,0,False,True,False,False
2303402,9391.372902353867,17758.0,47.38,94.36873521792995,55.862146638134924,10.400946052483388,12.890150602409635,12.0,67.57517738484063,123.88782520554116,1,1,0,0,False,True,False,False
2303501,14068.9713874157,76365.0,86.77,120.40070713022982,88.8561513782492,4.532180972958816,50.55428687305665,72.0,94.28403064230996,379.7551234204151,1,1,1,0,False,True,False,False
2303600,16091.469144826146,9577.0,20.98,57.86780829069646,74.08374229925865,1.7019943614910724,37.63239569313593,27.0,281.92544638195676,772.6845567505482,1,1,1,0,False,True,False,False
2303659,10361.560506609963,10817.0,13.32,109.63298511602108,53.813441804566885,0.12942590367014883,24.894771241830068,6.0,55.46824443006379,203.38356291023388,0,0,0,0,False,True,False,False
2303709,27739.86905490645,375730.0,290.77,115.21970563968807,79.41713464455859,27.457482766880474,96.65265104400672,549.0,146.11556170654458,586.5914353392063,1,1,1,0,False,True,False,False
2303808,10905.94408678014,22678.0,30.61,116.78278507804922,67.5765058647147,0.8334068259987654,20.01681596091205,21.0,92.60075844430726,370.40303377722904,1,1,1,0,False,True,False,False
2303907,8615.22842639594,12805.0,52.53,41.952362358453726,63.74853572823116,0.47637641546270987,22.1821186440678,9.0,70.28504490433424,249.90238188207732,1,0,0,0,False,True,False,False
2303931,14457.915993537965,12380.0,14.86,27.738287560581583,70.87237479806139,0.12116316639741519,31.40147272727273,12.0,96.93053311793214,872.3747980613894,1,1,0,0,False,True,False,False
2303956,12535.423590039974,20763.0,68.02,61.83595819486587,80.73014496941676,1.5123055435149064,34.56496389891697,9.0,43.346337234503686,558.6861243558253,1,0,0,0,False,True,False,False
2304004,10499.580184718723,21438.0,27.92,60.70995428678048,58.74148707901856,0.20057841216531394,22.738482549317148,6.0,27.987685418415897,65.3045993096371,0,0,0,0,False,True,False,False
2304103,11936.611159142452,79809.0,25.62,115.52707088173013,78.52497838589633,5.980528511821975,38.94420836751436,51.0,63.90256737961884,907.165858487138,1,1,1,0,False,True,False,False
2304202,13539.462642514034,138232.0,115.14,153.2336940795185,77.3127785172753,22.713264656519474,67.15734664966709,183.0,132.38613345679727,416.69078071647664,1,1,1,0,False,True,False,False
2304236,12463.875159660132,18007.0,25.1,43.93846837341034,64.59154773143777,1.1328927639251403,57.4570227920228,9.0,49.98056311434442,133.2815016382518,1,0,0,0,False,True,False,False
2304251,11702.232549376708,31847.0,88.6,172.107262850504,79.77517505573523,0.2166609099758219,61.709963002114165,3.0,9.420039564166169,458.4419254560869,0,0,0,0,False,True,False,False
2304269,10999.018752725688,9172.0,18.96,54.339293501962494,60.20497165285652,0.7413868294810292,51.11525,6.0,65.41648495420846,87.22197993894461,0,0,0,0,False,True,False,False
2304277,12621.617394024715,6393.0,17.84,18.442045987799155,54.4032535585797,3.5507586422649773,36.26560846560847,6.0,93.85265133740027,250.27373689973408,0,0,0,0,False,True,False,False
2304285,44549.42468619247,80304.0,941.03,223.66258218768678,97.10101613867305,56.36705519027695,71.21112523406912,174.0,216.67662881052001,189.2807332137876,1,1,1,0,False,True,False,False
2304301,10898.744409117851,18557.0,34.34,113.29956350703239,80.27159562429271,1.6435846311364983,20.006566265060243,12.0,64.66562483159994,204.7744786333998,1,1,0,0,False,True,False,False
2304350,12136.625940223665,25127.0,42.5,49.09061965216699,63.17109085843913,0.18307000437776097,52.21135440180587,12.0,47.75739244637243,1297.4091614597844,1,1,0,0,False,True,False,False
2304400,28526.02419503949,2574412.0,7775.52,145.09115091135374,85.1846946021072,42.47319387883525,122.9506293438032,5817.0,225.95450922385385,13050.669434418423,1,1,1,1,False,True,False,False
2304459,17308.885442056282,18052.0,60.68,161.4834921338356,81.25415466430313,0.027697762020828718,39.82041690793283,0.0,0.0,110.79104808331486,0,0,0,0,False,True,False,False
2304509,16863.52524141303,16362.0,74.46,92.0975430876421,74.72191663610805,0.006111722283339445,27.14390261627907,0.0,0.0,85.56411196675224,0,0,0,0,False,True,False,False
2304608,12559.647602541883,6924.0,29.23,7.293471981513576,62.954939341421145,0.014442518775274409,36.07,12.0,173.3102253032929,259.96533795493934,1,1,0,0,False,True,False,False
2304657,9151.333427402284,14174.0,53.3,60.709750246931,47.714124453224215,0.03527585720333004,45.89658959537572,0.0,0.0,183.4344574573162,0,0,0,0,False,True,False,False
2304707,8437.564035734187,55633.0,20.03,31.997195908902988,54.21782035842036,0.2426617295490087,21.148895945285783,6.0,10.784965757733719,197.72437222511817,0,0,0,0,False,True,False,False
2304806,10350.201612903224,4960.0,43.41,29.43548387096774,52.37903225806452,0.14112903225806453,26.388125,6.0,120.96774193548387,161.29032258064515,0,0,0,0,False,True,False,False
2304905,9790.064527534694,11313.0,70.08,55.378767789268984,72.27083885795103,0.11491204808627244,64.56110332749562,6.0,53.03632988597189,70.71510651462918,0,0,0,0,False,True,False,False
2304954,9248.275862068966,25085.0,95.0,117.56428144309348,73.62965915885988,1.6623480167430735,69.16945181255525,3.0,11.95933824995017,71.75602949970101,0,0,0,0,False,True,False,False
2305001,15108.34424527024,44294.0,67.33,121.93525082403937,68.64812389939947,6.3259132162369625,40.000835164835166,36.0,81.2751162685691,1553.2577775770985,1,1,1,0,False,True,False,False
2305100,13816.1196081801,5819.0,62.26,209.29713009108093,134.1295755284413,11.35934009279945,31.13810754189944,6.0,103.11050008592542,3505.7570029214644,0,0,0,1,False,True,False,False
2305209,10152.263374485598,18225.0,19.27,114.21124828532236,66.93004115226337,0.10425240054869685,40.128724179829895,6.0,32.92181069958848,87.79149519890261,0,0,0,0,False,True,False,False
2305233,26481.622338429203,79934.0,465.6,115.12497810693823,85.93214401881552,23.87844972101984,45.03470937700706,51.0,63.80263717566993,120.0990817424375,1,1,1,0,False,True,False,False
2305266,10849.39709621852,12191.0,13.6,34.99302764334345,68.37010909687474,0.32811090148470184,35.66283561643836,15.0,123.04158805676319,98.43327044541054,1,1,1,0,False,True,False,False
2305308,14140.127388535033,24649.0,57.87,106.2680027587326,70.90754188810905,3.724289017810053,40.73713987473904,9.0,36.51263742951033,446.265568582904,1,0,0,0,False,True,False,False
2305332,10430.837298605891,11979.0,27.39,0.1419150179480758,79.04666499707822,0.1753067868770348,45.95586687306502,6.0,50.087653393438515,283.83003589615157,0,0,0,0,False,True,False,False
2305357,18376.22390128314,22367.0,50.86,147.2302946304824,69.17780659006573,0.18777663522153173,26.50002252252252,0.0,0.0,2315.911834398891,0,0,0,1,False,True,False,False
2305407,11380.651831733589,64802.0,33.57,95.92142217832783,63.93784142464739,5.9149408968858985,26.8855698860228,45.0,69.44230116354433,410.48115798895094,1,1,1,0,False,True,False,False
2305506,18628.815366108887,102251.0,98.83,144.8983384025584,70.24087783982553,21.95479750809283,64.25026494277236,129.0,126.16013535319948,389.23824705870845,1,1,1,0,False,True,False,False
2305605,12507.501019160212,24530.0,7.46,86.25764370158988,58.80962087240114,0.061149612719119444,16.70107303877367,12.0,48.91969017529556,1328.9849164288626,1,1,0,0,False,True,False,False
2305654,9560.777414760829,11937.0,16.42,74.23138141911703,56.02747759068443,0.7204490240428918,26.36064220183486,15.0,125.65971349585323,184.3009131272514,1,1,1,0,False,True,False,False
2305704,11530.50397877984,12441.0,43.7,83.95627361144602,72.63081745840367,0.9565147496181979,12.487765205091938,9.0,72.34145165179648,208.9864158829676,1,0,0,0,False,True,False,False
2305803,12098.42208154906,42968.0,65.62,78.43511450381679,48.90383541239993,10.586948426736177,47.600573012939,39.0,90.76522062930553,125.67492087134612,1,1,1,0,False,True,False,False
2305902,8570.32780462322,38285.0,24.81,77.48726655348048,56.2753036437247,3.3642418701841454,35.73499159663866,18.0,47.01580253362936,130.59945148230378,1,1,1,0,False,True,False,False
2306009,13550.8986191104,14411.0,16.68,117.09805010061758,66.15779612795781,2.255221705641524,21.47005707762557,3.0,20.81743112899868,138.78287419332455,0,0,0,0,False,True,False,False
2306108,8900.408064320634,24751.0,16.31,51.29489717587168,66.94274978788737,0.5454325077774635,24.857245131729663,0.0,0.0,371.70215344834554,0,0,0,0,False,True,False,False
2306207,10651.111968119296,7779.0,35.28,177.37498393109655,87.76192312636586,0.5270600334233192,39.06212218649517,9.0,115.69610489780177,1054.1200668466383,1,0,0,0,False,True,False,False
2306256,17810.467041129614,70679.0,420.66,126.02328838834731,73.03017869522772,8.87958233704495,32.06187610904985,39.0,55.179048939571864,186.75985794932018,1,1,1,0,False,True,False,False
2306306,12113.046489834169,49086.0,107.42,82.33101087886567,70.5781689280039,1.0960355294788737,39.43443537414966,45.0,91.67583425009168,321.88404025587744,1,1,1,0,False,True,False,False
2306405,12937.712122530676,137892.0,81.93,73.10576393119253,64.15455573927422,18.08879412873843,55.76768142681427,117.0,84.84901227047254,478.63545383343484,1,1,1,0,False,True,False,False
2306504,9343.537414965986,18228.0,30.07,28.670177748518764,64.73008558262015,0.0054860653938994955,37.90329255861366,6.0,32.91639236339697,76.80491551459293,0,0,0,0,False,True,False,False
2306553,16865.412955020347,45465.0,60.09,95.0335422852744,61.99054217529968,0.028593423512592104,47.55855951478392,0.0,0.0,167.16155284284613,0,0,0,0,False,True,False,False
2306603,8252.904633186323,21087.0,24.62,92.07094418362024,58.761322141603834,0.07113387395077536,18.150159744408946,9.0,42.680324370465215,218.1438801157111,1,0,0,0,False,True,False,False
2306702,12859.234042553191,17625.0,9.43,53.645390070921984,52.12482269503546,2.025531914893617,24.943776223776226,3.0,17.02127659574468,113.47517730496453,0,0,0,0,False,True,False,False
2306801,14452.13963963964,10656.0,16.62,96.53716216216216,93.71246246246247,2.637012012012012,36.49213675213675,3.0,28.153153153153152,431.6816816816817,0,0,0,0,False,True,False,False
2306900,15976.967315795468,35124.0,17.97,97.898872565767,79.91971301674069,3.4335497096002734,23.134134466769705,15.0,42.70584215920738,415.67019701628516,1,1,1,0,False,True,False,False
2307007,17144.269730873904,33070.0,37.1,60.78621106743272,72.14998488055639,2.2013909888116117,40.12596654872949,33.0,99.78832778953735,169.33776837012397,1,1,1,0,False,True,False,False
2307106,10246.769080712022,28707.0,50.3,129.53286654822867,60.4347371721183,0.027867767443480684,35.750590015128594,3.0,10.450412791305256,118.43801163479291,0,0,0,0,False,True,False,False
2307205,16015.925925925923,8100.0,21.34,49.01234567901235,82.12345679012346,0.5555555555555556,35.63817813765182,6.0,74.07407407407408,543.2098765432099,0,0,0,0,False,True,False,False
2307254,19942.086617019737,27662.0,122.26,186.8194635239679,100.62902176270697,34.79864073458174,92.35096413199426,18.0,65.07121683175475,404.88757139758513,1,1,1,0,False,True,False,False
2307304,16880.259006481763,303004.0,1105.62,166.53773547543926,98.58846747897718,26.463677047167693,91.1561704091595,393.0,129.7012580692004,578.2101886443743,1,1,1,0,False,True,False,False
2307403,12987.393761945426,24591.0,25.44,52.11662803464682,75.11284616323044,0.9800333455329185,28.6345979020979,12.0,48.79834085641088,9954.86153470782,1,1,0,1,False,True,False,False
2307502,10687.171185754754,32123.0,32.59,55.96924322136787,57.830837717523266,0.8560844254895247,51.132461013645226,12.0,37.356411294088346,230.36453631354482,1,1,0,0,False,True,False,False
2307601,22852.468491611144,62285.0,80.0,143.45026892510236,80.74496267159027,18.23071365497311,34.8922838474396,45.0,72.2485349602633,1152.765513365979,1,1,1,0,False,True,False,False
2307635,10126.911492122335,17264.0,16.93,42.56835032437442,76.6624189063948,0.4633920296570899,19.84719467956469,6.0,34.75440222428174,220.1112140871177,0,0,0,0,False,True,False,False
2307650,49409.321382227135,249684.0,2231.91,117.81371653770366,85.54372727127088,29.337082071738678,90.45538938352306,309.0,123.7564281251502,547.8925361657134,1,1,1,0,False,True,False,False
2307700,15142.03622277096,108937.0,180.11,70.28649586458228,62.89139594444495,20.311739812919395,63.10122206965423,138.0,126.67872256441797,134.02241662612334,1,1,1,0,False,True,False,False
2307809,14446.090747856932,27064.0,44.98,140.3155483298847,69.60168489506356,0.6355305941472066,23.36288770053476,6.0,22.169671888856044,169.9674844812297,0,0,0,0,False,True,False,False
2307908,8576.121794871795,11232.0,35.74,31.748575498575498,62.23290598290598,0.10683760683760683,17.62412408759124,0.0,0.0,89.03133903133903,0,0,0,0,False,True,False,False
2308005,9555.622839552898,39633.0,66.39,68.12252415916029,59.89705548406631,0.6383569247849015,33.138176424050634,12.0,30.277798804026947,181.6667928241617,1,1,0,0,False,True,False,False
2308104,10916.25532633,47406.0,42.22,48.08674007509598,75.93553558621272,0.41134033666624475,41.76894423791822,12.0,25.313251487153526,88.59638020503733,1,1,0,0,False,True,False,False
2308203,8209.600609562513,15749.0,99.95,100.3619277414439,79.94158359260905,0.07619531398818973,39.923712962962966,0.0,0.0,1676.296907740174,0,0,0,1,False,True,False,False
2308302,10693.335815338794,26860.0,44.72,57.33060312732688,56.950856291883845,0.766939687267312,48.17552932216299,6.0,22.338049143708115,424.4229337304542,0,0,0,0,False,True,False,False
2308351,13344.038264434575,14635.0,28.13,46.545951486163304,66.79877007174582,0.5124701059104886,24.404244186046512,12.0,81.99521694567817,68.3293474547318,1,1,0,0,False,True,False,False
2308377,7641.08306188925,14736.0,20.03,41.30021715526602,36.169923995656895,0.0,35.47754901960785,0.0,0.0,488.59934853420197,0,0,0,0,False,True,False,False
2308401,13308.664585859107,38767.0,60.04,70.96757551525782,63.83522067738025,0.6913096190058555,39.15764539007092,12.0,30.954162045038306,46.43124306755746,1,1,0,0,False,True,False,False
2308500,11561.670418380812,38649.0,17.84,54.332582990504285,63.20215270770266,5.606872105358483,30.01521203830369,21.0,54.33517037956997,1107.40252011695,1,1,1,0,False,True,False,False
2308609,9097.543025362318,17664.0,19.21,69.23686594202898,59.0919384057971,0.011322463768115942,19.97750479846449,6.0,33.96739130434783,452.8985507246377,0,0,0,0,False,True,False,False
2308708,19546.92834070695,65323.0,22.23,91.26341411141559,72.04966091575709,5.83561685776832,30.13422535211268,48.0,73.48100975154233,290.8623302665217,1,1,1,0,False,True,False,False
2308807,8874.471582902772,8516.0,19.92,63.26914044152184,55.2959135744481,0.035227806481916396,65.39729903536978,0.0,0.0,164.39643024894318,0,0,0,0,False,True,False,False
2308906,8183.835987800746,23608.0,55.28,84.24262961707896,71.01406302948153,0.3981701118264995,18.174020618556703,6.0,25.415113520840393,593.0193154862758,0,0,0,0,False,True,False,False
2309003,9371.975158826468,14009.0,71.11,30.09493896780641,72.35348704404312,0.5639231922335641,40.51580701754386,0.0,0.0,842.3156542222857,0,0,0,0,False,True,False,False
2309102,11261.802965523517,10993.0,107.9,11.325388883835167,64.29546074774856,0.3365778222505231,28.755377697841727,6.0,54.580187391976715,145.54716637860457,0,0,0,0,False,True,False,False
2309201,10236.90476190476,15960.0,54.49,79.17293233082707,63.38972431077694,0.6328320802005013,17.695938989513824,6.0,37.59398496240601,2280.7017543859647,0,0,0,1,False,True,False,False
2309300,10524.458049603298,32014.0,41.66,154.63547198100832,74.92347098144562,0.8589991878553133,39.353999032882015,12.0,37.48360092459549,431.06141063284815,1,1,0,0,False,True,False,False
2309409,9750.54229934924,29043.0,29.07,80.35326929036256,68.91850015494268,0.3305443652515236,19.97872758326217,12.0,41.318045656440454,151.49950074028166,1,1,0,0,False,True,False,False
2309458,11294.948052978032,25218.0,32.1,57.89515425489729,69.14108969783489,0.01982710762154017,33.72084440227704,0.0,0.0,348.95709413910697,0,0,0,0,False,True,False,False
2309508,10934.562165942354,20019.0,34.07,100.46455866926419,69.44902342774364,1.343723462710425,35.03417159763313,12.0,59.943054098606325,389.6298516409411,1,1,0,0,False,True,False,False
2309607,18182.89341797528,74825.0,283.59,119.43200801871032,70.79719345138656,20.290010023387904,40.00798227950061,60.0,80.18710324089542,705.6465085198797,1,1,1,0,False,True,False,False
2309706,14383.752751155776,85873.0,611.88,82.04441442595461,73.73563285316689,2.23702444307291,40.37479012345679,72.0,83.84474747592375,135.08320426676605,1,1,1,0,False,True,False,False
2309805,12966.789022898094,11442.0,99.49,87.03897919944066,61.83359552525782,0.4195070791819612,25.362616161616163,6.0,52.43838489774515,157.31515469323546,0,0,0,0,False,True,False,False
2309904,9446.8085106383,6345.0,69.89,20.236406619385342,80.7880220646178,1.0086682427107958,44.29711743772242,6.0,94.56264775413712,126.08353033884949,0,0,0,0,False,True,False,False
2310001,10213.31816771792,9671.0,21.39,92.13111363871369,55.80601799193465,0.05170096163788646,30.92343157894737,0.0,0.0,330.8861544824734,0,0,0,0,False,True,False,False
2310100,11134.92600831802,10339.0,79.46,57.57810233097979,60.99235902891962,0.7931134539123706,16.888862660944206,6.0,58.032691749685654,309.5076893316568,0,0,0,0,False,True,False,False
2310209,13413.057639877434,41447.0,127.91,109.40236929090163,83.089246507588,3.2909498878085266,60.96946936197094,27.0,65.14343619562332,2393.418100224383,1,1,1,1,False,True,False,False
2310258,15787.37904177484,33896.0,111.39,85.57056879867831,86.1635591220203,9.508496577767287,87.19429634221946,12.0,35.40240736370073,778.8529620014161,1,1,0,0,False,True,False,False
2310308,8797.202584105315,32816.0,13.59,11.771696733300828,58.9133349585568,0.015236470014627012,25.41957647058824,0.0,0.0,377.8644563627499,0,0,0,0,False,True,False,False
2310407,10534.574468085106,10528.0,19.26,11.398176291793312,53.90387537993921,0.0,36.89460227272727,0.0,0.0,94.98480243161094,0,0,0,0,False,True,False,False
2310506,9227.20496012495,42257.0,30.86,112.82391083134155,60.468088127410844,1.131173533379085,22.921065830721,9.0,21.29824644437608,108.8577040490333,1,0,0,0,False,True,False,False
2310605,13124.40911044263,9308.0,59.6,80.5436183927804,105.1890846583584,0.9669101847872797,29.29557894736842,6.0,64.46067898581865,236.35582294800173,0,0,0,0,False,True,False,False
2310704,12205.96751856981,39715.0,27.4,40.79315120231651,47.19879138864409,11.386126148810273,33.97179117911791,39.0,98.19967266775778,85.60997104368626,1,1,1,0,False,True,False,False
2310803,35324.91020228118,15869.0,35.04,113.59884050664819,78.20278530468208,6.887642573571114,23.97972580645161,3.0,18.90478291007625,604.95305312244,0,0,0,0,False,True,False,False
2310852,11169.66716787906,24607.0,315.95,110.3750965172512,93.45714634047222,1.9100256024708415,43.811690757774855,18.0,73.14991669037266,130.0442963384403,1,1,1,0,False,True,False,False
2310902,9422.857807231718,17202.0,28.18,29.886059760492966,47.97697942099756,1.8079293105452854,21.236066024759285,6.0,34.87966515521451,116.2655505173817,0,0,0,0,False,True,False,False
2310951,7690.832724616508,10952.0,43.38,34.18553688823959,48.73082542001461,0.02739225712198685,21.88142857142857,6.0,54.7845142439737,109.5690284879474,0,0,0,0,False,True,False,False
2311009,8806.407470015294,12423.0,9.2,84.97142397166546,53.602189487241404,0.0,17.457695167286246,0.0,0.0,112.69419624889318,0,0,0,0,False,True,False,False
2311108,10502.958579881655,17745.0,75.82,53.06846999154691,62.451394759087066,0.24232178078331926,48.399410029498526,9.0,50.718512256973796,33.8123415046492,1,0,0,0,False,True,False,False
2311207,12387.407573381131,8926.0,25.73,88.96482186869818,80.90970199417433,0.25767421017252967,40.749182464454975,0.0,0.0,425.722608111136,0,0,0,0,False,True,False,False
2311231,15796.37787567303,6129.0,14.6,0.19579050416054822,73.568281938326,2.512644803393702,33.97094339622642,3.0,48.94762604013705,358.9492576276717,0,0,0,0,False,True,False,False
2311264,9008.095191651224,20506.0,19.4,44.070028284404565,53.857407588023015,0.19506485906563933,12.984132231404958,6.0,29.2597288598459,234.0778308787672,0,0,0,0,False,True,False,False
2311306,12543.302103228869,88483.0,41.66,134.1997897901292,67.54517816981793,20.263779483064543,33.6182889973241,69.0,77.98108111162597,560.5596555270504,1,1,1,0,False,True,False,False
2311355,11700.800376647834,16992.0,26.28,39.506826741996235,61.25235404896422,0.8356873822975518,29.009092872570196,6.0,35.31073446327684,317.79661016949154,0,0,0,0,False,True,False,False
2311405,16346.270848631071,85797.0,24.71,85.8258447265056,67.41611012040048,9.46303483804795,36.84657996805841,72.0,83.91901814748768,212.1286292061494,1,1,1,0,False,True,False,False
2311504,29481.880871939647,21607.0,34.05,116.86953302170593,70.65302911093627,1.5643078631924838,32.174980506822614,6.0,27.76877863655297,8506.502522330726,0,0,0,1,False,True,False,False
2311603,14452.801579745406,28359.0,109.74,93.88201276490709,78.2079763038189,0.35614796008321875,25.08450928381963,12.0,42.314609118798266,56.41947882506435,1,1,0,0,False,True,False,False
2311702,10006.296237997796,19059.0,49.89,38.2811270266016,63.58675691274463,0.03672805498714518,23.5159565807327,0.0,0.0,73.45610997429036,0,0,0,0,False,True,False,False
2311801,15533.546968437424,74582.0,45.27,113.41208334450671,72.71995923949478,20.45399694296211,40.85956726649528,48.0,64.35869244589847,461.2372958622724,1,1,1,0,False,True,False,False
2311900,12101.45340552864,14036.0,10.03,38.56511826731263,63.35850669706469,0.6910800797948133,37.37948979591837,6.0,42.74722143060701,384.7249928754631,0,0,0,0,False,True,False,False
2311959,9249.941927990709,17220.0,20.63,30.766550522648085,39.343786295005806,5.8826945412311265,38.561418181818176,6.0,34.84320557491289,81.30081300813008,0,0,0,0,False,True,False,False
2312007,8740.50494647817,32043.0,31.49,53.006896982180194,38.95078488281372,4.887182848047936,26.48959251101321,33.0,102.98661174047373,274.6309646412633,1,1,1,0,False,True,False,False
2312106,9160.167931907064,17388.0,19.83,75.47734069473199,69.62847941108811,0.25304807913503563,36.59460580912863,6.0,34.50655624568668,483.09178743961354,0,0,0,0,False,True,False,False
2312205,15216.222056810817,41647.0,9.43,85.17780392345188,62.484692774989796,4.790261003193507,39.10632972972973,24.0,57.62720003841813,206.49746680433165,1,1,1,0,False,True,False,False
2312304,12586.64633045014,49829.0,135.79,53.08956631680347,61.43009091091533,7.495635071946055,45.909722319859405,36.0,72.24708503080535,252.86479760781873,1,1,1,0,False,True,False,False
2312403,150002.38265013305,57499.0,64.25,90.00156524461295,86.46932990138959,28.675281309240162,55.38932347782511,45.0,78.26223064748952,62258.47406041844,1,1,1,1,False,True,False,False
2312502,18628.798342541435,5792.0,20.95,0.7424033149171271,81.42265193370166,0.3280386740331492,26.31278735632184,9.0,155.38674033149172,1312.1546961325967,1,0,0,0,False,True,False,False
2312601,12142.765918627989,10962.0,88.08,90.43057836161285,60.18062397372742,0.90311986863711,41.260230905861455,6.0,54.734537493158186,109.46907498631637,0,0,0,0,False,True,False,False
2312700,14010.738575349003,25143.0,25.36,93.15515252754246,68.86210873801853,2.179533070834825,28.307215073529413,27.0,107.38575349003699,254.54400827268026,1,1,1,0,False,True,False,False
2312809,8347.65261337944,7519.0,17.1,60.952254289134196,62.06942412554861,0.0,52.60784530386741,0.0,0.0,292.5921000132996,0,0,0,0,False,True,False,False
2312908,25060.29189078714,215286.0,98.15,136.18674693198815,74.0075991936308,27.555437882630546,103.94235947933394,273.0,126.80805997603188,2828.7951840807114,1,1,1,1,False,True,False,False
2313005,16187.233134073442,18736.0,11.84,76.7399658411614,61.97160546541418,0.2828778821520068,36.21951951951952,12.0,64.04782237403928,245.51665243381726,1,1,0,0,False,True,False,False
2313104,14061.69641742604,32044.0,29.26,95.68093870927474,73.88590687804269,2.000374485083011,28.60803308823529,21.0,65.53488952690051,106.10410685307701,1,1,1,0,False,True,False,False
2313203,11142.355216927876,25331.0,12.32,102.83841932809601,67.91678180885081,0.2644980458726462,39.21685950413223,9.0,35.529588251549484,631.6371244719909,1,0,0,0,False,True,False,False
2313252,11235.510097036457,7626.0,18.24,48.04615788093365,60.37241017571466,0.013113034356150013,43.12449871465296,3.0,39.33910306845004,603.1995803829006,0,0,0,0,False,True,False,False
2313302,11078.297408761964,64255.0,15.27,105.73340596062563,76.3862734417555,0.8014940471558634,26.794053094036272,30.0,46.688973620729904,482.452727414209,1,1,1,0,False,True,False,False
2313351,7771.927833881766,17626.0,22.61,71.15057301713378,48.190173607171225,0.0737546805854987,47.39358558558558,9.0,51.06093271303756,56.73436968115284,1,0,0,0,False,True,False,False
2313401,20115.51365847429,86137.0,89.58,94.62019805658427,78.81978708336719,8.00933396798124,27.26685973878478,78.0,90.55342071351451,452.7671035675726,1,1,1,0,False,True,False,False
2313500,18127.70661291372,61516.0,62.9,30.2100266597308,51.65973080174263,10.909356915274076,65.89650199782056,48.0,78.0284803953443,1160.6736458807466,1,1,1,0,False,True,False,False
2313559,8933.104742188005,15457.0,76.57,41.172284401889115,82.84919453969076,0.032347803584136636,42.01011481056257,0.0,0.0,90.57385003558258,0,0,0,0,False,True,False,False
2313609,18711.99580321753,34312.0,77.34,102.13044998834228,68.12776871065516,5.779319188622057,33.15695374800638,33.0,96.17626486360457,1218.2326882723246,1,1,1,0,False,True,False,False
2313708,9930.07293007293,6993.0,26.11,52.724152724152724,70.77077077077077,0.2717002717002717,46.63097989949749,6.0,85.8000858000858,114.4001144001144,0,0,0,0,False,True,False,False
2313757,9705.51561446866,17804.0,55.35,28.235228038643,86.28398112783644,0.14603459896652438,28.5515142337977,3.0,16.850146034598968,584.1383958660975,0,0,0,0,False,True,False,False
2313807,14073.687673292918,21279.0,203.11,32.16316556229146,60.66074533577706,0.7237182198411579,28.23975432211101,12.0,56.39362752009023,75.19150336012031,1,1,0,0,False,True,False,False
2313906,20937.09190479534,14243.0,19.7,52.706592712209506,56.96131432984624,0.26679772519834305,34.98370307167236,9.0,63.188934915397034,98.29389875728428,1,0,0,0,False,True,False,False
2313955,20140.3536977492,18660.0,101.01,105.95391211146838,82.7545551982851,0.7556270096463023,27.924643584521384,6.0,32.154340836012864,578.7781350482315,0,0,0,0,False,True,False,False
2314003,11481.224399695862,40771.0,46.97,125.04721493218219,66.24071030879792,3.8115327070712026,37.6005965583174,27.0,66.22354124254986,78.48715999117019,1,1,1,0,False,True,False,False
2314102,9636.330240061334,62609.0,45.55,61.18768867095785,57.18506923924675,2.9500551038988005,47.89698102016607,21.0,33.54150361769075,344.9983229248191,1,1,1,0,False,True,False,False
2400109,13068.752876208007,10865.0,17.42,107.72204325816843,79.53060285319835,0.03681546249424758,22.5642523364486,0.0,0.0,1693.511274735389,0,0,0,1,False,True,False,False
2400208,24913.625097613145,58906.0,43.34,159.60683122262589,70.83149424506841,21.515635079618374,54.11275189167662,78.0,132.414355074186,281.8049095168574,1,1,1,0,False,True,False,False
2400307,12401.291595658804,11149.0,18.81,21.275450713068437,48.928154991479055,0.02690824289173917,38.925714285714285,0.0,0.0,197.32711453942056,0,0,0,0,False,True,False,False
2400406,11410.832232496698,3028.0,58.12,61.955085865257594,71.69749009247028,3.7318361955085866,23.028076923076924,9.0,297.225891677675,462.35138705416114,1,0,0,0,False,True,False,False
2400505,10738.427574419598,14042.0,35.78,68.25950719270759,63.723116365190144,1.0326164364050705,18.1840303030303,15.0,106.82238997293832,142.4298532972511,1,1,1,0,False,True,False,False
2400604,10416.354556803995,4806.0,36.61,166.37536412817312,60.63254265501457,0.16645859342488556,26.08961538461538,12.0,249.68789013732834,208.07324178110696,1,1,0,0,False,True,False,False
2400703,47936.68818542428,12857.0,65.25,166.82740919343547,96.18884654273937,0.8555650618340204,24.042562574493445,0.0,0.0,808.8978766430738,0,0,0,0,False,True,False,False
2400802,15047.440073498705,11973.0,15.69,106.17222083020128,96.19978284473399,0.5679445418859099,36.526039325842696,6.0,50.112753695815584,4911.049862189927,0,0,0,1,False,True,False,False
2400901,9724.69575541704,6738.0,26.86,125.37845057880676,45.41406945681211,0.07420599584446423,28.29372093023256,6.0,89.04719501335708,296.8239833778569,0,0,0,0,False,True,False,False
2401008,18977.962021931,37390.0,22.52,112.02460550949452,73.03557100829099,1.1580636533832576,25.945944700460828,30.0,80.23535704733887,481.41214228403317,1,1,1,0,False,True,False,False
2401107,37981.08996469586,24643.0,70.29,109.29675769995536,84.01168688877166,1.3147749868116707,15.86908834586466,12.0,48.69536988191373,722.314653248387,1,1,0,0,False,True,False,False
2401206,28310.09738595592,13657.0,114.82,55.53196163139782,65.10946767225599,0.03661126162407557,29.3481783919598,0.0,0.0,6004.246906348393,0,0,0,1,False,True,False,False
2401305,10488.203086112491,10045.0,10.92,72.01592832254853,54.823295171727224,0.07964161274265803,23.688181818181818,6.0,59.73120955699353,338.47685415629667,0,0,0,0,False,True,False,False
2401404,35725.43416135415,9098.0,35.66,117.91602550010991,79.64387777533524,0.5385799076720158,33.50578947368421,6.0,65.94856012310397,2000.4396570674874,0,0,0,1,False,True,False,False
2401453,26404.23800764115,28268.0,32.59,175.08843922456487,75.71105136550163,0.6084618650063677,26.362493386243383,0.0,0.0,353.75689825951605,0,0,0,0,False,True,False,False
2401503,11178.162320253474,4103.0,26.12,76.48062393370704,50.32902754082379,0.0,33.732244897959184,0.0,0.0,24.372410431391664,0,0,0,0,False,True,False,False
2401602,17973.37398373984,4920.0,15.97,65.16260162601625,57.520325203252035,0.12195121951219512,30.94833333333333,0.0,0.0,284.5528455284553,0,0,0,0,False,True,False,False
2401651,121275.4972492594,2363.0,9.1,141.89589504866694,52.01015658061786,0.0,38.089629629629634,0.0,0.0,2877.6978417266187,0,0,0,1,False,True,False,False
2401701,10636.83237669034,10279.0,81.55,130.32396147485164,84.73586924798133,0.07782858254694036,18.837790055248615,0.0,0.0,58.371436910205276,0,0,0,0,False,True,False,False
2401800,11065.857335555029,12603.0,198.22,56.819804808378954,94.46957073712608,0.03173847496627787,31.390776255707763,0.0,0.0,412.60017456161233,0,0,0,0,False,True,False,False
2401859,17327.154772937905,6474.0,27.89,109.03614457831326,7.290701266604881,0.0,48.77045005488474,0.0,0.0,92.67840593141798,0,0,0,0,False,True,False,False
2401909,17998.213754093482,3359.0,12.51,99.79160464423936,81.33373027686811,2.560285799345043,32.63834782608696,6.0,178.62459065197976,714.498362607919,0,0,0,0,False,True,False,False
2402006,22021.787524274143,63339.0,49.77,182.12159964634742,67.0345284895562,30.756721766999796,32.07088577271399,75.0,118.41045801165158,394.7015267055053,1,1,1,0,False,True,False,False
2402105,10183.263518659558,10504.0,47.79,113.07121096725056,57.816070068545315,0.01904036557501904,21.802420091324205,6.0,57.12109672505712,361.76694592536177,0,0,0,0,False,True,False,False
2402204,19660.87775108745,30806.0,120.85,116.98695059404012,57.303771992469,3.0156463026683116,32.62758906633906,15.0,48.69181328312666,766.0845289878595,1,1,1,0,False,True,False,False
2402303,18533.65408461881,20161.0,18.0,97.23228014483409,73.09161251922028,0.6795297852289073,17.14784349969193,0.0,0.0,753.9308566043351,0,0,0,0,False,True,False,False
2402402,14318.616184831257,8267.0,32.45,155.98161364461112,76.10983428087577,0.0,47.21634961439589,0.0,0.0,169.34801016088062,0,0,0,0,False,True,False,False
2402501,21073.726273726275,10010.0,18.76,135.36463536463538,97.84215784215785,0.4195804195804196,23.068831168831167,6.0,59.94005994005994,519.4805194805194,0,0,0,0,False,True,False,False
2402600,12073.30530424412,83009.0,109.15,126.47905648785071,68.4973918490766,2.4828633039790864,36.06851983282076,51.0,61.43912105916226,655.3506246310641,1,1,1,0,False,True,False,False
2402709,12401.519166225047,11322.0,27.95,124.39498321851264,69.27221338986045,0.01766472354707649,34.9625,0.0,0.0,1271.8600953895073,0,0,0,0,False,True,False,False
2402808,10018.31711505438,5241.0,27.55,175.53901927113145,59.77866819309292,0.0,15.290452488687784,0.0,0.0,381.6065636328945,0,0,0,0,False,True,False,False
2402907,11162.456546929316,4315.0,36.17,135.66628041714947,46.30359212050985,3.522595596755504,14.67235294117647,9.0,208.5747392815759,139.04982618771726,1,0,0,0,False,True,False,False
2403004,14947.924253459578,8238.0,27.06,114.89439184268026,77.26389900461277,0.0,34.71826086956522,0.0,0.0,194.22189851905802,0,0,0,0,False,True,False,False
2403103,18733.379920801304,42930.0,47.8,177.27230375029117,91.74237130211974,0.2678779408339157,23.655438351379672,27.0,62.893081761006286,172.37363149312836,1,1,1,0,False,True,False,False
2403202,10830.690748655728,7253.0,61.93,88.62539638770164,42.83744657383152,3.2951881979870397,16.823260869565217,12.0,165.44877981524886,248.1731697228733,1,1,0,0,False,True,False,False
2403251,25419.26787425083,269298.0,2037.93,200.6966260425254,71.21961544460041,41.54876753633521,116.63487020328064,393.0,145.9349865205089,260.67776218167234,1,1,1,0,False,True,False,False
2403301,9963.531669865642,6252.0,47.84,109.61292386436341,57.80550223928343,3.502879078694818,43.78793103448276,12.0,191.93857965451056,127.95905310300704,1,1,0,0,False,True,False,False
2403400,14970.051132213295,5476.0,20.23,135.0438276113952,69.11979547114682,0.0,55.27490196078431,0.0,0.0,0.0,0,0,0,0,False,True,False,False
2403509,8923.189465983907,10936.0,78.18,59.308705193855154,41.42282370153621,0.018288222384784197,34.84146311970979,0.0,0.0,201.17044623262618,0,0,0,0,False,True,False,False
2403608,8514.591076679653,66993.0,438.25,205.3975788515218,91.72003045094263,17.610795157703045,50.24268702290076,63.0,94.03967578702253,286.5971071604496,1,1,1,0,False,True,False,False
2403707,26916.227934345,6458.0,22.13,366.1350263239393,78.97181790027872,0.3406627438835553,30.44923076923077,6.0,92.90802105915144,464.5401052957572,0,0,0,0,False,True,False,False
2403756,12898.31627599868,3029.0,9.11,72.96137339055794,69.23076923076923,0.03301419610432486,22.471421052631577,0.0,0.0,66.02839220864972,0,0,0,0,False,True,False,False
2403806,11444.908814589666,10528.0,20.08,135.5243161094225,54.28381458966565,0.0,35.41938596491228,0.0,0.0,75.98784194528875,0,0,0,0,False,True,False,False
2403905,11855.95367354325,2763.0,14.87,111.83496199782844,64.06080347448426,3.112558812884546,21.755,6.0,217.15526601520088,217.15526601520088,0,0,0,0,False,True,False,False
2404002,10614.748286457105,4231.0,65.14,141.00685417159065,63.48380997400142,1.4890096903805248,27.70928571428572,6.0,141.81044670290711,94.54029780193808,0,0,0,0,False,True,False,False
2404101,75285.18518518518,2160.0,6.17,169.53703703703704,93.10185185185185,0.5092592592592593,38.63013628620102,0.0,0.0,4166.666666666667,0,0,0,1,False,True,False,False
2404200,19373.670778392174,28212.0,139.07,195.66850985396286,93.52048773571529,0.2800226853821069,27.82354411764706,12.0,42.53509145044662,326.1023677867574,1,1,0,0,False,True,False,False
2404309,31559.686248876544,12239.0,10.57,111.97810278617534,58.56687637878912,1.740338262929978,18.924970414201184,6.0,49.02361304028107,2925.075578070104,0,0,0,1,False,True,False,False
2404408,15443.17627548532,10251.0,79.69,85.17217832406594,66.85201443761584,1.0145351673007512,32.80356846473029,27.0,263.3889376646181,117.0617500731636,1,1,1,0,False,True,False,False
2404507,128057.50297861669,15947.0,59.21,173.72546560481595,93.8609142785477,1.1412804916285195,22.19924753502854,0.0,0.0,9218.034740076504,0,0,0,1,False,True,False,False
2404606,11822.06166512644,11903.0,37.22,41.073678904477866,40.31756699991599,0.04200621692010417,33.75479224376731,0.0,0.0,151.22238091237503,0,0,0,0,False,True,False,False
2404705,13515.234885480431,14539.0,37.76,55.526514890982874,55.58841736020359,0.6396588486140725,20.63770077007701,0.0,0.0,178.8293555265149,0,0,0,0,False,True,False,False
2404804,16712.44019138756,2090.0,15.98,57.942583732057415,70.0,0.14354066985645933,43.899355932203385,0.0,0.0,0.0,0,0,0,0,False,True,False,False
2404853,13204.620900278847,7531.0,35.81,12.999601646527685,87.91661133979551,0.7435931483202762,16.63283295711061,0.0,0.0,1487.1862966405524,0,0,0,0,False,True,False,False
2404903,13532.831988261189,5452.0,39.99,58.40058694057227,68.92883345561262,1.2289068231841527,12.151470588235291,0.0,0.0,183.41892883345562,0,0,0,0,False,True,False,False
2405009,10730.21984846603,8051.0,143.58,101.11787355607999,24.431747608992673,0.0,24.73562390158172,0.0,0.0,0.0,0,0,0,0,False,True,False,False
2405108,15030.972139893302,6748.0,14.82,132.5133372851215,80.77949021932425,0.44457617071724953,20.900527638190955,0.0,0.0,444.57617071724957,0,0,0,0,False,True,False,False
2405207,17479.72693421597,4834.0,15.64,95.6557716177079,61.89491104675217,0.9309060819197352,33.81214285714286,6.0,124.12081092263136,455.1096400496483,0,0,0,0,False,True,False,False
2405306,9608.306926210957,8836.0,53.01,52.795382526029876,69.91851516523313,0.022634676324128564,28.0,0.0,0.0,158.44273426889995,0,0,0,0,False,True,False,False
2405405,9854.138787994649,5231.0,27.08,147.92582680175875,66.94704645383293,0.0,7.867589285714286,0.0,0.0,726.4385394761996,0,0,0,0,False,True,False,False
2405504,25828.72041716807,2493.0,9.59,0.7621339751303651,53.42960288808664,0.0,86.41296028880866,0.0,0.0,320.8985158443642,0,0,0,0,False,True,False,False
2405603,14796.961709211986,14416.0,42.29,76.9492230854606,81.63845726970034,0.4855715871254162,44.09411891891892,9.0,62.430632630410656,457.82463928967815,1,0,0,0,False,True,False,False
2405702,17402.192101740293,11952.0,31.7,128.204484605087,84.02777777777777,0.0,23.708413724515164,0.0,0.0,568.9424364123159,0,0,0,0,False,True,False,False
2405801,36523.03842613898,34768.0,46.56,126.97020248504371,83.10227795674183,6.977680625862862,42.94756183745583,45.0,129.42936033133915,4728.485964104924,1,1,1,1,False,True,False,False
2405900,13373.626373626374,2093.0,23.54,23.889154323936932,68.70520783564263,0.23889154323936931,51.672285714285714,6.0,286.66985188724317,191.11323459149546,0,0,0,0,False,True,False,False
2406007,11303.319919517102,5964.0,49.33,116.33132126089872,54.77867203219316,1.1401743796109993,25.875901639344264,6.0,100.6036217303823,33.5345405767941,0,0,0,0,False,True,False,False
2406106,17272.12074811331,18286.0,19.06,148.97735972875424,78.40971234824455,1.3562288089248606,21.177178239716937,15.0,82.0299682817456,689.0517335666631,1,1,1,0,False,True,False,False
2406155,10921.74138377818,3859.0,83.76,97.97875097175434,32.93599378077222,0.0,20.346742857142857,0.0,0.0,259.1344908007256,0,0,0,0,False,True,False,False
2406205,10520.867369671763,6733.0,62.98,109.07470666864697,78.06327045893362,0.0,30.15576470588235,0.0,0.0,297.0444081390168,0,0,0,0,False,True,False,False
2406304,10740.53055298931,7577.0,62.2,30.94892437640227,59.24508380625577,0.02639567110993797,28.51936758893281,0.0,0.0,263.9567110993797,0,0,0,0,False,True,False,False
2406403,14523.357387011014,2633.0,23.0,108.62134447398405,94.94872768704899,0.0,29.907603305785127,0.0,0.0,0.0,0,0,0,0,False,True,False,False
2406502,16683.12042664021,16126.0,88.33,175.5239985117202,65.83157633635123,0.0,23.65794949494949,0.0,0.0,111.62098474513209,0,0,0,0,False,True,False,False
2406601,10942.220675252349,8619.0,105.13,72.79266736280312,87.67838496345284,0.01160227404571296,16.267492063492064,0.0,0.0,116.0227404571296,0,0,0,0,False,True,False,False
2406700,16415.512465373962,10108.0,14.58,85.84289671547289,75.54412346656115,16.234665611396913,18.58985714285714,21.0,207.7562326869806,1859.9129402453502,1,1,1,1,False,True,False,False
2406809,10446.041708847944,4939.0,36.76,117.9186070054667,91.73921846527637,0.02024701356549909,14.5943,0.0,0.0,364.4462441789836,0,0,0,0,False,True,False,False
2406908,14392.008941044984,3579.0,112.83,197.65297569153395,80.16205644034646,0.05588153115395362,41.08974358974359,6.0,167.64459346186086,335.28918692372173,0,0,0,0,False,True,False,False
2407005,9457.78591427956,9286.0,54.43,98.43850958432049,72.37777299160025,0.07538229592935602,9.933125,0.0,0.0,107.68899418479431,0,0,0,0,False,True,False,False
2407104,21150.97242951188,86433.0,161.24,96.44580195064385,55.47996714217949,14.5951199194752,55.7013715685274,63.0,72.88882718406164,365.60110143116634,1,1,1,0,False,True,False,False
2407203,39145.92728297632,28384.0,35.3,158.78664036076663,78.69574408117249,0.9406708004509583,17.11437274693583,12.0,42.27733934611049,2381.6234498308904,1,1,0,1,False,True,False,False
2407252,11803.04893041554,4067.0,122.74,122.32603884927465,96.06589623801328,3.3439881976887142,9.533333333333337,6.0,147.5288910745021,147.5288910745021,0,0,0,0,False,True,False,False
2407302,10243.32674246169,8092.0,22.84,23.171033119130005,53.62086010874938,2.6075135936727634,25.842185430463577,6.0,74.14730598121602,173.01038062283737,0,0,0,0,False,True,False,False
2407401,12863.393175603376,8411.0,48.26,192.390916656759,87.33800974913804,1.2008084651052193,16.41175911251981,0.0,0.0,1402.9247414100582,0,0,0,0,False,True,False,False
2407500,12805.392063793432,10534.0,77.61,121.15056009113347,92.5099677235618,0.11391684070628441,38.90321710526316,0.0,0.0,911.3347256502753,0,0,0,0,False,True,False,False
2407609,12608.76475930972,4404.0,29.97,54.56403269754768,70.89009990917347,2.1571298819255222,21.09409836065574,0.0,0.0,136.23978201634878,0,0,0,0,False,True,False,False
2407708,11065.228469509088,11774.0,139.2,55.529131985731276,75.49685748258875,0.0,33.23887755102041,0.0,0.0,33.973161202649905,0,0,0,0,False,True,False,False
2407807,11384.934781696937,23843.0,109.02,84.65797089292455,53.16445078220023,0.025164618546323868,37.87396480331263,0.0,0.0,125.82309273161934,0,0,0,0,False,True,False,False
2407906,13813.913785744771,2343.0,31.63,135.8087921468203,118.22449850618865,0.0,25.316559139784943,0.0,0.0,256.0819462227913,0,0,0,0,False,True,False,False
2408003,29031.409827575044,278034.0,126.03,172.03399584223513,76.26117669062057,33.68400986929656,100.44731789191005,585.0,210.4059215779365,569.7144953494897,1,1,1,0,False,True,False,False
2408102,30795.9313341007,785368.0,4488.03,150.66720314553177,80.00937140296014,46.514882195353,133.26378544211587,1983.0,252.49309877662446,1558.5050575017062,1,1,1,0,False,True,False,False
2408201,13983.21010928157,33949.0,103.8,199.85566585171875,48.28419099237091,0.5302070753188607,43.10386105544422,21.0,61.85749212053374,365.2537629974373,1,1,1,0,False,True,False,False
2408300,15773.484550008445,35534.0,123.42,98.93623008949176,75.26594247762706,0.3855462374064276,23.17790147509045,6.0,16.885236674734056,292.67743569539033,0,0,0,0,False,True,False,False
2408409,12681.96371398079,3748.0,27.66,130.1760939167556,69.07684098185699,1.6008537886873,39.22275862068965,6.0,160.08537886872998,106.72358591248666,0,0,0,0,False,True,False,False
2408508,12167.8169986196,5071.0,19.4,73.35831197002564,65.4900414119503,0.0,50.82428571428572,0.0,0.0,276.07966870439753,0,0,0,0,False,True,False,False
2408607,10857.637172516066,4046.0,48.34,18.932278793870488,38.33415719228868,1.309935739001483,9.0025,18.0,444.8838358872961,49.431537320810676,1,1,1,0,False,True,False,False
2408706,15101.39382344903,3659.0,9.34,112.98168898606177,88.16616561902158,0.6012571740912818,39.30748815165877,6.0,163.9792292976223,491.9376878928669,0,0,0,0,False,True,False,False
2408805,122720.44534412956,4940.0,20.78,113.98785425101215,84.69635627530364,0.020242914979757085,15.856871165644172,0.0,0.0,10404.858299595142,0,0,0,1,False,True,False,False
2408904,16633.932999684384,22179.0,41.87,147.39167681139816,68.79029712791379,9.351188060778213,24.520593788063337,27.0,121.73677803327472,495.9646512466748,1,1,1,0,False,True,False,False
2408953,17390.367316341828,10672.0,68.51,207.62743628185908,79.8913043478261,0.22488755622188905,23.366308139534883,0.0,0.0,730.8845577211395,0,0,0,0,False,True,False,False
2409100,13354.550236717518,11406.0,258.59,145.8004559004033,65.93021216903384,0.0,26.23849282296651,0.0,0.0,245.48483254427495,0,0,0,0,False,True,False,False
2409209,14316.57355679702,3222.0,75.58,155.95903165735567,103.1657355679702,0.031036623215394164,25.77717741935484,0.0,0.0,248.29298572315332,0,0,0,0,False,True,False,False
2409308,14309.64873277012,11245.0,34.49,148.9817696754113,82.02756780791462,1.6184971098265897,16.550547785547785,6.0,53.35704757670076,106.71409515340152,0,0,0,0,False,True,False,False
2409332,15631.209935897436,4992.0,22.07,82.45192307692308,83.6738782051282,0.04006410256410257,14.383724792408064,0.0,0.0,80.12820512820512,0,0,0,0,False,True,False,False
2409407,22183.831118060985,31975.0,117.25,158.97107114933542,77.08209538702111,19.737294761532446,18.29773677736777,39.0,121.97028928850665,256.4503518373729,1,1,1,0,False,True,False,False
2409506,78649.23572003219,3729.0,16.36,110.83400375435774,57.84392598551891,0.053633681952266025,36.40098522167487,0.0,0.0,11692.142665593992,0,0,0,1,False,True,False,False
2409605,14456.182472989196,2499.0,8.27,8.443377350940375,78.031212484994,0.0,30.385347432024165,0.0,0.0,160.0640256102441,0,0,0,0,False,True,False,False
2409704,12607.407407407409,6345.0,6.55,17.63593380614657,46.493301812450746,8.479117415287629,42.04933660933661,18.0,283.68794326241135,189.12529550827423,1,1,1,0,False,True,False,False
2409803,12228.992040571951,14197.0,71.74,5.275762485032049,57.86433753609918,0.0,64.21631465517241,0.0,0.0,42.262449813340844,0,0,0,0,False,True,False,False
2409902,60425.25526483727,12536.0,29.29,180.22495213784302,77.78398213146139,0.8296107211231653,21.78695710455764,6.0,47.86215698787492,1627.3133375877474,0,0,0,1,False,True,False,False
2410009,13896.677740863788,3010.0,35.86,30.398671096345517,93.72093023255815,3.089700996677741,10.66230769230769,6.0,199.33554817275748,465.1162790697674,0,0,0,0,False,True,False,False
2410108,10449.243204691338,12619.0,53.78,57.8334257865124,53.62548537919011,0.10301925667644028,17.27179190751445,0.0,0.0,174.34028052936048,0,0,0,0,False,True,False,False
2410207,10065.416985462893,7842.0,69.07,180.99974496301965,71.10431012496812,13.925019127773528,23.66749347258485,27.0,344.2999234889059,535.5776587605203,1,1,1,0,False,True,False,False
2410256,27901.997386596977,5357.0,14.47,69.88986372969946,64.56972185924958,0.056001493373156616,29.67,0.0,0.0,597.3492626470039,0,0,0,0,False,True,False,False
2410306,9806.746815000895,11146.0,46.54,100.55625336443568,42.687959806208504,0.00897182845863987,18.37671826625387,0.0,0.0,8.971828458639871,0,0,0,0,False,True,False,False
2410405,17454.208303286287,9707.0,18.56,58.69990728340373,54.41434016688987,0.04120737612032554,21.173954154727795,0.0,0.0,206.0368806016277,0,0,0,0,False,True,False,False
2410504,9433.50451567204,5647.0,69.44,133.85868602797945,71.5247033823269,3.346909863644413,16.688088235294117,6.0,106.25110678236231,212.50221356472463,0,0,0,0,False,True,False,False
2410603,14444.813829787234,3008.0,29.32,142.61968085106383,52.46010638297872,1.196808510638298,15.090000000000002,6.0,199.46808510638297,66.48936170212765,0,0,0,0,False,True,False,False
2410702,13683.69208318132,2741.0,21.23,130.97409704487413,66.10726012404233,0.07296607077708865,18.20555066079295,0.0,0.0,510.7624954396206,0,0,0,0,False,True,False,False
2410801,10255.00824888051,4243.0,32.22,19.891586141880744,60.617487626679235,2.0268677822295547,48.25402777777778,6.0,141.4093801555503,188.54584020740043,0,0,0,0,False,True,False,False
2410900,25194.178576111182,7627.0,28.11,98.05952537039465,56.31309820374984,0.07866789038940605,21.03551401869159,0.0,0.0,2019.1425199947555,0,0,0,1,False,True,False,False
2411007,13610.485169004369,4349.0,27.4,117.72821338238676,69.28029432053346,0.3219130834674638,16.924273127753303,6.0,137.96275005748447,137.96275005748447,0,0,0,0,False,True,False,False
2411056,20271.765949947127,5674.0,31.78,257.15544589354954,140.67677123722243,1.2513218188227,29.082443226311668,12.0,211.49101163200564,1515.6855833627071,1,1,0,0,False,True,False,False
2411106,38815.6766687079,3266.0,25.48,109.79791794243724,62.9210042865891,0.03061849357011635,44.0642,0.0,0.0,0.0,0,0,0,0,False,True,False,False
2411205,15874.34608677813,38996.0,59.76,114.87075597497179,87.42435121550928,0.4282490511847369,19.86367515364355,18.0,46.15858036721715,179.5055903169556,1,1,1,0,False,True,False,False
2411403,11535.93284167582,12746.0,8.76,86.24666562058685,49.129138553271616,0.02353679585752393,25.86457431457432,0.0,0.0,125.52957790679429,0,0,0,0,False,True,False,False
2411429,13043.774668101902,2787.0,14.31,136.13204162181557,63.114459992823825,0.0,23.3170796460177,0.0,0.0,502.33225690706854,0,0,0,0,False,True,False,False
2411502,13281.223934325477,22779.0,73.66,94.28859914833838,53.93125246937969,9.043417182492647,31.895819099378883,6.0,26.340050046095087,201.940383686729,0,0,0,0,False,True,False,False
2411601,160315.52831290136,3426.0,11.44,103.79451255107998,171.94979568009342,0.08756567425569177,41.69430678466077,0.0,0.0,1926.444833625219,0,0,0,1,False,True,False,False
2411700,11722.25077081192,3892.0,19.87,20.041109969167522,68.70503597122303,0.0,10.071162162162162,0.0,0.0,256.9373072970195,0,0,0,0,False,True,False,False
2411809,17665.555555555555,3600.0,8.63,130.94444444444446,60.47222222222222,0.027777777777777776,20.45130434782609,0.0,0.0,111.11111111111111,0,0,0,0,False,True,False,False
2411908,12650.32527881041,4304.0,55.05,82.24907063197026,76.6263940520446,4.344795539033457,26.693214285714284,9.0,209.1078066914498,232.34200743494424,1,0,0,0,False,True,False,False
2412005,15466.986453691754,123207.0,463.72,139.54483105667697,63.671706964701684,24.45640263946042,75.59770549860205,150.0,121.74632934817015,999.9431850463042,1,1,1,0,False,True,False,False
2412104,13798.53181076672,6130.0,21.5,124.55138662316476,67.61827079934747,0.01631321370309951,32.39189781021898,0.0,0.0,65.25285481239804,0,0,0,0,False,True,False,False
2412203,20947.73911818566,49693.0,163.06,144.1993842191053,75.59012335741453,0.9699555269353832,32.752097512437814,12.0,24.148270380134022,434.6688668424124,1,1,0,0,False,True,False,False
2412302,11030.864197530864,11340.0,32.6,40.07936507936508,71.96649029982363,0.03527336860670194,40.48841503267974,0.0,0.0,564.3738977072311,0,0,0,0,False,True,False,False
2412401,17780.74639525021,4716.0,26.12,176.75996607294317,66.39100932994063,0.021204410517387615,30.16273469387755,0.0,0.0,127.2264631043257,0,0,0,0,False,True,False,False
2412500,13142.34041678655,24329.0,141.59,154.5439598832669,71.831970076863,6.013399646512393,22.39424317617866,30.0,123.30963048214066,213.73669283571047,1,1,1,0,False,True,False,False
2412559,46519.074598678,10590.0,23.69,180.30217186024552,106.32672332389046,0.0,31.297269267364417,0.0,0.0,566.57223796034,0,0,0,0,False,True,False,False
2412609,13369.05311778291,17320.0,69.82,159.6420323325635,74.74018475750577,0.04041570438799076,31.50356776180698,12.0,69.28406466512702,230.94688221709006,1,1,0,0,False,True,False,False
2412708,9449.449618966975,5905.0,29.58,15.834038950042338,54.08975444538527,0.10160880609652836,38.11432432432432,0.0,0.0,67.73920406435225,0,0,0,0,False,True,False,False
2412807,11225.977971895176,7899.0,16.44,114.77402202810482,70.80643119382201,0.0126598303582732,35.355225806451614,0.0,0.0,50.639321433092796,0,0,0,0,False,True,False,False
2412906,10971.04436592069,10188.0,11.56,23.861405575186495,59.599528857479385,0.02944640753828033,43.301906565656566,0.0,0.0,471.14252061248527,0,0,0,0,False,True,False,False
2413003,11808.412649677615,6514.0,31.9,153.65366902057107,57.9060485108996,0.0,23.033318584070795,0.0,0.0,30.703101013202332,0,0,0,0,False,True,False,False
2413102,10067.421341767937,6007.0,39.15,64.00865656733811,63.55918095555186,0.08323622440486099,62.84504385964912,6.0,99.8834692858332,99.8834692858332,0,0,0,0,False,True,False,False
2413201,27781.063677557835,4193.0,155.75,45.21822084426425,92.940615311233,2.5041736227045077,59.25863468634687,12.0,286.19127116622946,572.3825423324589,1,1,0,0,False,True,False,False
2413300,9790.24556616644,5864.0,59.02,131.59959072305594,66.9849931787176,0.017053206002728513,22.35869186046512,0.0,0.0,989.0859481582537,0,0,0,0,False,True,False,False
2413359,62707.82824594713,13694.0,21.11,74.75536731415218,66.26989922593836,1.4458887103841098,48.43688524590164,42.0,306.7036658390536,3183.876150138747,1,1,1,1,False,True,False,False
2413409,15238.302781694654,7801.0,13.51,57.39007819510319,71.95231380592232,0.0,31.398252032520325,0.0,0.0,410.20382002307394,0,0,0,0,False,True,False,False
2413508,10878.650325313964,6609.0,33.29,44.80254198819791,69.23891662883946,0.03026176426085641,36.49348039215686,0.0,0.0,151.30882130428205,0,0,0,0,False,True,False,False
2413557,10367.763431903371,4802.0,38.07,130.1332778009163,66.34735526863807,0.04164931278633902,38.123772893772895,0.0,0.0,124.94793835901707,0,0,0,0,False,True,False,False
2413607,11221.412057620488,5623.0,34.76,65.00088920505068,63.20469500266761,0.9247732527120754,22.826509433962265,9.0,160.05690912324383,213.40921216432508,1,0,0,0,False,True,False,False
2413706,11303.69903320723,4758.0,21.8,107.10382513661202,45.775535939470366,0.0,49.61966265060241,0.0,0.0,0.0,0,0,0,0,False,True,False,False
2413805,13496.259351620947,2406.0,18.84,127.76392352452203,83.08395677472984,1.7871986699916875,21.152422360248448,6.0,249.37655860349128,249.37655860349128,0,0,0,0,False,True,False,False
2413904,13246.5858654831,11716.0,32.37,39.7917377944691,59.97780812564015,0.3840901331512462,33.62628,6.0,51.21201775349949,187.77739842949813,0,0,0,0,False,True,False,False
2414001,14834.730186737244,13602.0,39.12,58.68254668431113,80.9145713865608,0.014703720041170416,26.48287978863937,0.0,0.0,264.6669607410675,0,0,0,0,False,True,False,False
2414100,10728.81836214225,10587.0,45.88,40.663077359025216,55.095872296212335,1.3790497780296591,21.87296296296297,6.0,56.67327854916407,302.2574855955417,0,0,0,0,False,True,False,False
2414159,17535.79601176855,6118.0,85.93,207.2572736188297,119.41811049362536,0.016345210853220007,48.20561844863732,0.0,0.0,81.72605426610004,0,0,0,0,False,True,False,False
2414209,23308.80044843049,17840.0,164.87,254.25448430493273,111.74887892376681,7.6008968609865475,60.17105808194508,9.0,50.44843049327354,201.79372197309416,1,0,0,0,False,True,False,False
2414308,18023.553719008265,2420.0,17.33,101.77685950413223,79.50413223140495,0.0,16.852263374485595,0.0,0.0,1404.9586776859503,0,0,0,0,False,True,False,False
2414407,23533.907116451017,34624.0,43.82,143.03084565619224,58.74249075785582,0.2397181146025878,25.414232029713787,0.0,0.0,231.0536044362292,0,0,0,0,False,True,False,False
2414456,13191.997697179044,3474.0,12.56,60.90961427748992,64.56534254461715,0.690846286701209,27.00438596491228,6.0,172.71157167530225,575.7052389176741,0,0,0,0,False,True,False,False
2414506,14169.712304376348,10671.0,47.19,164.35198200730954,73.98556836285259,2.052291256676975,41.77752994011976,9.0,84.3407365757661,281.135788585887,1,0,0,0,False,True,False,False
2414605,15282.380646542497,14013.0,15.55,83.95061728395062,64.5115250124884,0.7849853707271819,21.512671614100185,6.0,42.81738385784629,413.9013772925141,0,0,0,0,False,True,False,False
2414704,10506.223295560096,5383.0,72.0,77.52182797696452,72.80326955229425,0.0,12.366925064599483,0.0,0.0,74.3080066877206,0,0,0,0,False,True,False,False
2414753,14234.596375617792,3035.0,42.08,61.05436573311368,70.60955518945634,3.42668863261944,16.9321875,3.0,98.84678747940691,263.59143327841844,0,0,0,0,False,True,False,False
2414803,12085.204636001448,11044.0,127.6,82.47011952191235,104.0021731256791,0.1629844259326331,17.50740963855422,0.0,0.0,199.20318725099602,0,0,0,0,False,True,False,False
2414902,12295.238095238095,1890.0,48.07,102.43386243386243,56.34920634920635,0.47619047619047616,41.20630303030303,0.0,0.0,317.46031746031747,0,0,0,0,False,True,False,False
2415008,13500.456065673456,3289.0,66.6,98.66220735785953,78.29127394344786,0.0,29.27392344497608,0.0,0.0,121.61751292186075,0,0,0,0,False,True,False,False
2500106,9633.326372937983,9578.0,38.63,53.414073919398625,60.41971183963249,0.0,34.85553191489362,0.0,0.0,292.33660471914806,0,0,0,0,False,True,False,False
2500205,11905.947441217151,5061.0,14.23,0.23710729104919975,60.79826121319897,0.0,21.18510729613734,0.0,0.0,197.58940920766648,0,0,0,0,False,True,False,False
2500304,11233.510121759917,26774.0,80.92,23.10450436991111,65.72421005453052,1.85254351236274,33.32001007387509,33.0,123.25390304026294,253.97773959811758,1,1,1,0,False,True,False,False
2500403,15446.87902780335,21724.0,163.87,58.89799300313018,57.857668937580556,0.004603203829865586,28.98248913718188,0.0,0.0,110.47689191677408,0,0,0,0,False,True,False,False
2500502,9834.537469896586,14118.0,123.25,28.56636917410398,65.13670491571044,0.021249468763280918,26.33904872389791,0.0,0.0,56.66525003541578,0,0,0,0,False,True,False,False
2500536,9558.767526397784,5777.0,18.0,119.4045352258958,55.18435173965726,0.0,43.69286956521739,0.0,0.0,380.82049506664356,0,0,0,0,False,True,False,False
2500577,9239.291465378425,3105.0,13.26,214.4927536231884,58.77616747181965,0.0322061191626409,47.69840136054422,0.0,0.0,64.4122383252818,0,0,0,0,False,True,False,False
2500601,148787.16497784798,22797.0,118.11,42.290652278808615,89.01171206737729,11.071632232311268,34.97118858954041,18.0,78.95775759968417,2009.036276703075,1,1,1,1,False,True,False,False
2500700,12255.03573749188,18468.0,37.72,109.48667966211826,56.68182802685727,0.07580680095299978,35.958358395989976,18.0,97.46588693957115,249.07948884557072,1,1,1,0,False,True,False,False
2500734,12743.523316062176,2316.0,18.3,3.929188255613126,72.06390328151986,0.0,36.96650717703349,0.0,0.0,259.0673575129534,0,0,0,0,False,True,False,False
2500775,12834.285714285714,8225.0,27.31,50.69908814589666,60.23100303951368,0.7416413373860182,34.71300202839756,0.0,0.0,194.52887537993922,0,0,0,0,False,True,False,False
2500809,10940.571361391958,17012.0,71.7,17.08793792616976,56.46602398307078,0.005878203620973431,40.5430615942029,0.0,0.0,82.29485069362802,0,0,0,0,False,True,False,False
2500908,9003.28104993598,12496.0,133.75,54.44142125480154,63.420294494238156,0.6962227912932138,28.886164772727277,6.0,48.015364916773365,32.010243277848915,0,0,0,0,False,True,False,False
2501005,11731.338149294806,17442.0,69.67,74.5212704965027,67.49799334938653,0.0,22.184759933774835,0.0,0.0,5309.024194473111,0,0,0,1,False,True,False,False
2501104,11178.840655055888,23082.0,84.1,75.47872801317044,64.25786327008058,0.012997140629061606,23.39368184733804,0.0,0.0,251.27805216185772,0,0,0,0,False,True,False,False
2501153,12841.846758349706,2036.0,17.58,0.7858546168958742,45.6286836935167,0.0,38.26259259259259,0.0,0.0,491.1591355599214,0,0,0,0,False,True,False,False
2501203,8479.101853104288,7393.0,199.05,22.08846205870418,93.61558230758826,0.013526308670363857,30.24233532934132,0.0,0.0,81.15785202218315,0,0,0,0,False,True,False,False
2501302,14940.77710465845,19148.0,49.73,53.394610403175264,53.57217463964905,0.0,35.799978479196554,0.0,0.0,167.11928138709004,0,0,0,0,False,True,False,False
2501351,11194.15016121603,4342.0,31.42,81.64440350069093,79.27222478120682,0.023030861354214647,28.822,0.0,0.0,506.6789497927222,0,0,0,0,False,True,False,False
2501401,11207.504145936982,9648.0,89.77,54.52943615257048,78.76243781094527,0.0,25.013218201754388,0.0,0.0,290.2155887230514,0,0,0,0,False,True,False,False
2501500,11657.30126307891,23989.0,90.49,62.945516695151944,50.0812872566593,0.16674309058318396,29.6341958041958,18.0,75.03439076243278,316.8118721080495,1,1,1,0,False,True,False,False
2501534,10038.64734299517,4968.0,95.18,136.89613526570048,104.8913043478261,0.0,10.169732142857145,0.0,0.0,161.0305958132045,0,0,0,0,False,True,False,False
2501575,11023.870107839572,8253.0,21.48,99.04277232521507,28.668363019508057,0.08481764206955046,15.895961538461538,6.0,72.70083605961469,72.70083605961469,0,0,0,0,False,True,False,False
2501609,11542.691308996487,13094.0,16.52,84.04612799755613,66.35100045822514,0.0,23.18887793783169,0.0,0.0,213.8383992668398,0,0,0,0,False,True,False,False
2501708,13942.140632683167,6101.0,9.69,5.982625799049337,48.729716439927884,0.049172266841501396,47.17313043478261,6.0,98.34453368300278,393.3781347320111,0,0,0,0,False,True,False,False
2501807,16204.208331358705,84404.0,2986.54,93.20648310506611,68.56665560873893,22.37571679067343,74.35916930315567,75.0,88.858347945595,864.8879200037912,1,1,1,0,False,True,False,False
2501906,13001.31421744325,16740.0,164.65,16.105137395459977,69.21146953405018,0.0,23.737747695852537,0.0,0.0,227.0011947431302,0,0,0,0,False,True,False,False
2502003,12453.194180898166,6324.0,10.42,38.5831752055661,69.03858317520556,0.015812776723592662,32.71312865497076,0.0,0.0,94.87666034155598,0,0,0,0,False,True,False,False
2502052,10990.410958904107,3650.0,60.99,51.75342465753425,92.9041095890411,0.136986301369863,26.64263157894737,6.0,164.3835616438356,219.17808219178082,0,0,0,0,False,True,False,False
2502102,9810.687890847072,5277.0,30.87,67.50047375402691,61.01951866590866,0.0,20.829148936170213,0.0,0.0,227.4019329164298,0,0,0,0,False,True,False,False
2502151,30965.93155893536,6575.0,13.6,98.31178707224335,64.98859315589354,0.0,26.318516129032258,0.0,0.0,425.8555133079848,0,0,0,0,False,True,False,False
2502201,13782.254607801116,2333.0,48.26,96.91384483497643,78.73981997428204,0.17145306472353194,29.98025,6.0,257.1795970852979,342.90612944706385,0,0,0,0,False,True,False,False
2502300,11548.101265822785,4740.0,25.05,66.30801687763713,61.35021097046413,0.16877637130801687,17.843051948051947,6.0,126.58227848101266,210.9704641350211,0,0,0,0,False,True,False,False
2502409,9250.478011472276,10460.0,45.2,75.26768642447419,55.05736137667304,0.009560229445506692,19.509637223974764,0.0,0.0,554.4933078393882,0,0,0,0,False,True,False,False
2502508,14338.511540792157,18153.0,47.17,9.91571641051066,75.74505591362309,0.011017462678345177,23.086457219251333,6.0,33.052388035035534,363.57626838539085,0,0,0,0,False,True,False,False
2502607,10600.20895002612,5743.0,28.66,87.67194845899355,68.77938359742295,0.0,33.39949860724234,0.0,0.0,139.30001741250217,0,0,0,0,False,True,False,False
2502706,16382.651855353344,4231.0,161.41,0.2836208934058142,80.3119829827464,0.0,33.433647798742136,0.0,0.0,567.2417868116285,0,0,0,0,False,True,False,False
2502805,10503.131672597863,14050.0,33.92,8.483985765124554,70.79003558718861,0.7188612099644128,13.991466314398943,6.0,42.704626334519574,185.05338078291814,0,0,0,0,False,True,False,False
2502904,11048.45890410959,5840.0,61.18,43.5958904109589,78.73287671232876,0.03424657534246575,15.055384615384614,0.0,0.0,308.2191780821918,0,0,0,0,False,True,False,False
2503001,19058.175165790075,21865.0,140.33,103.608506745941,59.62039789618111,8.19117310770638,24.071794478527607,12.0,54.88223187742968,1655.6139949691287,1,1,0,1,False,True,False,False
2503100,21175.70262919311,5515.0,11.37,29.320036264732547,64.06165004533092,0.0,76.24354385964912,6.0,108.79419764279238,108.79419764279238,0,0,0,0,False,True,False,False
2503209,44781.09523741562,70067.0,2226.73,211.06940499807328,77.26176374041988,42.64775143790943,83.21473744630426,156.0,222.6440407038977,4626.999871551515,1,1,1,1,False,True,False,False
2503308,13382.632873489469,9351.0,47.36,47.117955298898515,60.10052400812747,0.9838519944390974,35.06497487437186,6.0,64.16426050689766,149.71660784942787,0,0,0,0,False,True,False,False
2503407,11692.605843768635,3354.0,15.45,0.5068574836016696,56.946929039952295,0.0,20.24008695652174,0.0,0.0,178.89087656529517,0,0,0,0,False,True,False,False
2503506,9423.624259451535,16373.0,97.32,0.1649056373297502,57.032920051303975,0.006107616197398156,21.90544794188862,0.0,0.0,244.30464789592622,0,0,0,0,False,True,False,False
2503555,8993.179994650976,7478.0,58.22,5.549612195774271,37.61700989569404,0.0,24.017444444444447,0.0,0.0,26.745119015779622,0,0,0,0,False,True,False,False
2503605,9801.430061075524,6713.0,53.38,0.5660658423953523,63.65261433040369,0.014896469536719798,18.847105263157896,0.0,0.0,297.92939073439595,0,0,0,0,False,True,False,False
2503704,18615.964697526106,66171.0,112.38,157.31967175953213,69.45187468830757,25.32982726572063,43.79741858827671,87.0,131.47753547626604,377.80900998927024,1,1,1,0,False,True,False,False
2503753,15180.115273775216,2776.0,9.69,48.73919308357349,45.497118155619596,0.0,27.08929203539823,0.0,0.0,288.1844380403458,0,0,0,0,False,True,False,False
2503803,12639.50742240216,5928.0,102.8,56.68016194331984,70.3778677462888,0.0,17.278654173764906,0.0,0.0,168.69095816464238,0,0,0,0,False,True,False,False
2503902,11409.971419498252,6298.0,11.23,114.16322642108607,61.47983486821213,0.0,22.79,0.0,0.0,190.53667831057479,0,0,0,0,False,True,False,False
2504009,23472.137869410508,440939.0,708.82,140.46205937782779,72.68420348392861,34.424262766505116,82.09813489983596,636.0,144.2376383127825,371.9335327562316,1,1,1,0,False,True,False,False
2504033,10327.480604328295,7347.0,87.26,40.92827004219409,86.40261331155574,0.04083299305839118,30.0514373088685,0.0,0.0,1061.6578195181708,0,0,0,0,False,True,False,False
2504074,10425.474254742549,4059.0,8.1,1.3057403301305741,55.407735895540775,0.0,13.698363636363636,6.0,147.81966001478196,542.0054200542005,0,0,0,0,False,True,False,False
2504108,13101.394169835234,2367.0,39.14,190.62103929024082,72.91930713983946,0.0,30.913023255813957,0.0,0.0,0.0,0,0,0,0,False,True,False,False
2504157,9937.925170068029,7056.0,33.98,45.35147392290249,64.39909297052154,0.0,66.94709677419355,0.0,0.0,226.75736961451247,0,0,0,0,False,True,False,False
2504207,11613.079615048118,4572.0,8.51,56.69291338582677,49.496937882764655,0.0,25.6028125,0.0,0.0,87.48906386701663,0,0,0,0,False,True,False,False
2504306,15779.593997135562,32118.0,55.57,108.4251821408556,77.31801482034996,1.1644560682483343,18.17911716171617,18.0,56.04334018307491,180.5840961454636,1,1,1,0,False,True,False,False
2504355,11255.280407865986,5492.0,44.59,2.458120903131828,92.18863801893663,0.0,47.47238532110092,0.0,0.0,182.0830298616169,0,0,0,0,False,True,False,False
2504405,11192.43710943759,18723.0,31.45,44.5441435667361,64.62105431821823,0.0,33.40768050028425,0.0,0.0,470.0101479463761,0,0,0,0,False,True,False,False
2504504,13681.00845410628,6624.0,24.3,110.2506038647343,64.32669082125604,0.015096618357487922,38.73222091656874,0.0,0.0,362.3188405797101,0,0,0,0,False,True,False,False
2504603,43130.28466980334,29543.0,161.18,135.5854178654842,121.06421148833903,0.3621839352807772,33.628927174975566,42.0,142.16565683918355,602.5115932708255,1,1,1,0,False,True,False,False
2504702,12135.829086632692,5102.0,15.19,34.2218737749902,78.43982751862015,0.0,30.84213917525773,0.0,0.0,352.80282242257937,0,0,0,0,False,True,False,False
2504801,16670.3098967011,15005.0,39.47,20.579806731089636,68.65711429523492,0.0,18.18950248756219,0.0,0.0,106.63112295901367,0,0,0,0,False,True,False,False
2504900,10823.117733378484,17718.0,88.8,112.39981939270798,86.35286149678294,0.32170673890958346,35.53960248447205,18.0,101.5916017609211,722.4291680776612,1,1,1,0,False,True,False,False
2505006,9842.710997442457,7820.0,46.34,105.52429667519182,83.00511508951406,0.0,28.0801138952164,0.0,0.0,102.30179028132993,0,0,0,0,False,True,False,False
2505105,10935.06557782727,20205.0,26.87,119.39618906211334,81.94506310319228,0.004949269982677555,19.348548523206752,0.0,0.0,277.1591190299431,0,0,0,0,False,True,False,False
2505204,9692.05105889179,6894.0,159.89,44.35741224252973,82.81114012184509,0.01450536698578474,24.977932098765432,0.0,0.0,203.07513780098637,0,0,0,0,False,True,False,False
2505238,11546.260301663817,6431.0,58.05,0.6530866117244597,78.7902348001866,0.015549681231534754,33.07035928143713,0.0,0.0,653.0866117244597,0,0,0,0,False,True,False,False
2505279,10305.956344802073,5406.0,60.79,13.13355530891602,75.5086940436552,0.0,44.44813186813187,0.0,0.0,184.9796522382538,0,0,0,0,False,True,False,False
2505303,11539.750752041256,2327.0,10.53,63.90201976794155,54.14697034808766,0.0,29.39714285714286,0.0,0.0,171.89514396218306,0,0,0,0,False,True,False,False
2505352,9816.410056519197,5131.0,26.76,23.679594620931592,104.44357824985383,0.0,30.07710252600297,0.0,0.0,428.7663223543169,0,0,0,0,False,True,False,False
2505402,8785.5421686747,8300.0,44.32,0.3493975903614458,73.3855421686747,0.0,35.1428078817734,0.0,0.0,120.48192771084338,0,0,0,0,False,True,False,False
2505501,10511.040170258048,3759.0,60.29,20.989624900239427,93.7217345038574,0.0,34.99498470948012,0.0,0.0,478.8507581803671,0,0,0,0,False,True,False,False
2505600,9256.258746695692,6431.0,23.18,55.1236199657907,58.078059399782305,0.015549681231534754,33.77236065573771,0.0,0.0,217.69553724148656,0,0,0,0,False,True,False,False
2505709,8836.654135338345,10640.0,59.78,0.6015037593984962,65.0093984962406,0.0,21.180251256281405,0.0,0.0,394.7368421052632,0,0,0,0,False,True,False,False
2505808,13371.335504885994,3377.0,123.17,0.5330174711282203,69.82528871779687,0.029612081729345572,24.77564039408867,0.0,0.0,414.56914421083803,0,0,0,0,False,True,False,False
2505907,13672.125777923357,3053.0,12.13,33.409760890926954,64.95250573206683,0.0,13.253513513513514,0.0,0.0,655.0933508024893,0,0,0,0,False,True,False,False
2506004,21826.08695652174,32522.0,197.85,47.687719082467254,64.46098025951663,16.290511038681508,25.381063786427557,24.0,73.79619949572597,1223.786974970789,1,1,1,0,False,True,False,False
2506103,9330.88820150243,11315.0,59.7,3.163941670349094,70.8882015024304,0.0,24.171107692307693,0.0,0.0,459.56694653115335,0,0,0,0,False,True,False,False
2506202,10419.49879848953,2913.0,11.93,138.7572948849983,73.46378304153794,0.0,18.48703125,0.0,0.0,68.65774116031582,0,0,0,0,False,True,False,False
2506251,9094.6992257296,8395.0,42.51,39.04705181655748,51.34008338296605,0.34544371649791544,20.03612068965517,6.0,71.4711137581894,47.64740917212627,0,0,0,0,False,True,False,False
2506301,29728.32408583461,59836.0,353.99,87.67297279229895,72.242462731466,17.76021124406712,42.87512368537995,45.0,75.20556186910889,511.3978207099405,1,1,1,0,False,True,False,False
2506400,10712.021509941273,14133.0,40.44,160.3410457793816,73.89089365315219,0.014151277152763037,17.521861413043478,0.0,0.0,1500.0353781928818,0,0,0,0,False,True,False,False
2506509,11491.773855818128,3343.0,9.41,92.01316183069099,77.6847143284475,0.029913251570445706,24.48636612021858,0.0,0.0,239.30601256356567,0,0,0,0,False,True,False,False
2506608,10118.96040467469,5733.0,23.43,7.936507936507937,61.48613291470434,2.058259201116344,35.52370833333334,27.0,470.95761381475666,279.0859933717077,1,1,1,0,False,True,False,False
2506707,9333.649289099529,10550.0,32.7,10.985781990521327,34.04739336492891,0.018957345971563982,20.47633423180593,0.0,0.0,37.91469194312796,0,0,0,0,False,True,False,False
2506806,10740.34181458482,18197.0,67.48,74.89146562620212,64.26334011100731,0.0,26.86099378881988,0.0,0.0,230.80727592460295,0,0,0,0,False,True,False,False
2506905,14259.599508911562,23621.0,110.09,76.02557046695736,83.17598746877778,0.008467042038863722,35.137476383265856,0.0,0.0,330.2146395156852,0,0,0,0,False,True,False,False
2507002,13862.87774447055,24686.0,52.02,101.13829701045127,77.93891274406546,0.0,19.82948948948949,0.0,0.0,1085.635582921494,0,0,0,0,False,True,False,False
2507101,10855.148525244043,19054.0,126.07,18.253385115986145,58.680592001679436,0.0,16.366897689768976,0.0,0.0,178.44022252545398,0,0,0,0,False,True,False,False
2507200,14281.989644970414,10816.0,41.7,68.54659763313609,47.762573964497044,0.009245562130177515,23.56194881889764,0.0,0.0,443.7869822485207,0,0,0,0,False,True,False,False
2507309,11088.99014943376,14923.0,56.36,10.178918448033237,66.6823024860953,0.013402130938819272,29.62090909090909,0.0,0.0,201.03196408228908,0,0,0,0,False,True,False,False
2507408,9915.943530630748,7721.0,42.38,31.78344773993006,60.66571687605232,0.05180676078228209,34.69526978417266,6.0,77.71014117342312,77.71014117342312,0,0,0,0,False,True,False,False
2507507,24604.651398311427,888679.0,3970.27,163.92218112501814,104.80229644224742,46.7307092887308,116.95378229192444,2025.0,227.8663049312519,1698.025946376588,1,1,1,1,False,True,False,False
2507606,9095.072607670349,8057.0,103.02,4.219932977535063,62.03301476976542,0.0,15.58831111111111,0.0,0.0,74.46940548591287,0,0,0,0,False,True,False,False
2507705,12050.434583714548,17488.0,35.83,83.41148215919488,62.74588289112534,0.4231473010064044,26.185983772819476,12.0,68.6184812442818,308.78316559926805,1,1,0,0,False,True,False,False
2507804,13826.192516423878,7002.0,37.65,121.16538131962297,54.384461582405024,0.21422450728363324,36.41664285714285,9.0,128.53470437017995,6912.310768351899,1,0,0,1,False,True,False,False
2507903,11466.127302856028,10259.0,127.21,79.03304415635053,20.46008382883322,0.0,25.56532608695652,0.0,0.0,6101.9592552880395,0,0,0,1,False,True,False,False
2508000,9301.275239107332,9410.0,23.37,61.10520722635494,60.75451647183847,0.0,19.1555,0.0,0.0,148.7778958554729,0,0,0,0,False,True,False,False
2508109,11409.151488227457,4502.0,24.99,11.861394935584185,58.08529542425589,0.19991115059973344,22.63238235294118,6.0,133.2741003998223,399.8223011994669,0,0,0,0,False,True,False,False
2508208,10350.642927794264,8088.0,93.63,7.999505440158259,63.64985163204748,0.0,29.674624277456648,0.0,0.0,445.10385756676556,0,0,0,0,False,True,False,False
2508307,10688.052868894778,29053.0,256.24,59.18149588682752,77.2312669948026,0.013767941348569856,34.00949563318777,6.0,20.651912022854784,199.6351495542629,0,0,0,0,False,True,False,False
2508406,8981.470230862697,3292.0,29.44,21.2636695018226,66.61603888213851,0.15188335358444716,15.908690476190475,6.0,182.26002430133659,607.5334143377886,0,0,0,0,False,True,False,False
2508505,9961.958836053938,7045.0,25.76,0.8090844570617459,56.03974449964514,0.0,31.87742857142857,0.0,0.0,28.388928317955997,0,0,0,0,False,True,False,False
2508554,9664.81665014866,5045.0,111.88,5.133795837462834,39.405351833498514,0.0,26.637262931034485,0.0,0.0,79.28642220019822,0,0,0,0,False,True,False,False
2508604,17118.211844227666,13019.0,133.9,71.66449036024272,78.16268530609109,8.817881557723327,27.501465517241375,15.0,115.21622244412013,1551.5784622474844,1,1,1,0,False,True,False,False
2508703,10677.704194260486,3624.0,15.67,0.30353200883002207,32.643487858719645,0.02759381898454746,23.558957055214723,0.0,0.0,1986.7549668874171,0,0,0,1,False,True,False,False
2508802,12773.765777280716,6259.0,35.15,24.508707461255792,74.53267295095063,0.5591947595462534,40.40449122807018,0.0,0.0,287.58587633807315,0,0,0,0,False,True,False,False
2508901,17287.548962948695,46719.0,132.17,107.18765384533059,90.40219182773603,5.430338834307241,25.67318106035345,39.0,83.47781416554292,1224.3412744279628,1,1,1,0,False,True,False,False
2509008,9497.476635514018,10700.0,29.64,61.09345794392523,56.0,0.009345794392523364,42.376509240246406,0.0,0.0,242.99065420560748,0,0,0,0,False,True,False,False
2509057,11034.4462109168,9435.0,73.36,3.158452570217276,47.291997880233176,0.0,13.537591687041564,0.0,0.0,42.39533651298357,0,0,0,0,False,True,False,False
2509107,10959.775829341046,22126.0,138.55,42.32125101690319,72.60688782427913,10.132875350266655,26.79561909497762,6.0,27.11741842176625,370.6047184308054,0,0,0,0,False,True,False,False
2509156,11803.30459770115,6960.0,95.85,121.60919540229885,155.57471264367817,1.4798850574712643,42.981538461538456,0.0,0.0,402.2988505747126,0,0,0,0,False,True,False,False
2509206,8904.745670257738,14666.0,67.52,39.5199781808264,64.80976408018546,0.02045547524887495,28.84260184682238,0.0,0.0,204.5547524887495,0,0,0,0,False,True,False,False
2509305,26776.470588235294,8585.0,45.19,47.33838089691322,81.14152591729761,0.151426907396622,29.56991554054054,0.0,0.0,2469.4234129295282,0,0,0,1,False,True,False,False
2509339,11427.877507919746,4735.0,125.16,3.273495248152059,52.0168954593453,6.04012671594509,39.79547297297297,6.0,126.71594508975713,168.9545934530095,0,0,0,0,False,True,False,False
2509370,12313.271604938273,2592.0,29.82,65.12345679012346,79.78395061728395,0.0,25.238666666666667,6.0,231.4814814814815,385.8024691358025,0,0,0,0,False,True,False,False
2509396,9279.916129998504,6677.0,77.46,31.6759023513554,133.05376666167442,0.0,15.307247191011236,0.0,0.0,6440.017972143178,0,0,0,1,False,True,False,False
2509404,11449.6,14375.0,64.92,68.11130434782609,63.59652173913044,0.01391304347826087,18.66679296346414,0.0,0.0,222.6086956521739,0,0,0,0,False,True,False,False
2509503,9108.170310701957,6083.0,182.81,32.00723327305606,93.52293276343909,0.0,25.542803738317755,0.0,0.0,197.27108334703271,0,0,0,0,False,True,False,False
2509602,10862.006764374297,4435.0,37.12,88.47801578354002,64.12626832018039,0.0,26.83564245810056,0.0,0.0,450.9582863585118,0,0,0,0,False,True,False,False
2509701,18863.37502222749,33742.0,32.52,96.25392685673641,85.59658585738842,0.008890996384328137,31.04042395859009,0.0,0.0,284.5118842985004,0,0,0,0,False,True,False,False
2509800,11016.992733370598,8945.0,46.95,6.271660145332588,62.2023476802683,0.4136389044158748,24.43676339285714,0.0,0.0,469.5360536612633,0,0,0,0,False,True,False,False
2509909,10610.051031728422,9014.0,44.24,55.77989793654316,37.59707122254271,0.0,15.676666666666666,0.0,0.0,88.75083203905037,0,0,0,0,False,True,False,False
2510006,8955.357142857143,7392.0,37.28,39.84036796536797,52.12391774891775,0.040584415584415584,25.35595652173913,0.0,0.0,162.33766233766235,0,0,0,0,False,True,False,False
2510105,10099.959530554432,9884.0,204.41,140.58073654390935,98.65439093484419,11.22015378389316,39.885990783410136,6.0,60.70416835289357,870.0930797248078,0,0,0,0,False,True,False,False
2510204,9810.966322558808,5909.0,70.99,64.74868844136064,71.60264004061601,0.0,42.51118243243243,0.0,0.0,101.5400236926722,0,0,0,0,False,True,False,False
2510303,11258.826226501606,4362.0,13.53,124.828060522696,62.63182026593306,0.0,9.67031055900621,0.0,0.0,733.6084364970197,0,0,0,0,False,True,False,False
2510402,10148.58451971854,6111.0,10.44,50.8100147275405,51.59548355424644,0.0,34.29189090909091,0.0,0.0,196.36720667648504,0,0,0,0,False,True,False,False
2510501,11884.594447468698,3674.0,11.38,69.21611322808927,70.98530212302667,0.0,18.2998275862069,3.0,81.65487207403375,272.18290691344583,0,0,0,0,False,True,False,False
2510600,12798.865910607072,2998.0,22.78,0.266844563042028,80.95396931287524,0.0,24.513706293706296,0.0,0.0,600.400266844563,0,0,0,0,False,True,False,False
2510659,12305.539691604798,1751.0,8.28,0.34266133637921187,67.73272415762422,0.0,15.197313432835822,0.0,0.0,342.6613363792119,0,0,0,0,False,True,False,False
2510709,11293.91100702576,2562.0,19.96,1.366120218579235,66.93989071038251,0.039032006245121,18.758727272727278,0.0,0.0,624.5120999219359,0,0,0,0,False,True,False,False
2510808,18541.596303375583,107774.0,218.16,175.0923228236866,70.00668064653813,31.692244882810325,74.74684319031053,141.0,130.82932803830238,1334.2735724757363,1,1,1,0,False,True,False,False
2510907,12959.375,12160.0,20.5,8.486842105263158,60.016447368421055,0.13157894736842105,25.54345177664975,0.0,0.0,460.5263157894737,0,0,0,0,False,True,False,False
2511004,9768.070722828914,3846.0,31.99,75.11700468018721,63.338533541341654,0.0,25.55879120879121,0.0,0.0,312.01248049922,0,0,0,0,False,True,False,False
2511103,11471.277507859388,6998.0,20.44,74.60703058016576,43.49814232637897,0.0,17.525942028985508,0.0,0.0,485.8531008859674,0,0,0,0,False,True,False,False
2511202,21089.047252182845,31152.0,72.93,45.70814072932717,23.36286594761171,0.0064201335387776065,24.540582502266545,0.0,0.0,2356.189008731382,0,0,0,1,False,True,False,False
2511301,12168.999176761145,17006.0,28.49,50.93496413030695,65.57097495001764,0.0,26.130075131480087,0.0,0.0,1281.9005057038692,0,0,0,0,False,True,False,False
2511400,11347.544465091583,18835.0,27.46,137.78072736925935,58.794796920626496,0.0,22.668,0.0,0.0,807.0082293602336,0,0,0,0,False,True,False,False
2511509,9534.177017420514,12801.0,119.17,64.64338723537223,58.05015233184908,0.0,25.629748251748254,0.0,0.0,359.34692602140456,0,0,0,0,False,True,False,False
2511608,13699.527152887233,6979.0,103.93,1.0173377274681186,62.10058747671586,10.631895687061183,36.512071651090345,21.0,300.90270812437313,200.60180541624874,1,1,1,0,False,True,False,False
2511707,9307.943416757344,5514.0,130.27,89.1911498005078,65.7417482771128,0.0,17.406426799007445,0.0,0.0,398.98440333696044,0,0,0,0,False,True,False,False
2511806,10069.398964825185,9467.0,115.78,39.86479349318686,92.73265025879371,0.0,19.26671809256662,0.0,0.0,232.38618358508504,0,0,0,0,False,True,False,False
2511905,25128.4082964344,17164.0,123.35,84.10626893498019,65.5499883477045,3.5656024236774644,32.53418443002781,3.0,17.478443253320904,664.1808436261944,0,0,0,0,False,True,False,False
2512002,15843.857698721513,17990.0,28.0,94.14118954974987,72.56253474152307,0.005558643690939411,20.51932891143192,9.0,50.0277932184547,311.284046692607,1,0,0,0,False,True,False,False
2512036,10253.81485249237,3932.0,39.18,43.743641912512714,42.54832146490336,1.195320447609359,24.63117647058824,6.0,152.5940996948118,50.8646998982706,0,0,0,0,False,True,False,False
2512077,11391.26213592233,4120.0,42.33,160.65533980582524,58.66504854368932,0.04854368932038835,19.392702702702703,0.0,0.0,145.63106796116506,0,0,0,0,False,True,False,False
2512101,13806.249260267488,33796.0,36.32,143.6708486211386,78.45011243934194,0.991241567049355,14.074987908101573,21.0,62.13753106876553,159.78222274825424,1,1,1,0,False,True,False,False
2512200,16094.859697044947,4027.0,19.4,69.08368512540352,67.74273652843307,0.0,27.128913043478263,6.0,148.99428855227217,99.32952570151477,0,0,0,0,False,True,False,False
2512309,12325.315111500991,21659.0,57.29,99.45057481878203,75.36359019345306,0.009234036659125536,19.04733674048836,0.0,0.0,249.3189897963895,0,0,0,0,False,True,False,False
2512408,9306.12657545326,14837.0,200.75,46.269461481431556,72.68989687942306,0.013479813978567096,26.93437735849057,0.0,0.0,431.35404731414707,0,0,0,0,False,True,False,False
2512507,12094.376070418608,50214.0,118.33,33.375154339427255,90.52256342852591,4.556498187756403,25.68219373219373,30.0,59.7442944198829,223.0453658342295,1,1,1,0,False,True,False,False
2512606,14915.461624026697,1798.0,11.84,13.348164627363737,63.84872080088988,0.05561735261401557,19.98476923076923,0.0,0.0,333.70411568409344,0,0,0,0,False,True,False,False
2512705,9885.865128177216,18373.0,97.49,104.63179665813966,85.1902247863713,0.010885538562020356,12.083743040685226,0.0,0.0,152.39753986828498,0,0,0,0,False,True,False,False
2512721,9669.535864978903,5925.0,77.69,6.1265822784810124,84.62447257383967,0.0,34.24990033222591,0.0,0.0,708.8607594936709,0,0,0,0,False,True,False,False
2512747,12335.35762483131,2964.0,34.32,55.364372469635626,58.87314439946019,0.0,41.58514450867052,0.0,0.0,202.42914979757086,0,0,0,0,False,True,False,False
2512754,10293.007996719294,4877.0,116.43,7.525117900348575,94.85339347959811,0.02050440844781628,27.823932584269663,3.0,61.513225343448845,205.0440844781628,0,0,0,0,False,True,False,False
2512762,11389.809947432268,4946.0,117.1,41.528507885159726,18.560452891225232,0.020218358269308533,26.374297520661155,0.0,0.0,121.31014961585119,0,0,0,0,False,True,False,False
2512788,14978.473581213308,2044.0,20.87,47.4559686888454,60.51859099804305,0.0,15.433548387096774,0.0,0.0,0.0,0,0,0,0,False,True,False,False
2512804,10597.35220269345,8762.0,32.35,22.631819219356313,59.872175302442365,0.022825838849577722,16.54265306122449,0.0,0.0,159.78087194704406,0,0,0,0,False,True,False,False
2512903,12732.062691974485,25394.0,52.84,110.71906749625896,66.53540206347957,0.287469480979759,17.63413640032284,12.0,47.255257147357646,456.8008190911239,1,1,0,0,False,True,False,False
2513000,9750.654640675008,3437.0,18.74,105.35350596450392,56.764620308408496,0.02909514111143439,29.914909090909088,0.0,0.0,116.38056444573756,0,0,0,0,False,True,False,False
2513109,10974.234693877552,11760.0,56.38,66.28401360544218,44.566326530612244,0.0,18.34110749185668,0.0,0.0,1139.455782312925,0,0,0,0,False,True,False,False
2513158,8196.488606649234,8031.0,35.25,21.441912588718715,80.762047067613,0.0,39.446291946308726,0.0,0.0,99.61399576640518,0,0,0,0,False,True,False,False
2513208,10317.662638635988,6041.0,27.32,31.733156762125475,58.23539149147492,0.26485681178612813,13.898295454545456,6.0,99.32130441979805,397.2852176791922,0,0,0,0,False,True,False,False
2513307,10363.289036544851,6020.0,27.78,61.926910299003325,52.22591362126246,0.2823920265780731,16.915463917525773,6.0,99.66777408637874,33.222591362126245,0,0,0,0,False,True,False,False
2513356,11253.817959682348,3274.0,9.85,59.40745265729994,67.5320708613317,0.0,33.8644099378882,0.0,0.0,122.17470983506414,0,0,0,0,False,True,False,False
2513406,24234.9385845194,15387.0,33.94,156.71670891011894,70.7285370767531,13.121466172743224,24.72182112505059,39.0,253.46071358939363,272.9576915578085,1,1,1,0,False,True,False,False
2513505,10020.368194281238,5106.0,12.37,6.560908734821778,44.28123775949863,0.0,32.36685714285714,0.0,0.0,78.33920877399139,0,0,0,0,False,True,False,False
2513604,10138.350608382154,6657.0,18.17,24.185068349106203,44.50953883130539,0.0,20.520474576271187,0.0,0.0,480.6970106654649,0,0,0,0,False,True,False,False
2513653,12692.632386799693,2606.0,35.36,124.86569455103607,71.4888718342287,0.11511895625479662,31.267916666666668,0.0,0.0,306.98388334612434,0,0,0,0,False,True,False,False
2513703,16217.796519629715,159121.0,208.62,92.67035777804313,62.091113052331245,19.17534454911671,69.4396706838565,159.0,99.92395724008773,912.5131189472163,1,1,1,0,False,True,False,False
2513802,12734.385418981996,4499.0,12.25,41.47588352967326,55.50122249388753,0.06668148477439431,14.789402985074627,0.0,0.0,266.7259390975772,0,0,0,0,False,True,False,False
2513851,10896.0029607698,2702.0,13.26,16.173205033308662,83.64174685418209,0.0,13.572105263157894,0.0,0.0,444.1154700222058,0,0,0,0,False,True,False,False
2513901,16876.290801186944,33700.0,131.12,94.20178041543026,69.33234421364985,18.35311572700297,20.41639186295503,27.0,80.1186943620178,189.91097922848664,1,1,1,0,False,True,False,False
2513927,12440.643863179075,4473.0,21.67,47.820254862508385,96.82539682539682,0.8718980549966465,43.76258706467662,0.0,0.0,4068.8575899843504,0,0,0,1,False,True,False,False
2513943,10770.17937219731,2676.0,11.05,0.5979073243647235,77.01793721973094,0.0,52.51242424242424,0.0,0.0,149.47683109118086,0,0,0,0,False,True,False,False
2513968,13759.48406676783,2636.0,15.23,0.2276176024279211,72.45827010622155,0.03793626707132018,17.003666666666668,6.0,227.6176024279211,227.6176024279211,0,0,0,0,False,True,False,False
2513984,12321.316614420062,3190.0,34.58,42.63322884012539,75.36050156739812,0.31347962382445144,13.145625,6.0,188.08777429467085,250.78369905956112,0,0,0,0,False,True,False,False
2514008,12779.54388389772,4341.0,6.89,38.76986869384935,54.54964293941488,0.09214466712739,11.20625,6.0,138.217000691085,552.86800276434,0,0,0,0,False,True,False,False
2514107,9398.120559248224,4363.0,5.25,8.68668347467339,29.49805179922072,0.0,43.6988,0.0,0.0,412.560165024066,0,0,0,0,False,True,False,False
2514206,9930.12379642366,7270.0,21.35,33.31499312242091,68.52819807427785,0.0,38.19797235023041,0.0,0.0,247.59284731774414,0,0,0,0,False,True,False,False
2514305,11070.747217806042,5032.0,27.47,96.91971383147853,71.62162162162163,0.0,19.393707571801567,0.0,0.0,1311.6057233704294,0,0,0,0,False,True,False,False
2514404,13426.445474505976,4099.0,5.62,36.47231031959014,47.962917784825564,0.024396194193705784,14.12659420289855,0.0,0.0,731.8858258111735,0,0,0,0,False,True,False,False
2514453,14213.431613431614,6105.0,58.53,28.796068796068795,44.81572481572481,0.0,12.853229974160206,0.0,0.0,65.52006552006551,0,0,0,0,False,True,False,False
2514503,11811.374795417349,19552.0,27.76,87.83244680851064,47.9490589198036,10.6689852700491,32.4217793594306,12.0,61.37479541734861,358.01963993453353,1,1,0,0,False,True,False,False
2514552,10077.741649423588,3383.0,21.61,33.875258646172036,42.950044339343776,0.0,25.350444444444445,0.0,0.0,768.5486254803429,0,0,0,0,False,True,False,False
2514602,9748.274827482748,3333.0,21.1,0.36003600360036003,63.66636663666367,0.12001200120012001,26.514615384615382,0.0,0.0,360.03600360036006,0,0,0,0,False,True,False,False
2514651,16685.354691075514,1748.0,6.69,20.823798627002287,77.4599542334096,0.8581235697940504,39.58559139784946,6.0,343.24942791762015,572.0823798627002,0,0,0,0,False,True,False,False
2514701,29344.96487119438,4270.0,19.38,96.97892271662764,56.276346604215455,0.0234192037470726,37.27031339031339,0.0,0.0,93.6768149882904,0,0,0,0,False,True,False,False
2514800,10661.197466896949,3474.0,9.06,0.17271157167530224,66.9545192861255,0.0,29.23907692307692,0.0,0.0,115.14104778353483,0,0,0,0,False,True,False,False
2514909,10810.340314136123,7640.0,14.0,107.39528795811518,67.5130890052356,1.1649214659685865,58.168380062305296,6.0,78.53403141361257,811.5183246073299,0,0,0,0,False,True,False,False
2515005,11385.480993550158,7287.0,76.46,76.01207630026074,63.908329902566216,0.013723068478111706,21.204895104895105,0.0,0.0,54.892273912446825,0,0,0,0,False,True,False,False
2515104,9329.608446986362,11365.0,238.07,276.3484381874175,27.470303563572372,0.0,24.47931612903226,0.0,0.0,35.19577650681918,0,0,0,0,False,True,False,False
2515203,11995.556872037914,3376.0,7.06,75.97748815165876,88.24052132701422,0.0,25.82185873605948,0.0,0.0,296.2085308056872,0,0,0,0,False,True,False,False
2515302,12715.639010298448,53309.0,163.56,42.437487103490966,70.75915886623272,0.18758558592357763,31.5789871668312,27.0,50.64810819936596,311.39207263313887,1,1,1,0,False,True,False,False
2515401,8477.871939736346,10620.0,39.17,61.73258003766478,59.76459510357815,0.0,37.00507246376812,0.0,0.0,37.664783427495294,0,0,0,0,False,True,False,False
2515500,10520.4973357016,14075.0,19.5,97.55595026642985,63.43161634103019,0.0,14.736120460584589,0.0,0.0,539.9644760213143,0,0,0,0,False,True,False,False
2515609,11735.29411764706,3162.0,97.67,0.5692599620493358,83.23845667299177,0.0,30.52746113989637,0.0,0.0,759.0132827324478,0,0,0,0,False,True,False,False
2515708,10927.04567860664,3043.0,45.72,186.55931646401578,90.7985540584949,0.0,52.51216326530612,0.0,0.0,131.44922773578705,0,0,0,0,False,True,False,False
2515807,10203.03550973654,6984.0,123.7,50.32932416953035,70.58991981672393,0.0,15.799267605633805,0.0,0.0,229.0950744558992,0,0,0,0,False,True,False,False
2515906,14010.746021905352,4839.0,75.08,5.517668939863608,89.27464352138871,0.041330853482124404,19.892589285714287,0.0,0.0,289.31597437487085,0,0,0,0,False,True,False,False
2515930,10417.834153729647,5282.0,155.72,7.175312381673608,80.08330177962893,0.0,17.953546875,0.0,0.0,340.7800075728891,0,0,0,0,False,True,False,False
2515971,13182.072502622685,8579.0,132.94,30.096747872712438,110.86373703228814,0.011656370206317752,35.01406047516198,0.0,0.0,209.81466371371954,0,0,0,0,False,True,False,False
2516003,12745.324155825436,27749.0,114.89,87.0553893834012,78.1541677177556,2.7892897041334823,29.220896350364967,18.0,64.8672024217089,418.0330822732351,1,1,1,0,False,True,False,False
2516102,17623.32243932967,14381.0,24.16,97.80960990195396,76.71232876712328,0.5980112648633614,16.988557077625572,9.0,62.58257422988665,611.918503581114,1,0,0,0,False,True,False,False
2516151,11207.45449292112,3461.0,22.71,117.33603004911875,75.49841086391217,0.0,30.60316363636364,0.0,0.0,231.14706732158336,0,0,0,0,False,True,False,False
2516201,18893.082031026388,69876.0,92.33,103.7910012021295,70.80113343637301,7.514740397275173,35.001665857801505,33.0,47.22651554181693,1648.634724368882,1,1,1,1,False,True,False,False
2516300,11350.166075550302,17763.0,20.6,112.85255868941057,87.6878905590272,0.0,28.92680718188915,0.0,0.0,990.8236221359005,0,0,0,0,False,True,False,False
2516409,11578.64885303756,7934.0,32.66,34.711368792538444,36.37509452987144,0.0,57.70206289308176,0.0,0.0,176.45576002016637,0,0,0,0,False,True,False,False
2516508,9703.742348358375,14376.0,22.39,104.50751252086812,63.87729549248748,0.0,10.04911724137931,0.0,0.0,612.1313299944352,0,0,0,0,False,True,False,False
2516607,9693.791482300883,14464.0,58.88,152.9728982300885,59.630807522123895,0.013827433628318585,12.290225140712945,30.0,207.41150442477877,165.92920353982302,1,1,1,0,False,True,False,False
2516706,11235.976660920302,15082.0,94.12,40.505238032091235,67.8490916324095,0.006630420368651372,9.152559652928415,0.0,0.0,225.43429253414666,0,0,0,0,False,True,False,False
2516755,11298.468556533073,3069.0,33.92,81.16650374714891,98.76181166503747,0.06516780710329098,29.212556390977443,0.0,0.0,65.16780710329097,0,0,0,0,False,True,False,False
2516805,8548.786431426064,10259.0,44.09,106.64782142509017,48.913149429768985,0.04873769373233259,37.29299426934097,0.0,0.0,194.95077492933035,0,0,0,0,False,True,False,False
2516904,12548.485636292731,15386.0,50.92,95.19693227609515,67.63941245287924,1.1958923696867283,15.258698315467075,0.0,0.0,155.98596126348627,0,0,0,0,False,True,False,False
2517001,9811.86841539454,9302.0,49.17,18.26488927112449,84.84196946893141,0.0,32.78152000000001,0.0,0.0,322.51128789507635,0,0,0,0,False,True,False,False
2517100,13629.884225759768,2764.0,13.95,142.51085383502172,69.82633863965268,0.0361794500723589,44.640701754385965,0.0,0.0,1664.2547033285093,0,0,0,1,False,True,False,False
2517209,10625.452352231605,4974.0,33.07,51.4475271411339,58.966626457579416,0.04020908725371934,17.66860465116279,0.0,0.0,80.41817450743868,0,0,0,0,False,True,False,False
2517407,11709.09090909091,2310.0,20.86,60.73593073593074,71.42857142857143,0.0,23.348970588235293,0.0,0.0,952.3809523809524,0,0,0,0,False,True,False,False
2600054,16588.17643946318,103945.0,779.07,48.86622733176199,76.0594545192169,27.067198999470875,63.39924934455637,81.0,77.92582615806437,169.32031362739912,1,1,1,0,False,True,False,False
2600104,12776.56990591176,42407.0,106.54,62.75143254651355,88.16704789303652,4.713844412479072,45.088979907264296,6.0,14.14860754120782,419.74202372249863,0,0,0,0,False,True,False,False
2600203,10843.712853377436,19349.0,12.53,31.66571915861285,54.85037986459248,0.0,34.23700869565217,0.0,0.0,413.4580598480542,0,0,0,0,False,True,False,False
2600302,14335.080235628682,24615.0,118.68,87.98699979687183,75.58805606337599,0.008125126955108674,26.45690594059406,0.0,0.0,292.50457038391227,0,0,0,0,False,True,False,False
2600401,9546.526578744351,27221.0,49.74,29.78215348444216,52.768083464971895,0.0,32.70759001782531,0.0,0.0,213.07079093347048,0,0,0,0,False,True,False,False
2600500,9176.011712762796,43713.0,46.89,57.408551231898976,63.49140987806831,0.004575297966280054,30.03440540540541,0.0,0.0,114.38244915700135,0,0,0,0,False,True,False,False
2600609,10097.17868338558,14355.0,63.2,95.07488679902472,65.34308603274121,0.0,39.977550585729496,0.0,0.0,83.59456635318705,0,0,0,0,False,True,False,False
2600708,11059.45627742695,37372.0,131.03,62.76356630632559,67.0716044097185,0.0,27.722,0.0,0.0,90.97720218345285,0,0,0,0,False,True,False,False
2600807,10506.915270238376,21185.0,45.92,69.36983714892612,60.6702855794194,0.0,35.30142392717815,0.0,0.0,103.84706160018881,0,0,0,0,False,True,False,False
2600906,15938.877158789452,18471.0,78.05,59.536570840777436,70.46180499160847,0.0,29.99501637554585,0.0,0.0,205.72789778571814,0,0,0,0,False,True,False,False
2601003,13446.124763705104,10580.0,86.72,74.74480151228734,72.882797731569,0.0,30.086756425948597,0.0,0.0,396.97542533081287,0,0,0,0,False,True,False,False
2601052,8120.184590690209,19936.0,199.7,0.18559390048154092,78.52628410914927,2.7237158908507224,30.13812199036918,3.0,15.048154093097914,421.34831460674155,0,0,0,0,False,True,False,False
2601102,14118.04137441179,90104.0,41.76,111.23923466216816,65.72960134955163,4.266181301607032,37.931142801328384,54.0,59.93074669271065,244.162301340673,1,1,1,0,False,True,False,False
2601201,14821.20166335378,82003.0,226.04,62.50015243344755,88.22604051071302,3.5010914234845067,33.24664530225783,66.0,80.48486030998866,365.8402741363121,1,1,1,0,False,True,False,False
2601300,11647.352568167407,12616.0,103.36,108.00570703868104,64.48953709575143,0.1664552948636652,34.06349529780564,6.0,47.55865567533291,63.41154090044388,0,0,0,0,False,True,False,False
2601409,11983.735971086173,42056.0,171.87,73.20001902225604,80.06229788852959,0.0,32.433889027121175,3.0,7.133346014837359,156.93361232642192,0,0,0,0,False,True,False,False
2601508,9188.198356265582,10829.0,141.88,8.45876812263367,63.256071659433005,0.0,30.41984981226533,6.0,55.406778095853724,55.406778095853724,0,0,0,0,False,True,False,False
2601607,19574.25319296745,18713.0,10.0,154.22967990167263,92.35825362047774,0.0,38.16492788461539,0.0,0.0,1239.7798322022124,0,0,0,0,False,True,False,False
2601706,33056.009181441055,83647.0,122.8,139.75755257211856,64.51157841883152,20.364149341877173,23.089660586208844,69.0,82.48950948629358,107.59501237342643,1,1,1,0,False,True,False,False
2601805,8789.500041732743,11981.0,9.03,84.45037976796594,59.91152658375761,0.0,37.16111111111111,0.0,0.0,250.3964610633503,0,0,0,0,False,True,False,False
2601904,14856.362542239503,64809.0,125.23,150.6827755404342,71.56876359764847,16.113502754247094,29.12489205587696,78.0,120.35365458501134,311.68510546374733,1,1,1,0,False,True,False,False
2602001,8774.391762849787,36129.0,21.26,18.206980541946912,49.95156245675219,3.9635749674776495,37.697438302073046,18.0,49.82147305488665,171.60729607794292,1,1,1,0,False,True,False,False
2602100,13923.428299272602,46192.0,55.91,56.165569795635605,68.6655697956356,0.2013335642535504,24.17219738506959,30.0,64.94631104953238,155.87114651887774,1,1,1,0,False,True,False,False
2602209,9343.347420948114,39278.0,167.91,21.116146443301595,55.636743215031316,0.0025459544783339276,29.645775673707213,0.0,0.0,122.20581496002852,0,0,0,0,False,True,False,False
2602308,13771.672241656666,39163.0,95.31,106.01077547685315,69.5528943135102,0.005106861067844649,24.76916748768473,0.0,0.0,168.52641523887343,0,0,0,0,False,True,False,False
2602407,19542.39812746037,9399.0,56.82,17.50186190020215,56.197467815725076,0.0,24.770192307692305,0.0,0.0,553.2503457814661,0,0,0,0,False,True,False,False
2602506,10471.785268414482,8010.0,72.8,0.5368289637952559,47.12858926342072,7.627965043695381,28.70764285714285,6.0,74.90636704119851,174.78152309612983,0,0,0,0,False,True,False,False
2602605,9027.276106991214,51107.0,63.81,60.044612284031544,48.64304302737394,0.0,26.78082894736842,21.0,41.090261607998904,242.62821139961258,1,1,1,0,False,True,False,False
2602704,10046.174739701222,13254.0,137.44,36.13248830541723,61.762486796438814,0.0,27.167263107263107,0.0,0.0,105.62848951259997,0,0,0,0,False,True,False,False
2602803,10087.5516766192,54425.0,38.98,54.89389067524116,54.28020211299954,0.0018373909049150207,24.36343534057256,3.0,5.512172714745062,161.69039963252183,0,0,0,0,False,True,False,False
2602902,63172.107536099626,216969.0,456.77,91.79468034604022,76.63583276873655,32.7092810493665,104.65843622909212,258.0,118.9109965018044,937.4611119560859,1,1,1,0,False,True,False,False
2603009,13887.198387198388,31746.0,18.26,92.62899262899263,81.43073143073143,0.9513009513009513,20.49336241078509,6.0,18.9000189000189,535.5005355005355,0,0,0,0,False,True,False,False
2603108,12340.82088104017,20612.0,111.01,47.29769066563167,85.66369105375509,0.0,27.532151189920672,0.0,0.0,126.14011255579274,0,0,0,0,False,True,False,False
2603207,13919.614992937157,30441.0,97.74,68.15479123550475,32.20656351631024,0.0,31.479361091170137,0.0,0.0,124.8316415360862,0,0,0,0,False,True,False,False
2603306,10074.180865006552,11445.0,90.97,36.400174748798605,49.628658802970726,0.0,25.83069182389937,0.0,0.0,17.47487986020096,0,0,0,0,False,True,False,False
2603405,9372.08869014347,5367.0,29.16,17.08589528600708,83.52897335569219,0.0,21.94255520504732,3.0,55.89714924538848,74.52953232718464,0,0,0,0,False,True,False,False
2603454,14313.832484865605,155771.0,2879.35,99.52686957135795,75.8247684100378,31.26255849933556,73.64940082750167,162.0,103.99881877884843,202.86189342046978,1,1,1,0,False,True,False,False
2603504,10069.534767383691,17991.0,241.9,114.4739036184759,85.45383803012618,0.0,28.750510534846025,0.0,0.0,188.9833805791785,0,0,0,0,False,True,False,False
2603603,35796.412443552435,7972.0,198.13,121.37481184144505,88.72303060712494,0.025087807325639738,27.39117715617716,6.0,75.26342197691922,476.668339187155,0,0,0,0,False,True,False,False
2603702,10090.514149063372,25090.0,57.49,62.34356317257872,61.47469111199681,0.0,22.552719132893497,0.0,0.0,191.31127939418096,0,0,0,0,False,True,False,False
2603801,12919.74589730016,18890.0,54.39,71.6569613552144,68.69772366331392,0.0,33.10833941605839,0.0,0.0,84.70089994706194,0,0,0,0,False,True,False,False
2603900,9918.823348536873,19513.0,43.58,37.68769538256547,46.92768923281915,0.0,36.68034090909091,0.0,0.0,174.24281248398503,0,0,0,0,False,True,False,False
2603926,6578.063396940545,12682.0,12.18,41.20012616306576,37.74641223781738,0.0,48.41825396825397,0.0,0.0,394.25958050780633,0,0,0,0,False,True,False,False
2604007,20971.275764677604,83205.0,539.35,99.61660957875128,78.62267892554534,24.890331109909262,29.728732918311568,18.0,21.63331530557058,3934.8596839132265,1,1,1,1,False,True,False,False
2604106,21535.521638618902,402290.0,409.52,95.32501429317159,76.5897735464466,35.50945835094086,83.12963266912526,597.0,148.4004076661115,305.25242983917076,1,1,1,0,False,True,False,False
2604155,7526.206538661131,13489.0,111.91,33.27896804803914,18.288976202831936,0.0,21.044128919860626,0.0,0.0,74.13447994662317,0,0,0,0,False,True,False,False
2604205,10834.640463956248,33279.0,154.16,9.97325640794495,68.26527239400222,0.012019591934853812,37.43517594369802,6.0,18.029387902280718,366.59755401304125,0,0,0,0,False,True,False,False
2604304,11563.024435223606,10845.0,70.71,115.10373443983403,78.17427385892117,0.027662517289073305,32.67483159117305,3.0,27.662517289073307,202.8584601198709,0,0,0,0,False,True,False,False
2604403,12536.810043830325,13461.0,263.22,2.9789763019092192,73.99895995839833,0.3268702176658495,21.11616129032258,6.0,44.573211499888565,148.57737166629522,0,0,0,0,False,True,False,False
2604502,11835.327930644553,21224.0,242.32,106.65755748209574,70.77365246890312,0.18846588767433095,20.130532247964933,6.0,28.269883151149642,254.42894836034677,0,0,0,0,False,True,False,False
2604601,9885.159358625851,25383.0,274.27,118.19327896623724,80.45936256549659,0.003939644644053107,33.31148081100652,0.0,0.0,181.22365362644288,0,0,0,0,False,True,False,False
2604700,10872.933182332956,17660.0,53.91,24.479048697621742,59.699886749716875,0.0,42.26582582582583,0.0,0.0,237.8255945639864,0,0,0,0,False,True,False,False
2604809,11558.409436834094,10512.0,99.15,15.40144596651446,62.3382800608828,0.0,18.11372340425532,0.0,0.0,0.0,0,0,0,0,False,True,False,False
2604908,6722.864878168841,16252.0,54.48,59.50036918533104,47.27418163918287,0.06768397735663303,41.20253576072822,0.0,0.0,98.44942160964804,0,0,0,0,False,True,False,False
2605004,11669.314019999178,24301.0,247.15,111.05304308464672,79.81564544668943,0.0,23.323831435079725,0.0,0.0,148.14205176741697,0,0,0,0,False,True,False,False
2605103,15071.948836383017,39403.0,26.85,62.0409613481207,65.31482374438494,5.1062101870415955,22.248982005141382,42.0,106.59086871558003,532.9543435779002,1,1,1,0,False,True,False,False
2605152,13861.231618682745,17749.0,11.17,75.94230660882303,75.8690630458054,0.0,21.08753943217665,0.0,0.0,214.09656882077863,0,0,0,0,False,True,False,False
2605202,20986.16911906445,62252.0,174.82,104.44323073957463,68.73674741373772,17.42915890252522,28.043434984142472,15.0,24.095611385979566,514.039709567564,1,1,1,0,False,True,False,False
2605301,9723.561430793156,33436.0,23.82,13.981935638234239,61.735853571001314,0.0029907883718148106,29.320960591133005,9.0,26.917095346333294,215.33676277066635,1,0,0,0,False,True,False,False
2605400,11166.493752537326,22169.0,198.9,35.80224638008029,66.65163065541974,9.111822815643466,33.80154916512059,12.0,54.129640488971084,153.3673147187514,1,1,0,0,False,True,False,False
2605459,69228.287092883,3316.0,170.19,10.735826296743063,131.66465621230398,129.94571773220747,22.63457251644168,45.0,1357.0566948130277,2834.7406513872133,1,1,1,1,False,True,False,False
2605509,8389.451690515385,15794.0,162.42,65.08800810434342,52.60858553881221,0.0,28.771113195747343,6.0,37.98910978852729,253.26073192351527,0,0,0,0,False,True,False,False
2605608,9258.555315574757,20835.0,20.44,26.215502759779216,52.05183585313175,0.01919846412287017,29.898171091445427,12.0,57.59539236861051,710.3431725461963,1,1,0,0,False,True,False,False
2605707,14076.9911784235,31627.0,8.36,100.0189711322604,75.11619818509502,0.0,27.387811074918567,6.0,18.97113226041041,335.1566699339172,0,0,0,0,False,True,False,False
2605806,9341.933191186925,14070.0,64.11,26.68088130774698,75.45131485429992,0.014214641080312722,29.452522123893807,0.0,0.0,199.00497512437812,0,0,0,0,False,True,False,False
2605905,15259.444722639517,17973.0,70.66,68.33583708896678,67.11177877928003,0.0,18.07752740560292,0.0,0.0,567.5179435820397,0,0,0,0,False,True,False,False
2606002,20369.591696234707,151064.0,310.77,122.54872107186358,75.64409786580522,30.465895249695492,59.36376542064743,300.0,198.5913255309008,664.6189694434147,1,1,1,0,False,True,False,False
2606101,18261.96904840303,30370.0,125.04,21.708923279552188,65.03786631544287,0.0,22.473726726726724,0.0,0.0,171.22160026341786,0,0,0,0,False,True,False,False
2606200,125210.94410521373,85160.0,181.98,161.0697510568342,89.6618130577736,18.445279473931425,38.11537910608508,45.0,52.84170972287459,8395.96054485674,1,1,1,1,False,True,False,False
2606309,10884.263114071608,7206.0,13.35,19.178462392450736,49.26450180405218,3.95503746877602,45.44128404669261,6.0,83.2639467110741,749.3755203996669,0,0,0,0,False,True,False,False
2606408,14797.31626889549,91887.0,170.52,132.14165224678138,75.42416228628642,27.228008314560274,65.47963017317288,126.0,137.12494694570506,454.9065700262279,1,1,1,0,False,True,False,False
2606507,11121.840386253903,17605.0,27.03,74.69468900880432,96.21130360692985,0.0,24.845650557620814,0.0,0.0,386.25390514058506,0,0,0,0,False,True,False,False
2606606,11478.407510431154,28760.0,14.13,46.23435326842837,57.93810848400556,0.027816411682892908,30.006349431818183,0.0,0.0,264.2559109874826,0,0,0,0,False,True,False,False
2606705,11645.833333333334,7344.0,37.66,44.226579520697165,55.99128540305011,0.0,41.95099041533546,0.0,0.0,136.16557734204792,0,0,0,0,False,True,False,False
2606804,28381.736869644843,122312.0,375.38,56.35832951795408,64.65841454640591,25.313133625482372,69.67753702099576,81.0,66.22408267381778,954.9349205311008,1,1,1,0,False,True,False,False
2606903,9886.415625549886,11366.0,13.22,6.994545134612001,59.58120710892135,0.2815414393806088,51.95888337468983,6.0,52.78901988386416,35.192679922576104,0,0,0,0,False,True,False,False
2607000,7162.398137369034,27488.0,20.79,25.32741559953434,40.56315483119907,0.003637951105937136,4.9895759717314485,0.0,0.0,94.58672875436554,0,0,0,0,False,True,False,False
2607109,10182.899778181083,4959.0,19.56,106.95704779189353,64.24682395644282,0.02016535591853196,20.23667701863354,0.0,0.0,241.98427102238355,0,0,0,0,False,True,False,False
2607208,141325.52679906852,105638.0,189.6,100.90497737556561,83.35826123175373,38.846816486491605,72.36890005159802,240.0,227.19097294534163,9651.829833961265,1,1,1,1,False,True,False,False
2607307,11122.242917361044,30603.0,41.8,71.12701369146815,70.97016632356305,7.286867300591445,18.95602027027027,6.0,19.60592098813842,209.12982387347645,0,0,0,0,False,True,False,False
2607406,15876.614699331849,4490.0,9.96,105.25612472160357,81.55902004454343,0.0,31.815526315789477,0.0,0.0,400.89086859688194,0,0,0,0,False,True,False,False
2607505,8412.127867976611,33691.0,30.75,5.701819477011665,61.105339704965715,0.0029681517319165357,15.372068311195443,0.0,0.0,124.66237274049449,0,0,0,0,False,True,False,False
2607604,11721.258176975203,25529.0,371.0,114.09769281993027,74.7581182184966,16.972854400877434,69.20495377583879,24.0,94.01073289200517,532.7274863880293,1,1,1,0,False,True,False,False
2607653,14270.10866597499,36626.0,114.92,75.82591601594496,95.81171845137334,15.55725440943592,25.15176943699732,6.0,16.3818052749413,513.296565281494,0,0,0,0,False,True,False,False
2607703,9828.063518830804,14232.0,33.48,44.56857785272625,58.818156267566046,0.0,25.503567839195977,0.0,0.0,168.63406408094434,0,0,0,0,False,True,False,False
2607752,80902.86121576214,29463.0,375.15,23.011913247123513,92.1935987509758,3.6893731120388282,38.91495096665732,6.0,20.364524997454435,8512.371448935954,0,0,0,1,False,True,False,False
2607802,9401.89374013677,17109.0,101.72,39.89713016541002,63.80852183061547,0.0,32.73753697749196,0.0,0.0,245.48483254427495,0,0,0,0,False,True,False,False
2607901,23611.75205075481,683285.0,2489.28,52.17793453683309,72.63967451356315,33.575887074939445,124.00437411479322,1002.0,146.6445187586439,167.71918013713164,1,1,1,0,False,True,False,False
2607950,10664.981398454642,10483.0,117.5,11.714203949251168,51.25441190498903,9.310311933606792,28.050323054331862,18.0,171.7065725460269,95.39254030334828,1,1,1,0,False,True,False,False
2608008,9487.349139251362,16323.0,22.17,44.94884518777186,58.500275684616796,0.0,46.19141486810552,0.0,0.0,85.76854744838572,0,0,0,0,False,True,False,False
2608057,10633.547673373436,14463.0,50.46,54.16580239231141,72.66818778953191,0.5946207564129157,20.255107913669065,12.0,82.97033810412778,193.59745557629813,1,1,0,0,False,True,False,False
2608107,10955.402553368163,28903.0,206.68,10.334567345950248,72.77099263052278,0.031138636127737606,29.48977908689249,0.0,0.0,200.67121060097568,0,0,0,0,False,True,False,False
2608206,13424.403968606544,13506.0,108.24,39.863764252924625,69.62831334221828,0.0,23.34180467091295,0.0,0.0,947.7269361765142,0,0,0,0,False,True,False,False
2608255,10794.98956158664,11975.0,95.56,44.684759916492695,33.67014613778706,0.0,24.032776315789476,0.0,0.0,50.10438413361169,0,0,0,0,False,True,False,False
2608305,13436.868845261242,15943.0,146.22,86.41410023207678,112.12444332936084,0.0,24.463430599369087,0.0,0.0,827.9495703443517,0,0,0,0,False,True,False,False
2608404,9470.307264561205,14027.0,92.06,25.108718899265703,83.38917801383047,0.0,47.13551282051282,0.0,0.0,299.42254223996576,0,0,0,0,False,True,False,False
2608453,16069.863160145393,18708.0,258.1,78.92880051314945,71.86765020312166,0.0,23.60775020016013,0.0,0.0,128.2873636946761,0,0,0,0,False,True,False,False
2608503,24245.99548079337,19915.0,338.55,3.9066030630178257,87.60733115741903,0.005021340697966357,21.73382068452381,0.0,0.0,230.98167210645244,0,0,0,0,False,True,False,False
2608602,11260.352636687156,12364.0,60.04,29.343254610158525,79.84471044969266,0.0,26.6422131147541,0.0,0.0,323.51989647363314,0,0,0,0,False,True,False,False
2608701,9414.91728068956,14386.0,62.57,69.35909912414847,57.35437230640901,0.0,40.34631773399015,0.0,0.0,194.63367162519117,0,0,0,0,False,True,False,False
2608750,18308.9131131773,24952.0,13.02,100.93780057710805,116.29127925617185,0.0,21.714458788480638,0.0,0.0,448.86181468419363,0,0,0,0,False,True,False,False
2608800,14013.688795290289,41786.0,209.32,99.07863877853826,67.64945196955918,15.045709089168621,33.48147591692444,18.0,43.07662853587326,406.83482506102524,1,1,1,0,False,True,False,False
2608909,14179.162790697674,59125.0,206.44,87.32177589852009,71.53150105708245,13.994080338266384,26.967947725072605,9.0,15.221987315010571,257.08245243128965,1,0,0,0,False,True,False,False
2609006,11516.32553606238,24624.0,221.0,20.098278102664068,54.89766081871345,0.0,24.16882203926536,0.0,0.0,121.83235867446393,0,0,0,0,False,True,False,False
2609105,18855.81030424549,11471.0,183.92,22.160230145584517,81.56220033127016,0.2615290733153169,8.098269230769231,12.0,104.61162932612676,209.22325865225352,1,1,0,0,False,True,False,False
2609154,5197.512419228327,26773.0,68.94,10.450827326037425,26.36611511597505,0.0,32.6525,0.0,0.0,97.11276285810331,0,0,0,0,False,True,False,False
2609204,9805.979643765902,9432.0,46.83,11.397370653095845,54.85581000848176,0.0,40.15449494949495,0.0,0.0,127.2264631043257,0,0,0,0,False,True,False,False
2609303,11192.958421809712,14599.0,17.24,50.8253989999315,56.27097746420988,0.013699568463593397,30.501541262135923,0.0,0.0,287.6909377354613,0,0,0,0,False,True,False,False
2609402,15482.262737002791,57647.0,284.72,78.6996721425226,80.35804118167468,2.3401044286779884,42.46611337629883,72.0,124.89808663070065,485.7147813416136,1,1,1,0,False,True,False,False
2609501,21412.247690728705,32153.0,234.72,74.2387957577831,76.24482940938637,1.4648710851242497,31.236690968955788,3.0,9.33038907722452,279.91167231673563,0,0,0,0,False,True,False,False
2609600,15840.772628502307,365402.0,8474.0,62.49445815841183,74.29379149539412,33.41361021559816,107.3381378115102,426.0,116.58392674369598,330.0474545842661,1,1,1,0,False,True,False,False
2609709,17773.152687405294,22438.0,157.43,84.15188519475889,76.9186201978786,0.004456725198324271,18.13701317715959,0.0,0.0,35.65380158659417,0,0,0,0,False,True,False,False
2609808,13223.262411347518,14100.0,24.54,77.70921985815603,83.49645390070921,0.014184397163120567,14.648635097493036,0.0,0.0,539.0070921985815,0,0,0,0,False,True,False,False
2609907,11422.865840272798,68329.0,27.4,106.96044139384449,64.57433886051311,2.3299038475610647,28.71853104829735,48.0,70.24835721289642,576.6219321225249,1,1,1,0,False,True,False,False
2610004,16323.341870529011,56615.0,160.82,54.096970767464455,71.71067738231918,14.437869822485206,28.205827513966483,18.0,31.79369425064029,275.5453501722158,1,1,1,0,False,True,False,False
2610103,11176.824154319262,7154.0,41.65,28.43164663125524,59.9664523343584,0.0,31.845197132616487,0.0,0.0,27.95638803466592,0,0,0,0,False,True,False,False
2610202,9789.5859098469,23449.0,60.43,34.97377286877905,70.68958164527272,0.004264574182267901,27.350852858481726,0.0,0.0,434.98656659132587,0,0,0,0,False,True,False,False
2610301,22480.56954059157,12712.0,65.81,54.04342353681561,86.09974826935179,0.0,25.1142,0.0,0.0,8842.039018250473,0,0,0,1,False,True,False,False
2610400,11204.015135589658,19028.0,7.13,22.077990330039942,58.77653983603111,6.853058650409922,27.709504467912268,21.0,110.36367458482236,1503.0481395837712,1,1,1,0,False,True,False,False
2610509,8901.611763518287,29719.0,86.61,26.56886167098489,56.46556075238063,0.0033648507688684008,25.998544520547945,0.0,0.0,181.70194151889365,0,0,0,0,False,True,False,False
2610608,15532.51282739193,59638.0,210.14,60.50672390086857,72.92498071699252,5.7312451792481305,48.49585533081934,3.0,5.030349776987826,221.33539018746436,0,0,0,0,False,True,False,False
2610707,15405.697597531407,362960.0,3529.97,61.9996693850562,67.4049482036588,31.167897288957462,106.09031977000548,330.0,90.91910954375138,233.63456028212474,1,1,1,0,False,True,False,False
2610806,12980.216055920357,23605.0,24.71,58.38169879262868,46.80787968650709,0.012709171785638636,29.84226923076923,0.0,0.0,110.14615547553484,0,0,0,0,False,True,False,False
2610905,13295.789505870842,65408.0,65.33,101.75972358121331,57.074058219178085,11.954195205479452,25.47979907510764,87.0,133.01125244618396,342.4657534246575,1,1,1,0,False,True,False,False
2611002,46563.7520491234,35991.0,32.33,164.7522991859076,77.58884165485816,0.0,41.98027582159624,0.0,0.0,311.1889083381957,0,0,0,0,False,True,False,False
2611101,19305.404955045244,414083.0,84.79,145.65123417285906,78.83105560962416,32.519567333119205,86.76856617096395,552.0,133.30660761248348,1108.4734219951072,1,1,1,0,False,True,False,False
2611200,9449.976862563628,10805.0,51.19,77.34382230448867,73.35492827394725,0.0,52.762531992687386,0.0,0.0,92.5497454881999,0,0,0,0,False,True,False,False
2611309,19837.7099862182,26847.0,114.88,97.1654188549931,91.95068350281223,3.5571944723805267,27.730117104329317,6.0,22.348865795060902,148.99243863373934,0,0,0,0,False,True,False,False
2611408,20325.83095254686,14351.0,122.31,157.30611107239915,59.98885095115323,0.006968155529231412,14.510522466039706,0.0,0.0,7358.372238868372,0,0,0,1,False,True,False,False
2611507,10700.178034939358,17974.0,77.74,26.076555023923444,67.4974963836653,0.0,32.526127790608165,0.0,0.0,422.8329809725159,0,0,0,0,False,True,False,False
2611533,9928.053293856405,6755.0,31.11,39.20059215396003,51.41376757957069,0.0,31.13387892376681,0.0,0.0,118.43079200592155,0,0,0,0,False,True,False,False
2611606,34622.447340724706,1587707.0,6803.6,83.06438152631436,81.47321892515433,47.30702831189886,123.96838493538723,3048.0,191.9749676735065,3079.5354558492218,1,1,1,1,False,True,False,False
2611705,12169.585726962776,21411.0,65.73,77.15660174676569,90.15926392975574,0.004670496473775162,42.03404381290704,0.0,0.0,74.7279435804026,0,0,0,0,False,True,False,False
2611804,16826.944971537003,34255.0,115.71,100.34739454094293,75.95679462852138,3.4213983360093416,40.26342561983471,3.0,8.757845569989783,642.2420084659174,0,0,0,0,False,True,False,False
2611903,18566.520039100684,20460.0,87.97,93.01564027370479,78.71456500488759,0.004887585532746823,26.62538834951457,0.0,0.0,322.5806451612903,0,0,0,0,False,True,False,False
2612000,15709.128186842574,11218.0,57.16,147.8605812087716,53.72615439472277,0.0,31.64923802612482,0.0,0.0,178.2848992690319,0,0,0,0,False,True,False,False
2612109,14401.779359430606,5620.0,65.66,1.2277580071174377,49.44839857651245,0.0,27.543382352941176,0.0,0.0,676.1565836298932,0,0,0,0,False,True,False,False
2612208,15267.844899824788,65635.0,37.16,90.70617810619335,85.56867524948579,6.136969604631675,41.46147551546392,60.0,91.41464157842614,487.5447550849394,1,1,1,0,False,True,False,False
2612307,12068.792774994708,14173.0,55.0,82.23382487828971,59.620404995413814,0.0,25.89601092896175,0.0,0.0,155.22472306498273,0,0,0,0,False,True,False,False
2612406,13112.766069825171,18933.0,69.48,112.70797021074314,73.98721808482544,13.790735752390006,22.20716258631513,18.0,95.0720963397243,158.4534938995405,1,1,1,0,False,True,False,False
2612455,9329.05027932961,14320.0,11.11,34.73463687150838,58.952513966480446,0.006983240223463687,30.113629032258064,0.0,0.0,181.56424581005587,0,0,0,0,False,True,False,False
2612471,9515.964133076342,11933.0,100.64,54.00988854437275,71.65004609067293,0.0,45.71163732394366,0.0,0.0,16.760244699572613,0,0,0,0,False,True,False,False
2612505,18467.485639210947,104277.0,293.03,67.61893802084832,81.25089904772865,34.635633936534425,30.922204875962365,144.0,138.0937311199977,314.5468319955503,1,1,1,0,False,True,False,False
2612554,9017.094017094018,12402.0,12.04,27.56007095629737,36.897274633123686,0.0,35.19743494423792,0.0,0.0,209.64360587002096,0,0,0,0,False,True,False,False
2612604,13214.001218312167,42682.0,13.52,49.69542195773394,70.9573122159224,0.0023429080174312356,34.453385228095584,3.0,7.028724052293707,604.4702684972588,0,0,0,0,False,True,False,False
2612703,8412.715887979082,14533.0,152.07,37.796738457304066,42.86107479529347,0.0,52.88686507936508,0.0,0.0,41.28535058143535,0,0,0,0,False,True,False,False
2612802,10922.096452011794,10513.0,51.14,65.84229049747931,73.16655569295159,0.7514505849900124,17.01783300198807,6.0,57.07219632835537,342.4331779701322,0,0,0,0,False,True,False,False
2612901,8681.430373173083,13479.0,81.71,2.2776170339045922,41.85028562949774,0.0,36.75041570438799,0.0,0.0,148.37895986349136,0,0,0,0,False,True,False,False
2613008,28981.46847690387,51264.0,68.76,71.16690074906367,68.1999063670412,0.0,32.41132592928377,0.0,0.0,234.0823970037453,0,0,0,0,False,True,False,False
2613107,11444.614873328732,39117.0,97.07,31.702328910703788,72.2192397167472,14.35948564562722,26.222462168417305,18.0,46.015798757573435,521.5123859191656,1,1,1,0,False,True,False,False
2613206,15752.09914419506,24772.0,92.21,38.947198449862746,56.567899241078635,0.0,29.819904175222447,0.0,0.0,96.88357823348943,0,0,0,0,False,True,False,False
2613305,9073.727984344425,20440.0,88.12,32.827788649706456,62.56849315068493,0.0,27.169884836852205,0.0,0.0,136.986301369863,0,0,0,0,False,True,False,False
2613404,14947.965892747072,19468.0,272.1,162.8569960961578,82.47893979864394,14.531538935689337,28.125426095329804,30.0,154.09903431271832,1376.6180398602835,1,1,1,0,False,True,False,False
2613503,9293.20853286896,36752.0,23.64,42.873857205050065,70.045167609926,0.002720940356987375,29.388319805194808,0.0,0.0,908.7940792337832,0,0,0,0,False,True,False,False
2613602,13576.590440429658,32491.0,40.05,61.4508633159952,76.62429595888092,0.0,14.560108564535584,0.0,0.0,209.28872610876857,0,0,0,0,False,True,False,False
2613701,12264.030774717856,117759.0,421.9,90.11540519195985,66.1647941983203,23.01819818442752,72.28490343188234,90.0,76.42727944360941,365.1525573416894,1,1,1,0,False,True,False,False
2613800,12198.8821611551,17176.0,148.17,30.263157894736842,89.57265952491849,0.0,23.235671296296296,0.0,0.0,116.44154634373544,0,0,0,0,False,True,False,False
2613909,17253.87444850881,98143.0,30.95,117.25033879135547,72.05811927493555,16.080617058781574,35.39917903066271,78.0,79.47586684735539,372.9252213606676,1,1,1,0,False,True,False,False
2614006,8590.703129164667,18759.0,11.86,79.99360307052615,44.730529345913965,0.0,40.8682,0.0,0.0,170.58478596940137,0,0,0,0,False,True,False,False
2614105,10720.738860194344,34269.0,13.55,83.88047506492748,66.07137646269223,0.035017070822025737,27.521235657546335,18.0,52.52560623303861,560.2731331524118,1,1,1,0,False,True,False,False
2614204,18415.4920602554,39233.0,100.44,71.86297249764229,71.58259628374073,0.0,29.79959927611169,0.0,0.0,1401.8810695078123,0,0,0,0,False,True,False,False
2614303,8386.671582634344,10849.0,26.07,70.96506590469167,70.49497649552954,0.0,28.92619765494137,0.0,0.0,313.39293944142315,0,0,0,0,False,True,False,False
2614402,10486.95169350361,5403.0,37.65,43.38330557097908,44.4752915047196,0.0,30.117185185185186,0.0,0.0,185.08236165093467,0,0,0,0,False,True,False,False
2614501,13560.80870917574,67515.0,253.54,50.151818114493075,76.24083536991779,9.494186477079168,30.41446549874866,27.0,39.99111308598089,124.41679626749611,1,1,1,0,False,True,False,False
2614600,10824.012649090846,29093.0,70.9,105.65771835149349,73.63283264015399,0.01374901178977761,21.07572267920094,0.0,0.0,199.36067095177535,0,0,0,0,False,True,False,False
2614709,10447.502976815858,14277.0,60.36,107.67668277649366,50.45177558310569,0.0,45.04148370497428,0.0,0.0,70.04272606289837,0,0,0,0,False,True,False,False
2614808,10159.174293432246,24803.0,18.9,95.60537031810668,52.2960932145305,0.0,29.13883561643836,0.0,0.0,1306.2935935169132,0,0,0,0,False,True,False,False
2614857,16134.099616858235,24534.0,110.23,172.40971712725198,100.15896307165566,16.78486997635934,83.34133691010621,48.0,195.64685742235267,456.50933398548955,1,1,1,0,False,True,False,False
2615003,13124.75977565988,25497.0,52.06,52.62579911362121,124.12440679295604,0.05098639055575166,21.048697478991595,18.0,70.5965407695023,423.5792446170138,1,1,1,0,False,True,False,False
2615102,11027.854746973897,6857.0,43.0,8.021000437509114,59.18039959165816,0.0,22.87510526315789,0.0,0.0,262.50546886393465,0,0,0,0,False,True,False,False
2615201,10330.983624335757,9221.0,27.99,39.34497343021364,47.40266782344648,10.378483895456025,71.07768992248062,3.0,32.53443227415681,238.58583667714998,0,0,0,0,False,True,False,False
2615300,15693.263268523384,47575.0,160.41,118.08933263268523,66.5496584340515,13.761429322122964,20.19493971363979,9.0,18.917498686284812,344.7188649500788,1,0,0,0,False,True,False,False
2615409,17521.587679897333,43636.0,1600.41,64.84324869373911,70.78329819415161,19.213493445778713,19.97009387668018,60.0,137.501145842882,174.16811806765057,1,1,1,0,False,True,False,False
2615508,12271.17348711179,14393.0,100.98,42.70131313833113,57.910095185159456,12.130896963801849,28.28404240766073,3.0,20.843465573542694,208.43465573542696,0,0,0,0,False,True,False,False
2615607,13059.402854827653,32086.0,102.52,81.30025556317398,84.65062644143863,0.01869974443682603,19.531725817675717,9.0,28.049616655239046,560.9923331047809,1,0,0,0,False,True,False,False
2615706,10392.15427288337,15142.0,76.78,37.2011623299432,82.22163518689737,0.02641658961828028,42.39852525252525,6.0,39.62488442742042,198.1244221371021,0,0,0,0,False,True,False,False
2615805,8409.419082528046,27009.0,28.82,42.57099485356733,37.846643711355476,0.05923951275500759,13.25647855530474,0.0,0.0,170.31359917064682,0,0,0,0,False,True,False,False
2615904,10802.108579738246,8252.0,42.24,21.667474551623847,77.62966553562772,0.0,14.348744588744587,0.0,0.0,72.70964614638875,0,0,0,0,False,True,False,False
2616001,14046.737463796922,17609.0,51.33,112.22670225452893,84.37162814469873,0.0,44.05167626359565,0.0,0.0,352.09267987960703,0,0,0,0,False,True,False,False
2616100,8542.431918936036,9474.0,19.26,79.63901203293223,36.42600802195482,0.021110407430863416,29.97418604651163,0.0,0.0,126.6624445851805,0,0,0,0,False,True,False,False
2616183,9516.833718838345,7782.0,102.65,19.956309432022618,63.72397841171935,0.0,35.31640378548896,0.0,0.0,77.10100231303007,0,0,0,0,False,True,False,False
2616209,8473.57874101503,22955.0,111.85,35.970376824221304,29.97604007841429,0.021781746896101066,17.11072037914692,0.0,0.0,121.97778261816597,0,0,0,0,False,True,False,False
2616308,19028.68447082097,27297.0,115.6,33.315016302157744,69.89779096604022,0.003663406235117412,17.91012693156733,9.0,32.97065611605671,805.9493717258307,1,0,0,0,False,True,False,False
2616407,31654.20482757182,143799.0,398.38,108.52648488515219,72.23137852140836,25.171941390413007,55.59964074220292,147.0,102.2260238249223,1817.8151447506589,1,1,1,1,False,True,False,False
2616506,11993.130353659571,11791.0,104.78,19.497922144008143,61.385802730896444,0.11873462810618268,21.593932926829268,6.0,50.886269188364004,814.1803070138241,0,0,0,0,False,True,False,False
2700102,10368.542199488493,19550.0,40.6,44.08695652173913,58.9923273657289,0.0,13.336563330380867,0.0,0.0,122.7621483375959,0,0,0,0,False,True,False,False
2700201,17649.54555062355,14193.0,75.03,12.787994081589517,65.30684140069049,0.0,32.02830917874397,0.0,0.0,126.82308180088776,0,0,0,0,False,True,False,False
2700300,24280.61117700412,243661.0,678.99,82.23392336073479,75.32555476666352,34.018164581118846,91.80546757018392,366.0,150.2086915837988,348.8453219842322,1,1,1,0,False,True,False,False
2700409,38942.64209706722,38530.0,70.34,36.42356605242668,58.08720477549961,0.0,30.72953751617076,0.0,0.0,835.7124318712691,0,0,0,0,False,True,False,False
2700508,15658.619659396474,16735.0,124.58,37.44248580818643,85.28234239617568,4.093217806991335,42.368208092485546,3.0,17.9265013444876,286.8240215118016,0,0,0,0,False,True,False,False
2700607,29373.73737373737,8118.0,106.99,51.01010101010101,117.93545208179354,12.3059866962306,57.95384052670081,6.0,73.90983000739098,960.8277900960828,0,0,0,0,False,True,False,False
2700706,13446.880664210958,17103.0,52.07,51.79208326024674,69.42641641817225,0.0,18.81360119047619,0.0,0.0,35.08156463778285,0,0,0,0,False,True,False,False
2700805,39696.26556016597,4820.0,70.87,22.593360995850624,111.12033195020747,0.0,24.580204918032784,0.0,0.0,1203.319502074689,0,0,0,0,False,True,False,False
2700904,25670.90539165819,5898.0,17.77,36.40217022719566,39.2675483214649,0.0,15.866130434782608,0.0,0.0,406.9175991861648,0,0,0,0,False,True,False,False
2701001,23520.05391086118,21517.0,109.78,13.733327136682624,72.88190732908863,0.0,23.11470181503889,0.0,0.0,1338.476553422875,0,0,0,0,False,True,False,False
2701100,79239.21929286736,9786.0,57.14,52.8101369303086,52.54445125689761,0.0,47.44761904761905,0.0,0.0,40.874718986306966,0,0,0,0,False,True,False,False
2701209,13128.399215026631,10701.0,37.21,46.83674422951126,47.303990281282125,0.0,32.33844370860928,0.0,0.0,74.759368283338,0,0,0,0,False,True,False,False
2701308,12521.469436916592,16605.0,169.82,23.980728696175852,67.57603131586872,0.0,8.433757649938801,0.0,0.0,120.44564890093345,0,0,0,0,False,True,False,False
2701357,12895.107977082414,6807.0,101.12,20.993095343029236,72.82209490230645,0.0,26.119923664122137,0.0,0.0,763.9194946378727,0,0,0,0,False,True,False,False
2701407,22460.29222962646,32714.0,102.66,25.145197774653052,68.12373907195696,5.829308552913126,38.97934470725088,6.0,18.340771535122578,580.7910986122149,0,0,0,0,False,True,False,False
2701506,12798.987097552152,8293.0,47.86,4.811286627276016,74.30362956710479,0.0,31.54331983805668,0.0,0.0,96.46689979500783,0,0,0,0,False,True,False,False
2701605,10577.462999428317,15743.0,25.81,53.38245569459442,44.407038048656545,0.0,35.90434108527132,0.0,0.0,127.04058946833513,0,0,0,0,False,True,False,False
2701704,16460.844173082027,15068.0,57.0,2.59490310591983,48.327581629944255,10.605256172020175,42.467461538461535,6.0,39.819485001327315,172.55110167241838,0,0,0,0,False,True,False,False
2701803,9869.891304347826,9200.0,80.57,22.91304347826087,70.3586956521739,0.0,22.059121951219517,0.0,0.0,152.17391304347825,0,0,0,0,False,True,False,False
2701902,29199.50083194676,6010.0,37.45,0.9983361064891847,73.49417637271215,0.0,53.84842217484009,0.0,0.0,133.11148086522462,0,0,0,0,False,True,False,False
2702009,19165.82094961943,11036.0,121.79,27.709314969191738,67.47009786154403,0.06342877854295034,21.51855263157895,6.0,54.36752446538601,72.49003262051468,0,0,0,0,False,True,False,False
2702108,24917.863188914667,15949.0,76.06,39.45701924885573,70.86337701423287,0.0,13.203478260869565,0.0,0.0,639.5385290613832,0,0,0,0,False,True,False,False
2702207,16851.929824561405,5700.0,140.91,80.94736842105263,43.14035087719298,0.0,35.98810526315789,0.0,0.0,70.17543859649123,0,0,0,0,False,True,False,False
2702306,34420.48350969337,51788.0,56.15,9.370896732833861,62.365799026801575,16.944079709585232,30.206275280898875,21.0,40.54993434772534,3425.503977755465,1,1,1,1,False,True,False,False
2702355,18409.07524411258,26115.0,91.07,26.256940455676816,64.71376603484588,0.0,31.24069112174375,0.0,0.0,1478.0777331035804,0,0,0,0,False,True,False,False
2702405,12761.366433751822,52809.0,81.65,87.73504516275635,73.82643110075934,0.20640421140335927,20.732204155374887,12.0,22.723399420553314,155.27656270711432,1,1,0,0,False,True,False,False
2702504,10627.094690086817,9906.0,69.23,36.70502725620836,97.46618211185141,0.0,44.94357142857143,0.0,0.0,0.0,0,0,0,0,False,True,False,False
2702553,9831.157251130502,15701.0,59.17,41.09929303865996,48.87586777912235,0.0,48.5898,0.0,0.0,140.11846379211516,0,0,0,0,False,True,False,False
2702603,18438.100987452028,23191.0,129.11,10.706739683497908,52.179724893277566,0.0,46.11352856109906,0.0,0.0,86.24035186063558,0,0,0,0,False,True,False,False
2702702,40622.58543833581,4038.0,36.01,3.863298662704309,63.91778107974245,0.0,41.67751445086705,0.0,0.0,643.8831104507182,0,0,0,0,False,True,False,False
2702801,30489.50547762875,9767.0,28.82,25.15613801576738,96.08887068700727,0.0,25.35983606557377,0.0,0.0,1822.4633971536807,0,0,0,1,False,True,False,False
2702900,14720.77139413419,37335.0,70.31,26.7657693852953,50.502209722780236,0.0,39.907969749854566,0.0,0.0,107.13807419311638,0,0,0,0,False,True,False,False
2703007,14042.953116066325,13992.0,51.75,10.105774728416238,62.31417953116066,0.0,27.494087947882736,0.0,0.0,57.17552887364208,0,0,0,0,False,True,False,False
2703106,12758.342875838378,24452.0,71.77,98.09422542123343,71.90004907574023,0.0,20.05959302325581,0.0,0.0,49.075740225748405,0,0,0,0,False,True,False,False
2703205,25847.54802259887,22125.0,50.11,0.7096045197740113,55.43502824858757,0.0,26.412222222222223,0.0,0.0,2838.4180790960454,0,0,0,1,False,True,False,False
2703304,11336.576506453914,15417.0,40.77,35.188428358305764,68.25582149575145,0.0,25.704726224783865,0.0,0.0,25.945384964649413,0,0,0,0,False,True,False,False
2703403,14465.457352373602,5182.0,34.12,55.24893863373215,59.88035507526052,0.0,37.77917808219178,0.0,0.0,231.57082207641838,0,0,0,0,False,True,False,False
2703502,35812.03976435935,5432.0,25.64,34.79381443298969,56.09351988217968,0.0,38.00258333333333,0.0,0.0,184.0942562592047,0,0,0,0,False,True,False,False
2703601,26686.646192947155,9443.0,108.01,90.77623636556179,92.70358996081754,17.430901196653608,56.77100141043724,9.0,95.3086942708885,5294.927459493805,1,0,0,1,False,True,False,False
2703700,15349.162561576357,5075.0,47.29,48.57142857142857,119.03448275862068,0.0,29.787688888888887,0.0,0.0,275.86206896551727,0,0,0,0,False,True,False,False
2703759,39690.90909090909,9625.0,28.33,3.4077922077922076,59.72987012987013,0.0,21.07765354330709,0.0,0.0,935.0649350649351,0,0,0,0,False,True,False,False
2703809,29966.294719889567,17386.0,57.52,4.658920970896124,63.02197170136892,0.0,32.83699695121951,0.0,0.0,34.51052571034165,0,0,0,0,False,True,False,False
2703908,13122.844827586208,4176.0,46.08,22.988505747126435,60.32088122605364,0.0,36.21486928104575,0.0,0.0,95.78544061302682,0,0,0,0,False,True,False,False
2704005,22562.1180427382,24381.0,96.51,10.483573274270949,88.79865469012756,0.0,29.184702560240968,0.0,0.0,959.7637504614249,0,0,0,0,False,True,False,False
2704104,14500.66379905475,18831.0,220.72,34.687483405023634,59.50825766024109,0.0,24.922859574468085,0.0,0.0,53.103924380011684,0,0,0,0,False,True,False,False
2704203,27193.47541373973,25197.0,80.01,59.7174266777791,25.844346549192363,0.0,34.21976258992806,0.0,0.0,87.31198158510934,0,0,0,0,False,True,False,False
2704302,27638.3167213695,994464.0,1880.77,95.55861247868198,74.61144898156192,42.09252421404898,116.67818796859156,1953.0,196.38719953663482,39276.83656723622,1,1,1,1,False,True,False,False
2704401,15895.200179432544,17834.0,39.98,50.555119434787485,68.26286867780644,0.0,21.164657422512235,0.0,0.0,381.2941572277672,0,0,0,0,False,True,False,False
2704500,33669.595570534424,33232.0,96.28,118.88541165142031,69.34882041405874,32.48375060182956,80.3387321937322,72.0,216.65864227250842,1594.8483389504092,1,1,1,0,False,True,False,False
2704609,9342.048378795676,9715.0,28.68,59.88677303139475,85.34225424601132,0.0,33.121516587677725,0.0,0.0,1338.1369016984045,0,0,0,0,False,True,False,False
2704708,54693.50828507724,62341.0,177.05,106.65853932404036,81.65894034423573,31.208995685022696,48.0364490845631,93.0,149.17951268025857,811.6648754431274,1,1,1,0,False,True,False,False
2704807,13460.051546391753,13968.0,75.95,17.99828178694158,69.58046964490264,0.0,37.14341216216216,0.0,0.0,257.7319587628866,0,0,0,0,False,True,False,False
2704906,15862.702366127023,3212.0,34.39,3.144458281444583,152.83312577833127,0.0,84.19642857142857,0.0,0.0,1183.0635118306352,0,0,0,0,False,True,False,False
2705002,16013.049171445342,22147.0,23.88,47.62270284914435,56.65778660766695,0.0,28.989569288389514,0.0,0.0,243.8253488057073,0,0,0,0,False,True,False,False
2705101,15861.89889025894,24330.0,100.19,36.89683518290177,73.78133990957666,0.0,33.61893153824119,0.0,0.0,657.6243321002877,0,0,0,0,False,True,False,False
2705200,14078.50003183294,15707.0,134.95,58.93550646208697,73.08206532119438,0.0,40.31441775456919,0.0,0.0,203.73082065321194,0,0,0,0,False,True,False,False
2705309,15090.117456460106,4938.0,28.93,45.28149048197651,108.424463345484,0.0,29.217530120481925,0.0,0.0,162.00891049007694,0,0,0,0,False,True,False,False
2705408,10672.52417926713,7341.0,82.95,49.63901375834355,82.38659583163057,0.0,22.53169902912621,0.0,0.0,544.8848930663397,0,0,0,0,False,True,False,False
2705507,22679.905911387035,25933.0,60.25,25.053021247059732,73.74387845602129,0.0,21.40031599416626,0.0,0.0,339.3359811822774,0,0,0,0,False,True,False,False
2705606,18183.724995144687,10298.0,46.49,29.1804233831812,67.16838221013789,0.0,36.74369421487604,0.0,0.0,485.53117110118467,0,0,0,0,False,True,False,False
2705705,12862.436115843271,21132.0,109.95,92.95381412076472,71.49820177929207,12.772099186068521,34.264546023794615,24.0,113.57183418512209,274.4652659473784,1,1,1,0,False,True,False,False
2705804,10908.120159586952,8522.0,25.48,14.37455996245013,57.09927247125088,0.02346866932644919,22.75102803738318,0.0,0.0,187.74935461159353,0,0,0,0,False,True,False,False
2705903,16007.983576642337,4384.0,37.01,6.523722627737226,52.46350364963504,0.0,41.17781954887218,0.0,0.0,501.82481751824815,0,0,0,0,False,True,False,False
2706000,9854.453294713976,11048.0,61.68,29.833454018826938,61.060825488776246,0.0,26.018523489932885,0.0,0.0,235.33671252715425,0,0,0,0,False,True,False,False
2706109,9443.114796136422,11699.0,58.23,27.660483802034364,81.98136592871185,0.0,24.318732718894008,0.0,0.0,17.095478246003932,0,0,0,0,False,True,False,False
2706208,10414.285714285714,4410.0,113.25,37.233560090702944,152.44897959183675,0.0,37.13,0.0,0.0,90.70294784580499,0,0,0,0,False,True,False,False
2706307,16055.383444752431,73596.0,158.7,60.75194304038263,73.62084895918257,14.302407739551063,58.250447133757966,15.0,20.38154247513452,771.7810750584271,1,1,1,0,False,True,False,False
2706406,10977.193199127249,24291.0,34.58,19.54221728212095,43.20530237536536,0.004116751060063398,21.78119442022668,0.0,0.0,139.96953604215554,0,0,0,0,False,True,False,False
2706422,13422.567805239283,10803.0,41.51,42.84920855317967,48.023697121170045,0.0,19.05133333333333,0.0,0.0,74.05350365639174,0,0,0,0,False,True,False,False
2706448,16706.47573363431,14176.0,149.1,69.26495485327314,89.15067720090293,0.0,36.87781418918919,0.0,0.0,253.95033860045146,0,0,0,0,False,True,False,False
2706505,23967.03608979824,14076.0,54.93,57.55186132423984,47.73373117362887,0.007104290991759022,37.03763383297645,3.0,21.312872975277067,28.41716396703609,0,0,0,0,False,True,False,False
2706604,15764.670748096163,6697.0,55.51,0.34343736001194564,56.33865910109004,0.0,24.87689573459716,0.0,0.0,29.864118261908317,0,0,0,0,False,True,False,False
2706703,16347.82103042084,60189.0,85.19,13.158550565717988,81.14273372210869,0.0,27.43243934303845,3.0,4.984299456711359,853.9766402498796,0,0,0,0,False,True,False,False
2706802,28295.537312511573,16201.0,65.28,1.3826307018085304,74.56329856181718,0.0,20.45991573033708,0.0,0.0,283.93309054996604,0,0,0,0,False,True,False,False
2706901,18527.52130195348,36499.0,136.24,51.54935751664429,90.93673799282172,0.0,26.77814091838632,0.0,0.0,4449.436970875914,0,0,0,1,False,True,False,False
2707008,21337.04235463029,2786.0,23.32,0.43072505384063176,46.26704953338119,0.0,18.745,0.0,0.0,71.78750897343862,0,0,0,0,False,True,False,False
2707107,14925.129050448966,23053.0,55.96,86.66984774215938,83.00871903873683,0.18652669934498764,21.427672007540053,24.0,104.10792521580706,199.5401899969635,1,1,1,0,False,True,False,False
2707206,9683.05842454139,12974.0,44.04,24.85740712193618,33.87544319408047,0.0,22.90811188811189,0.0,0.0,61.6617851086789,0,0,0,0,False,True,False,False
2707305,16839.437194127244,24520.0,76.85,22.932300163132137,60.14274061990212,19.433115823817293,28.1072131147541,12.0,48.939641109298535,81.56606851549755,1,1,0,0,False,True,False,False
2707404,35047.43374000841,9508.0,36.15,41.175851914177535,60.1283129995793,0.0,34.18831995058678,0.0,0.0,273.45393352965925,0,0,0,0,False,True,False,False
2707503,13271.49343598855,20262.0,85.15,1.8408844141743164,74.977790938703,0.0,33.58221222169588,0.0,0.0,98.70693909781858,0,0,0,0,False,True,False,False
2707602,16725.43122512163,11305.0,34.64,12.295444493586908,54.10880141530296,0.0,33.73558091286307,0.0,0.0,70.76514816452897,0,0,0,0,False,True,False,False
2707701,14605.347154513263,97435.0,319.68,77.59121465592446,63.65474418843331,22.7146302663314,56.548516942079786,99.0,101.60619900446451,1157.6948735054139,1,1,1,0,False,True,False,False
2707800,30898.89511124565,6607.0,50.21,0.6508248827001665,89.82896927501135,0.0,41.92166134185303,0.0,0.0,90.81277433025579,0,0,0,0,False,True,False,False
2707909,39264.68506723284,7065.0,239.77,43.35456475583864,69.7098372257608,0.0,35.57622474747475,0.0,0.0,283.0856334041047,0,0,0,0,False,True,False,False
2708006,13636.643669430554,47397.0,105.97,55.12374200898791,76.68206848534717,0.0,29.37197285067873,3.0,6.329514526235838,198.3247884887229,0,0,0,0,False,True,False,False
2708105,121766.25172890731,11568.0,48.77,52.576071922544955,56.1289764868603,0.0,49.51943262411347,0.0,0.0,17.289073305670815,0,0,0,0,False,True,False,False
2708204,19725.48421534238,6557.0,47.15,0.18301052310507854,55.48269025468964,0.0,28.238973607038123,0.0,0.0,549.0315693152356,0,0,0,0,False,True,False,False
2708303,27745.434813381777,21193.0,81.11,43.63233143018921,72.72212523002878,0.0,24.474727875059155,0.0,0.0,726.655027603454,0,0,0,0,False,True,False,False
2708402,10547.70732325633,31557.0,62.35,27.626200209145356,50.17270336217004,0.0,47.34216262975779,0.0,0.0,50.70190449028742,0,0,0,0,False,True,False,False
2708501,29684.48037242073,31792.0,77.72,51.94073980875692,46.389028686462005,12.540890790135883,28.865885689354275,3.0,9.436336185203825,811.5249119275289,0,0,0,0,False,True,False,False
2708600,25717.38682549493,53391.0,154.88,46.81875222415763,67.22668614560506,19.64750613399262,24.481757878939472,27.0,50.57032084059111,4128.036560468993,1,1,1,1,False,True,False,False
2708709,28029.814665592265,8687.0,110.54,83.8379187291355,159.2034073903534,6.653620352250489,45.0116300036062,21.0,241.74053182917004,782.7788649706458,1,1,1,0,False,True,False,False
2708808,26264.517904651235,32701.0,100.93,27.65970459618972,56.12366594293753,6.421821962631112,35.015810767760435,24.0,73.39225100149842,134.5524601694138,1,1,1,0,False,True,False,False
2708907,10440.16,25000.0,588.3,18.176,32.728,0.004,45.76983045321161,6.0,24.0,376.0,0,0,0,0,False,True,False,False
2708956,9658.219778468403,12549.0,36.34,21.412064706351103,58.817435652243205,0.0,42.73077922077922,0.0,0.0,79.6876245119133,0,0,0,0,False,True,False,False
2709004,15599.086139786768,5909.0,46.51,30.41123709595532,35.099001523100355,0.0,36.02452261306533,0.0,0.0,33.84667456422407,0,0,0,0,False,True,False,False
2709103,26302.440531356195,19422.0,123.71,24.03974873854392,91.57141386057049,0.0,26.507455197132614,0.0,0.0,20.595201318092883,0,0,0,0,False,True,False,False
2709152,34672.199382038256,39161.0,127.17,46.14284619902454,78.98674701871761,0.0,37.05552083333333,0.0,0.0,102.14243762927403,0,0,0,0,False,True,False,False
2709202,12311.391145746977,24124.0,34.57,29.319350024871497,23.632067650472557,0.0,29.48433408577878,0.0,0.0,306.7484662576687,0,0,0,0,False,True,False,False
2709301,23264.332884318428,60874.0,141.02,52.36389920162959,56.3623221736702,17.769491079935605,50.34374469529792,6.0,9.856424746197062,210.27039458553733,0,0,0,0,False,True,False,False
2709400,24329.32072227,24423.0,65.49,14.20382426401343,63.64492486590509,0.0,38.938863086598936,0.0,0.0,376.6940998239364,0,0,0,0,False,True,False,False
2800100,17210.78875793291,2206.0,60.81,13.780598368087036,128.6038077969175,0.0,39.67801324503312,0.0,0.0,1269.2656391659111,0,0,0,0,False,True,False,False
2800209,14013.92269496641,20542.0,55.99,52.317203777626325,90.74092103982086,0.0,38.39903080390684,0.0,0.0,262.87605880634794,0,0,0,0,False,True,False,False
2800308,29268.83560282357,628849.0,3308.89,165.21295255299762,78.60806012254135,45.61333483872917,111.2320288154159,1242.0,197.5036932554556,2426.0196008898797,1,1,1,1,False,True,False,False
2800407,13366.593532385768,10483.0,51.86,57.76018315367738,47.83935896212916,0.0,27.57896296296296,0.0,0.0,95.39254030334828,0,0,0,0,False,True,False,False
2800506,13591.75646551724,18560.0,122.06,148.36206896551724,60.953663793103445,0.0,27.8779765625,0.0,0.0,280.17241379310343,0,0,0,0,False,True,False,False
2800605,58164.92429704398,44384.0,449.9,128.74459264599855,75.72999279019467,45.171683489545785,62.57625292740046,51.0,114.90627253064167,1216.6546503244413,1,1,1,0,False,True,False,False
2800670,13302.979471203773,25038.0,119.92,68.02060867481428,77.9734803099289,0.0,29.62764183185236,0.0,0.0,159.7571691029635,0,0,0,0,False,True,False,False
2800704,11961.826347305388,8016.0,55.43,6.699101796407185,46.057884231536924,0.0,56.33959119496856,0.0,0.0,274.4510978043912,0,0,0,0,False,True,False,False
2801009,12746.808967070683,18646.0,90.06,108.99924916872251,67.38174407379599,0.0,18.35836624775584,0.0,0.0,182.34473881797706,0,0,0,0,False,True,False,False
2801108,21902.983138780804,3855.0,22.09,48.17120622568093,43.47600518806745,0.0,25.320752688172043,0.0,0.0,311.284046692607,0,0,0,0,False,True,False,False
2801207,86447.76208533636,33491.0,28.73,67.51664626317518,51.84676480248425,13.60066883640381,40.27694024950755,6.0,17.91526081633872,137.3503329252635,0,0,0,0,False,True,False,False
2801306,11776.806455556914,32716.0,71.56,78.35921261767942,77.02653136080205,0.4187553490646778,36.84196584756352,12.0,36.679300648000975,978.1146839466927,1,1,0,0,False,True,False,False
2801405,18696.43120846665,20315.0,31.22,87.87103125769136,86.98990893428501,0.0,27.01198910081744,0.0,0.0,206.7437853802609,0,0,0,0,False,True,False,False
2801504,29804.71119260879,14179.0,298.59,65.69574723182171,99.91536779744693,0.0,29.491061800082957,0.0,0.0,733.4790887932859,0,0,0,0,False,True,False,False
2801603,11728.018971178402,5482.0,64.4,35.133163079168185,78.36556001459321,0.0,39.92853603603604,0.0,0.0,182.41517694272164,0,0,0,0,False,True,False,False
2801702,14298.249615143395,17539.0,74.82,25.953589144192943,91.09413307486173,0.0,39.31095070422535,0.0,0.0,171.04738012429442,0,0,0,0,False,True,False,False
2801900,17790.322580645163,3906.0,29.78,130.0563236047107,85.20225294418843,0.0,39.00544502617801,0.0,0.0,307.21966205837174,0,0,0,0,False,True,False,False
2802007,42548.83825851568,4433.0,47.95,21.36250845928265,70.1556508008121,0.04511617414843221,68.29942418426104,6.0,135.34852244529665,857.207308820212,0,0,0,0,False,True,False,False
2802106,31750.17169816955,66978.0,100.53,106.81865687240587,84.3097733584162,20.983009346352535,58.47117259069256,21.0,31.35357878706441,298.6055122577563,1,1,1,0,False,True,False,False
2802205,18514.25809569841,6207.0,32.6,95.36007733204447,85.29080070887707,0.0,32.03258566978194,0.0,0.0,451.1035927178991,0,0,0,0,False,True,False,False
2802304,21818.126847621606,14884.0,36.4,74.67078742273583,75.86670249932814,0.020155872077398548,22.91368582375479,6.0,40.3117441547971,470.30368180596616,0,0,0,0,False,True,False,False
2802403,15884.52349349615,11301.0,16.89,85.45261481284842,98.9912397132997,0.0,33.39848987108656,0.0,0.0,566.3215644633218,0,0,0,0,False,True,False,False
2802502,13992.928318868531,3111.0,153.44,87.36740597878496,65.34876245580199,0.0,65.40081081081081,0.0,0.0,192.86403085824494,0,0,0,0,False,True,False,False
2802601,16889.446395718347,5979.0,24.04,73.39019902993812,80.61548753972237,0.0,29.34646017699115,0.0,0.0,602.1073758153537,0,0,0,0,False,True,False,False
2802700,11985.285462036492,8495.0,157.91,6.7451442024720425,96.68040023543261,0.0,55.054816568047336,0.0,0.0,117.71630370806356,0,0,0,0,False,True,False,False
2802809,13550.651955867605,16949.0,52.32,89.72800755206796,52.351171160540446,0.0,25.14831560283688,0.0,0.0,153.4013806124255,0,0,0,0,False,True,False,False
2802908,20416.159324035125,108408.0,306.68,138.49715888126337,72.43838093129658,26.951885469707033,83.16780207697006,102.0,94.08899712198362,354.21740092982066,1,1,1,0,False,True,False,False
2803005,12722.538823194189,42114.0,81.07,9.780595526428266,107.47732345538302,0.0,19.452439926062848,6.0,14.247043738424278,189.96058317899036,0,0,0,0,False,True,False,False
2803104,16820.85838689612,4823.0,25.87,85.42400995231183,62.07754509641302,0.0,31.856323529411764,0.0,0.0,373.21169396641096,0,0,0,0,False,True,False,False
2803203,24544.656052198647,35863.0,46.52,173.3095390792739,60.27939659258846,11.532777514429913,39.55606331727461,21.0,58.55617209937819,239.80146669269163,1,1,1,0,False,True,False,False
2803302,32050.692083535698,16472.0,44.33,87.36036911121904,87.39679456046625,0.0,34.216051660516605,0.0,0.0,242.83632831471587,0,0,0,0,False,True,False,False
2803401,15368.351936966514,13707.0,33.32,40.41000948420515,75.72773035675202,0.0,39.96994680851064,0.0,0.0,919.2383453709783,0,0,0,0,False,True,False,False
2803500,17036.31179067432,105558.0,104.84,161.53394342446808,68.12463290323804,24.19617650959662,66.92871059113301,87.0,82.4191439777184,94.73464825025104,1,1,1,0,False,True,False,False
2803609,48076.4170459247,24170.0,147.74,197.7492759619363,91.11708729830369,0.0,28.75771342610004,0.0,0.0,20620.604054613155,0,0,0,1,False,True,False,False
2803708,12747.010250569476,7024.0,49.73,41.37243735763098,117.05580865603645,0.0,33.26204724409449,0.0,0.0,484.05466970387243,0,0,0,0,False,True,False,False
2803807,14391.707583196943,3666.0,56.63,95.49918166939443,70.86743044189852,0.0,19.51648888888889,0.0,0.0,1091.1074740861975,0,0,0,0,False,True,False,False
2803906,14769.611186903136,11728.0,113.19,62.90927694406548,78.27421555252387,0.008526603001364257,40.51126453488372,0.0,0.0,187.58526603001366,0,0,0,0,False,True,False,False
2804003,28069.733959311423,15975.0,164.5,50.04068857589984,72.56964006259781,0.0,39.81364302235929,0.0,0.0,312.98904538341156,0,0,0,0,False,True,False,False
2804102,18290.928419560594,11288.0,115.81,58.46917080085046,86.144578313253,0.0,37.48885286783042,0.0,0.0,212.61516654854714,0,0,0,0,False,True,False,False
2804201,14862.40836274776,14732.0,37.05,24.735270160195494,94.22345913657344,0.0,24.880103244837755,0.0,0.0,122.18300298669563,0,0,0,0,False,True,False,False
2804300,12032.864434208888,8033.0,105.26,45.82347815262044,102.09137308602017,0.0,35.80906896551724,0.0,0.0,124.48649321548612,0,0,0,0,False,True,False,False
2804409,19988.283609131537,16558.0,60.54,11.3177920038652,69.24145428191811,0.0,34.625093457943926,0.0,0.0,253.6538229254741,0,0,0,0,False,True,False,False
2804458,11573.29401853412,9496.0,27.09,20.75610783487784,73.39932603201348,0.0,33.1708125,0.0,0.0,189.55349620893008,0,0,0,0,False,True,False,False
2804508,18282.04831811352,43255.0,54.34,113.87122875968096,78.24991330482025,26.33221592879436,49.636331145149526,15.0,34.67807189920241,203.44468847532076,1,1,1,0,False,True,False,False
2804607,16279.750949602538,25537.0,51.81,134.83181266397776,72.91381133257626,0.0,41.476345270890725,0.0,0.0,313.27094020440927,0,0,0,0,False,True,False,False
2804706,14235.633978763271,6404.0,74.83,104.84072454715803,97.92317301686445,0.0,32.49632867132868,0.0,0.0,187.38288569643973,0,0,0,0,False,True,False,False
2804805,15967.883428006917,202450.0,1240.69,143.44381328723142,72.36848604593727,24.33934304766609,65.99939037548555,138.0,68.16497900716226,130.40256853544085,1,1,1,0,False,True,False,False
2804904,18620.11173184357,12709.0,32.78,16.67322369974034,89.41694861908883,0.0,32.36038986354776,0.0,0.0,62.947517507278306,0,0,0,0,False,True,False,False
2805000,17037.61533002129,2818.0,33.79,117.99148332150462,123.45635202271114,0.0,101.41853281853282,0.0,0.0,567.77856635912,0,0,0,0,False,True,False,False
2805109,13340.884573894282,7416.0,221.81,80.89266450916936,80.11057173678533,0.09439050701186623,40.674573002754826,12.0,161.81229773462783,458.46817691477884,1,1,0,0,False,True,False,False
2805208,15873.461605130871,5769.0,36.3,77.81244583116658,98.71728202461432,0.0,57.05134246575343,0.0,0.0,138.67221355520888,0,0,0,0,False,True,False,False
2805307,17160.880925718553,8037.0,37.92,64.55144954585045,89.66032101530422,0.0,47.39132183908046,6.0,74.65472191116088,522.5830533781261,0,0,0,0,False,True,False,False
2805406,14295.600508294125,29117.0,27.4,35.38482673352337,92.30689974928735,0.0,32.66756284916201,0.0,0.0,322.83545694954836,0,0,0,0,False,True,False,False
2805505,14508.958314576394,22214.0,49.38,151.4945529846043,97.56009723597731,0.0,17.423209876543208,0.0,0.0,117.0433060232286,0,0,0,0,False,True,False,False
2805604,13402.303473491773,27350.0,30.27,21.352833638025594,74.75685557586837,0.0,31.51726883561644,0.0,0.0,263.25411334552103,0,0,0,0,False,True,False,False
2805703,20324.093425732408,27273.0,276.35,53.034136325303415,79.24687419792468,20.401129322040113,21.634261270154656,12.0,43.99956000439995,153.99846001539984,1,1,0,0,False,True,False,False
2805802,17702.998008504226,18579.0,34.51,52.769255611173904,60.12702513590613,0.005382421012971634,33.23789085545723,0.0,0.0,86.11873620754615,0,0,0,0,False,True,False,False
2805901,25059.2676056338,8875.0,111.71,39.51549295774648,73.85915492957747,0.0,23.27967774420947,0.0,0.0,135.2112676056338,0,0,0,0,False,True,False,False
2806008,19550.91579311139,17362.0,65.75,156.34143531851169,89.54613523787582,0.0,29.94489468405216,0.0,0.0,218.86879391775142,0,0,0,0,False,True,False,False
2806107,49368.98620907464,9499.0,90.52,106.61122223391936,111.58016633329824,0.0,37.23219390926041,0.0,0.0,4063.5856405937466,0,0,0,1,False,True,False,False
2806206,10471.740804929714,20772.0,81.91,133.6799537839399,58.569227806662816,0.0,36.24731292517007,0.0,0.0,105.91180435201233,0,0,0,0,False,True,False,False
2806305,13798.066595059076,13965.0,41.86,31.42141066953097,27.719298245614034,0.0,23.848532110091742,0.0,0.0,286.4303616183315,0,0,0,0,False,True,False,False
2806404,14179.681274900398,7530.0,166.89,2.191235059760956,72.66932270916335,0.0,29.985451448040884,0.0,0.0,106.24169986719788,0,0,0,0,False,True,False,False
2806503,13641.406636948985,4038.0,58.18,72.41208519068846,39.722634967805845,0.024764735017335313,46.331954022988505,0.0,0.0,445.76523031203567,0,0,0,0,False,True,False,False
2806602,14841.550854209085,11297.0,46.81,40.40895813047712,55.63423917854298,0.0,31.24639534883721,0.0,0.0,424.89156413207047,0,0,0,0,False,True,False,False
2806701,10280.390593862096,100360.0,218.27,132.07752092467118,81.55141490633719,0.0,41.26383132708072,9.0,8.967716221602233,406.53646871263453,1,0,0,0,False,True,False,False
2806800,12817.725118483411,10550.0,101.25,43.8957345971564,123.80094786729858,0.0,26.314568138195774,0.0,0.0,170.61611374407582,0,0,0,0,False,True,False,False
2806909,16862.473668371953,3323.0,38.61,202.9491423412579,123.08155281372254,0.0,30.050643564356434,0.0,0.0,361.11947035811016,0,0,0,0,False,True,False,False
2807006,14318.299339270325,3481.0,23.7,51.680551565642055,78.79919563343867,0.0,31.593636363636364,0.0,0.0,1264.0045963803504,0,0,0,0,False,True,False,False
2807105,17848.210455007338,44285.0,76.01,154.43152308908208,65.58654171841481,17.940611945353957,30.292021225277377,6.0,13.548605622671333,1020.6616235745738,0,0,0,0,False,True,False,False
2807204,22136.27254509018,7984.0,46.54,50.78907815631263,41.25751503006012,0.0,37.948670886075945,0.0,0.0,200.40080160320642,0,0,0,0,False,True,False,False
2807303,13080.64037948414,3373.0,68.41,19.033501334123926,54.96590572190928,0.0,27.49149253731343,0.0,0.0,177.88319003854136,0,0,0,0,False,True,False,False
2807402,12464.428943417026,52613.0,49.68,77.00378233516432,72.40986068082033,17.273297474008324,29.499656593406595,30.0,57.02012810522114,79.8281793473096,1,1,1,0,False,True,False,False
2807501,12100.86455331412,12145.0,39.4,78.68258542610127,71.94730341704405,0.0,28.303013972055886,0.0,0.0,0.0,0,0,0,0,False,True,False,False
2807600,16365.18868693455,24538.0,203.52,75.3810416496862,87.30540386339555,18.783111908060967,46.70747790868925,6.0,24.45187056809846,81.50623522699486,0,0,0,0,False,True,False,False
2900108,9398.416532474504,7452.0,13.55,38.58024691358025,64.00966183574879,0.0,14.507218543046358,0.0,0.0,456.25335480407944,0,0,0,0,False,True,False,False
2900207,11429.879385964912,18240.0,10.99,46.35964912280702,47.23684210526316,0.0,22.40134375,0.0,0.0,449.56140350877195,0,0,0,0,False,True,False,False
2900306,10154.132958142807,14215.0,76.02,67.83679212099895,75.51881814984172,0.0,29.557324955116695,0.0,0.0,98.48751319029195,0,0,0,0,False,True,False,False
2900355,16525.147725711144,14554.0,22.57,113.55641060876735,49.66332279785626,0.0,39.20754629629629,0.0,0.0,13.74192661811186,0,0,0,0,False,True,False,False
2900405,10648.712258758658,14871.0,19.52,37.347858247595994,39.983861206374826,7.9012843789926706,21.080359342915813,12.0,80.69396812588259,363.1228565664717,1,1,0,0,False,True,False,False
2900504,7119.747899159664,10948.0,14.42,11.070515162586775,40.05297771282426,0.0,23.52586666666667,0.0,0.0,73.07270734380708,0,0,0,0,False,True,False,False
2900603,11709.332751853468,4586.0,26.49,38.63933711295246,58.9838639337113,0.0,53.49565625,0.0,0.0,305.27692978630614,0,0,0,0,False,True,False,False
2900702,28217.12663853307,160662.0,213.4,129.93427194980768,118.3652637213529,25.800126974642417,56.47912180669685,135.0,84.02733689360272,13260.13618652824,1,1,1,1,False,True,False,False
2900801,13631.48191731388,25494.0,16.6,4.424570487173453,75.75115713501216,0.0,37.03765049415993,3.0,11.767474699929394,337.33427473130934,0,0,0,0,False,True,False,False
2900900,11796.320630749016,5327.0,21.28,10.812840247794256,67.73042988548902,0.0,10.932549019607844,0.0,0.0,0.0,0,0,0,0,False,True,False,False
2901007,12039.243203908729,38478.0,84.61,91.26773740838921,84.55221165341234,5.566817402151879,29.8738485033598,18.0,46.77997816934352,51.9777535214928,1,1,1,0,False,True,False,False
2901106,17620.210882163556,24848.0,144.65,19.30135222150676,118.35157759175789,6.056825499034128,35.343223733003704,6.0,24.146812620734064,1577.5917578879587,0,0,0,0,False,True,False,False
2901155,10773.021882821024,15583.0,18.41,63.79387794391324,121.02932683052043,0.0,39.04777908343126,0.0,0.0,102.67599306937046,0,0,0,0,False,True,False,False
2901205,8414.299082912221,26715.0,13.39,82.74377690436084,61.60958263148044,0.0,32.20662473794549,0.0,0.0,344.37581882837355,0,0,0,0,False,True,False,False
2901304,9929.347424432784,13531.0,8.22,1.640676964008573,68.46500628187125,0.0,28.47569506726457,0.0,0.0,679.920183282832,0,0,0,0,False,True,False,False
2901353,14417.500807232806,15485.0,11.02,28.666451404585082,61.336777526638684,0.0,10.59856603773585,0.0,0.0,11662.899580238942,0,0,0,1,False,True,False,False
2901403,13427.77542671745,14178.0,8.97,35.590351248413036,57.25067005219354,0.0,40.11186956521739,0.0,0.0,169.27634363097758,0,0,0,0,False,True,False,False
2901502,6875.960195530726,11456.0,58.73,77.60125698324022,43.88093575418994,0.0,31.868242574257422,0.0,0.0,139.66480446927375,0,0,0,0,False,True,False,False
2901601,10664.03293274019,15061.0,44.43,20.682557599097006,79.60294801142022,0.0,27.05069124423963,0.0,0.0,478.0559059823385,0,0,0,0,False,True,False,False
2901700,10803.060603425787,11501.0,37.97,20.737327188940093,35.71863316233371,0.0,42.152640218878254,0.0,0.0,226.06729849578298,0,0,0,0,False,True,False,False
2901809,7350.391598433606,11236.0,31.46,33.98896404414382,67.65752936988252,0.0,19.854691943127964,0.0,0.0,320.3987184051264,0,0,0,0,False,True,False,False
2901908,9064.04542401856,16379.0,33.22,43.14060687465657,75.45637706819709,0.0,15.841913580246915,0.0,0.0,183.16136516270834,0,0,0,0,False,True,False,False
2901957,10432.386842845097,7114.0,45.83,43.5338768625246,146.13438290694404,0.0,78.39954545454546,0.0,0.0,0.0,0,0,0,0,False,True,False,False
2902005,10097.212591873527,14422.0,9.35,15.49022327000416,39.932048259603384,0.0,50.72691176470588,0.0,0.0,235.7509360698932,0,0,0,0,False,True,False,False
2902054,25021.178637200737,11946.0,24.35,47.42173112338858,63.32663653105642,0.0,19.373854047890536,0.0,0.0,1071.4883643060439,0,0,0,0,False,True,False,False
2902104,9753.61570247934,50336.0,32.28,28.21439923712651,64.55816910362365,3.345518118245391,32.03760106030484,9.0,17.87984742530197,83.43928798474253,1,0,0,0,False,True,False,False
2902203,10243.03497332543,10122.0,26.65,4.534676941315945,55.2756372258447,0.0,22.515959952885748,0.0,0.0,316.14305473226636,0,0,0,0,False,True,False,False
2902252,9685.940934722355,10463.0,23.38,77.73105227946095,44.85329255471662,0.0,30.04980879541109,0.0,0.0,496.9893911879958,0,0,0,0,False,True,False,False
2902302,8906.803251308318,8981.0,49.86,92.04988308651598,51.709163790223805,0.0,39.292184724689164,0.0,0.0,22.269235051775972,0,0,0,0,False,True,False,False
2902401,11998.071697782452,11409.0,25.1,23.174686650889647,60.776579893066874,14.70768691383995,42.319437819420784,12.0,105.1801209571391,245.42028223332457,1,1,0,0,False,True,False,False
2902500,18687.10134656272,14110.0,4.1,45.138199858256556,41.62296243798724,0.0,63.0085593220339,0.0,0.0,1148.1218993621544,0,0,0,0,False,True,False,False
2902609,10410.813704496788,18680.0,18.83,98.92933618843684,65.05888650963597,0.0,37.26856140350877,3.0,16.059957173447536,256.9593147751606,0,0,0,0,False,True,False,False
2902658,9220.32659029978,12309.0,29.2,48.53359330571127,52.880006499309445,0.0,32.76976863753214,0.0,0.0,81.24136810463888,0,0,0,0,False,True,False,False
2902708,8038.447167837394,53528.0,4.47,97.7918098938873,60.6673143027948,0.0,30.846508982035928,0.0,0.0,123.29995516365267,0,0,0,0,False,True,False,False
2902807,13665.651511855558,27582.0,15.7,68.72598071205859,84.12007831194258,0.0,30.933502252252254,0.0,0.0,543.8329345225147,0,0,0,0,False,True,False,False
2902906,14895.844702580494,38481.0,47.71,8.256022452638964,67.57880512460694,0.0,23.530027643400132,3.0,7.796055196070788,93.55266235284945,0,0,0,0,False,True,False,False
2903003,8061.624259323807,14345.0,9.63,112.54095503659812,49.836179853607526,0.0,29.592685560053983,0.0,0.0,69.71070059254096,0,0,0,0,False,True,False,False
2903102,13148.47972972973,5920.0,26.93,27.094594594594593,58.29391891891892,0.0,54.94819672131148,0.0,0.0,50540.54054054054,0,0,0,1,False,True,False,False
2903201,41059.97644535851,170667.0,19.84,100.41953043060462,105.4421768707483,33.48216116765397,58.91614507082423,141.0,82.61702613862083,2115.2302436909304,1,1,1,1,False,True,False,False
2903235,8104.881029401194,13911.0,32.46,114.82999065487743,64.36632880454317,0.0,42.71730263157895,0.0,0.0,215.65667457407807,0,0,0,0,False,True,False,False
2903276,21969.700819411803,15743.0,73.34,0.26043320841008705,65.83878549196469,10.989010989010989,35.566431411530814,24.0,152.44870736200215,1435.558660992187,1,1,1,0,False,True,False,False
2903300,13387.529332886355,5966.0,28.94,2.9835735836406303,65.01843781428093,0.0,56.76620977353993,0.0,0.0,167.61649346295675,0,0,0,0,False,True,False,False
2903409,18165.799581854422,20567.0,10.37,29.552195264258277,46.584334127485775,0.0,33.6793083573487,0.0,0.0,31827.685126659213,0,0,0,1,False,True,False,False
2903508,8892.658334208592,19042.0,23.83,112.61947274445961,77.84896544480621,0.0,32.44182882882883,0.0,0.0,63.018590484192835,0,0,0,0,False,True,False,False
2903607,9307.574009996157,15606.0,27.35,57.497116493656286,53.10137126746123,0.0,55.70522012578617,0.0,0.0,64.07791874919903,0,0,0,0,False,True,False,False
2903706,7936.592655849701,14052.0,16.13,22.388272132080843,58.717620267577566,0.0,20.040173310225303,0.0,0.0,71.16424708226587,0,0,0,0,False,True,False,False
2903805,8966.429768301843,17307.0,5.68,4.189056451146935,49.11307563413648,0.0,39.55923603192702,0.0,0.0,265.78840931415033,0,0,0,0,False,True,False,False
2903904,19753.012925011644,68704.0,15.93,21.34227992547741,73.34216348393106,19.22886585933861,44.83080010357328,27.0,39.29902189101071,628.7843502561714,1,1,1,0,False,True,False,False
2903953,6971.08097327483,10028.0,20.79,22.756282409254087,43.817311527722374,0.0,29.764792243767317,0.0,0.0,478.6597526924611,0,0,0,0,False,True,False,False
2904001,8348.908111174134,14104.0,15.19,6.990924560408395,59.15343165059558,0.0,17.867009345794393,0.0,0.0,56.72149744753261,0,0,0,0,False,True,False,False
2904050,16508.509729762704,16393.0,20.02,166.7358018666504,67.16891356066614,0.0,34.64770428015564,0.0,0.0,475.8128469468676,0,0,0,0,False,True,False,False
2904100,9518.230873972465,19829.0,13.55,47.057340259216296,84.76473851429724,0.0,30.987505154639177,0.0,0.0,857.3301729789702,0,0,0,0,False,True,False,False
2904209,9629.655595478049,11411.0,17.56,27.850319866795196,55.71816668127246,0.0,46.96442687747036,0.0,0.0,140.21558145648936,0,0,0,0,False,True,False,False
2904308,10864.67751657625,13272.0,24.96,33.47649186256781,92.81946955997589,0.0,24.91439071566731,0.0,0.0,210.9704641350211,0,0,0,0,False,True,False,False
2904407,13454.303082009172,9377.0,4.05,11.688173189719526,47.00863815719313,0.0,52.76429824561404,0.0,0.0,0.0,0,0,0,0,False,True,False,False
2904506,7917.823978962939,12169.0,4.67,36.30536609417372,43.48755033281289,0.0,12.865088757396448,0.0,0.0,567.0145451557236,0,0,0,0,False,True,False,False
2904605,24047.533571765976,74095.0,31.94,50.69302921924556,71.99136244011066,19.253660840812472,39.53824531874606,21.0,28.34199338686821,3735.7446521357715,1,1,1,1,False,True,False,False
2904704,13889.280021253986,15056.0,67.45,45.178002125398514,85.2683315621679,0.0,33.32050587634134,0.0,0.0,265.6748140276302,0,0,0,0,False,True,False,False
2904753,7659.063922422323,20212.0,4.84,14.941618840292895,58.48505838115971,0.0,27.56970588235294,0.0,0.0,168.2169008509796,0,0,0,0,False,True,False,False
2904803,12425.449871465296,6224.0,12.11,15.13496143958869,65.02249357326478,0.0,39.06909090909091,0.0,0.0,0.0,0,0,0,0,False,True,False,False
2904852,8278.067961734843,17039.0,74.58,11.655613592346969,65.56722812371618,0.0,54.57191166321601,0.0,0.0,293.4444509654322,0,0,0,0,False,True,False,False
2904902,15683.731587561377,30550.0,74.07,89.53846153846153,44.14402618657938,0.0,30.253998510796723,0.0,0.0,988.543371522095,0,0,0,0,False,True,False,False
2905008,15641.52972554418,23246.0,36.76,172.3178181192463,85.90295104534114,0.0,29.381571087216248,0.0,0.0,129.05446098253464,0,0,0,0,False,True,False,False
2905107,8595.768477956939,10729.0,19.2,30.57134868114456,49.79960853760835,0.0,31.25438829787234,0.0,0.0,74.56426507596234,0,0,0,0,False,True,False,False
2905156,8910.260869565218,11500.0,14.69,4.591304347826087,46.61739130434783,0.0,19.2802024291498,0.0,0.0,313.04347826086956,0,0,0,0,False,True,False,False
2905206,20126.51176427472,54572.0,19.62,81.63343839331526,64.8867551125119,13.424466759510372,43.30012220817531,18.0,32.9839478120648,3320.384079747856,1,1,1,1,False,True,False,False
2905305,12047.729918509896,18039.0,27.14,32.950828759909086,81.83380453461943,0.0,28.903515283842797,0.0,0.0,88.69671267808637,0,0,0,0,False,True,False,False
2905404,81620.794114465,18486.0,39.57,123.85048144541815,121.52439684085253,7.053986800822244,30.063006300630065,9.0,48.685491723466406,1384.8317645786,1,0,0,0,False,True,False,False
2905503,7510.319917440661,13566.0,28.54,109.81129293822792,79.41913607548283,0.0,20.05536809815951,0.0,0.0,648.6805248415155,0,0,0,0,False,True,False,False
2905602,15561.21462471436,22756.0,38.61,187.18579715239937,79.20108982246441,4.17032870451749,24.20405610561056,9.0,39.55000878889084,369.13341536298117,1,0,0,0,False,True,False,False
2905701,106423.0699386964,319394.0,382.43,109.72466608640113,88.24774416551344,41.23026731873485,80.9380159569113,402.0,125.86335372611883,8293.831443295741,1,1,1,1,False,True,False,False
2905800,14732.2423288749,31775.0,36.29,53.11723052714398,59.273013375295044,4.871754523996853,32.97873127340824,9.0,28.32415420928403,138.47364280094413,1,0,0,0,False,True,False,False
2905909,9115.081693794978,32377.0,10.52,54.041449176884825,46.6534885875776,0.0,41.19448818897638,0.0,0.0,203.8484109089786,0,0,0,0,False,True,False,False
2906006,27667.38323497209,74894.0,9.97,79.70999011936871,61.98894437471627,2.5315779635217774,25.10379067357513,9.0,12.01698400405907,774.4278580393623,1,0,0,0,False,True,False,False
2906105,7993.120995099887,10612.0,22.21,74.4911421032793,57.632868450810406,0.0,56.89948717948717,0.0,0.0,56.539766302299284,0,0,0,0,False,True,False,False
2906204,10344.311497058708,24989.0,41.75,55.00020008803874,89.99559806314778,0.0,37.69042990654206,0.0,0.0,224.0986033854896,0,0,0,0,False,True,False,False
2906303,11498.908074425648,34343.0,24.49,63.77427714526978,77.41024371778819,0.0,40.50161376953125,0.0,0.0,180.53169495967154,0,0,0,0,False,True,False,False
2906402,8500.313715648137,7969.0,17.36,51.73798469067637,46.66833981679006,0.0,31.8809962406015,0.0,0.0,50.194503701844646,0,0,0,0,False,True,False,False
2906501,90898.5389502284,75083.0,287.45,167.73437395948483,100.09456201803337,32.10580291144467,43.86913303667332,42.0,55.938095174673364,8302.811555212233,1,1,1,1,False,True,False,False
2906600,10466.517690875233,13425.0,30.02,92.58100558659218,70.66666666666667,0.0,44.44425714285714,0.0,0.0,417.13221601489755,0,0,0,0,False,True,False,False
2906709,9236.652182127338,26465.0,21.58,39.52389948989231,63.975061401851505,0.0,25.005654174884945,0.0,0.0,60.457207632722465,0,0,0,0,False,True,False,False
2906808,8905.475781170999,39556.0,27.69,15.666397006775204,64.47062392557388,4.024673880068764,17.2413661971831,6.0,15.16836889473152,176.96430377186772,0,0,0,0,False,True,False,False
2906824,9178.67002760773,16662.0,4.52,38.806865922458286,72.46429000120034,0.0,17.570615671641793,0.0,0.0,144.04033129276198,0,0,0,0,False,True,False,False
2906857,11699.864314789687,11055.0,17.07,65.63545906829489,75.85707824513794,0.0,55.88199237368923,0.0,0.0,180.91361374943463,0,0,0,0,False,True,False,False
2906873,16446.86045191325,35228.0,71.51,172.7262404905189,96.44884750766435,0.0,28.10298056722689,3.0,8.515953219030317,136.25525150448507,0,0,0,0,False,True,False,False
2906899,8394.249512670565,10260.0,12.34,44.7270955165692,43.75243664717349,0.0,30.477937584803257,0.0,0.0,292.39766081871346,0,0,0,0,False,True,False,False
2906907,16856.89387159075,21229.0,8.65,44.33086815205615,75.02944085920204,0.0,23.638348875479977,0.0,0.0,744.2649206274436,0,0,0,0,False,True,False,False
2907004,13648.830206161689,8634.0,28.51,15.38105165624276,48.980773685429696,0.0,15.248132611637349,0.0,0.0,12601.34352559648,0,0,0,1,False,True,False,False
2907103,9494.748971193416,30375.0,11.43,45.33004115226338,62.699588477366255,0.0,31.7503299856528,0.0,0.0,65.84362139917695,0,0,0,0,False,True,False,False
2907202,11539.65574094836,75815.0,7.47,125.81283387192508,54.58022818703423,2.875420431313065,20.11856298600311,9.0,11.871001780650268,1034.0961551144233,1,0,0,0,False,True,False,False
2907301,12439.24463114915,25471.0,34.62,55.16862314004162,78.6502296729614,0.0,29.525222042139383,0.0,0.0,180.59754230301127,0,0,0,0,False,True,False,False
2907400,22725.842696629214,3560.0,4.89,53.96067415730337,68.25842696629213,0.0,37.48,0.0,0.0,168.53932584269663,0,0,0,0,False,True,False,False
2907509,13858.014475704344,50153.0,112.77,73.09831914342114,70.90104280900445,21.368612047135766,73.91519736842106,18.0,35.89017606125257,28349.25129104939,1,1,1,1,False,True,False,False
2907558,8577.180471749864,9115.0,12.34,6.8019747668678,31.234229292375204,0.0,36.17474226804124,0.0,0.0,109.70927043335162,0,0,0,0,False,True,False,False
2907608,9166.953528399312,16849.0,28.83,29.98991038043801,78.27764259006469,0.0,39.636695957820734,0.0,0.0,783.429283637011,0,0,0,0,False,True,False,False
2907707,9641.961753133864,10929.0,3.52,46.60078689724586,48.019031933388234,0.0,31.054886877828054,0.0,0.0,164.69942355201758,0,0,0,0,False,True,False,False
2907806,12380.06693938267,32268.0,37.69,77.23441180116524,61.91892896987728,14.822734597743894,54.53312727272728,15.0,46.48568240981778,123.96181975951407,1,1,1,0,False,True,False,False
2907905,8695.8959407939,17836.0,102.36,25.12334604171339,87.87844808252972,0.005606638259699484,30.735603130755063,0.0,0.0,134.55931823278763,0,0,0,0,False,True,False,False
2908002,10805.469059616147,17663.0,63.14,7.5864802128743705,78.4747777840684,0.0,29.81128196022728,0.0,0.0,90.58483836267905,0,0,0,0,False,True,False,False
2908101,28220.971892819296,19817.0,1.89,18.549730029772416,59.8072362113337,0.0,30.703295750216828,0.0,0.0,4006.6609476711915,0,0,0,1,False,True,False,False
2908200,17481.975905856085,21499.0,126.22,18.940415833294573,97.3952276850086,0.0,28.76574291115312,0.0,0.0,279.0827480347923,0,0,0,0,False,True,False,False
2908309,12364.372219476025,16184.0,55.45,55.332427088482454,89.74913494809688,0.0,38.79752941176471,0.0,0.0,284.2313395946614,0,0,0,0,False,True,False,False
2908408,12389.225419260754,71316.0,66.81,9.131190756632453,76.99814908295474,8.554882494811823,36.77744917529728,9.0,12.619888944977284,210.33148241628808,1,0,0,0,False,True,False,False
2908507,73819.00077521452,37409.0,307.38,115.52834879307119,91.41650404982758,0.0,31.69753353973168,3.0,8.019460557619825,1336.576759603304,0,0,0,0,False,True,False,False
2908606,11804.534664811328,24434.0,25.4,12.069247769501514,76.66775804207252,0.0,24.43928668478261,6.0,24.555946631742653,965.8672341818777,0,0,0,0,False,True,False,False
2908705,9718.171987934666,17571.0,12.65,47.862956007057086,58.118490694894994,0.0,17.52395256916996,0.0,0.0,22.764782880883274,0,0,0,0,False,True,False,False
2908804,11292.873051224944,4490.0,4.43,80.40089086859689,88.53006681514476,0.0,40.04843181818182,0.0,0.0,1425.3897550111358,0,0,0,0,False,True,False,False
2908903,7994.514827659424,28258.0,70.54,73.20404841106944,52.60457215655744,2.544412201854342,37.28290311537145,3.0,10.616462594663458,707.7641729775639,0,0,0,0,False,True,False,False
2909000,9096.48331830478,7763.0,14.41,0.6054360427669715,68.89089269612263,0.0,29.592266666666667,0.0,0.0,0.0,0,0,0,0,False,True,False,False
2909109,11684.112278761062,14464.0,5.25,8.821902654867257,60.232300884955755,0.0,31.9187617260788,0.0,0.0,235.06637168141592,0,0,0,0,False,True,False,False
2909208,9950.71903598022,17593.0,21.39,71.13624737111351,72.50611038481215,0.0,36.56699115044248,0.0,0.0,22.73631558006025,0,0,0,0,False,True,False,False
2909307,95983.41086632144,34179.0,2.82,53.54457415372012,101.3634102811668,0.0,26.219865642994243,0.0,0.0,1164.4577079493256,0,0,0,0,False,True,False,False
2909406,12712.366389548692,13472.0,3.05,37.25504750593824,60.35480997624703,0.0,31.004229885057477,0.0,0.0,1113.4204275534441,0,0,0,0,False,True,False,False
2909505,10158.61763402747,4514.0,24.18,39.167035888347364,62.18431546300399,0.0,41.671474820143885,0.0,0.0,177.22640673460344,0,0,0,0,False,True,False,False
2909604,10116.944403480313,20343.0,30.99,26.8495305510495,89.90807648822691,0.0,25.300765306122447,0.0,0.0,127.80809123531436,0,0,0,0,False,True,False,False
2909703,10874.259335813696,14514.0,13.29,40.59528730880529,55.429240733085294,0.0,46.00241730279898,0.0,0.0,110.23839051949841,0,0,0,0,False,True,False,False
2909802,16486.306029777068,63203.0,433.79,124.11277945667136,117.76181510371343,8.22903976077085,36.556559171597634,3.0,4.746610129266016,332.2627090486211,0,0,0,0,False,True,False,False
2909901,9852.613753088475,36021.0,5.74,30.49609949751534,62.25535104522362,0.0,41.45776938569991,0.0,0.0,444.1853363315844,0,0,0,0,False,True,False,False
2910008,11360.645393906616,11094.0,26.16,22.05696773030467,45.90769785469623,0.0,18.171222222222223,0.0,0.0,0.0,0,0,0,0,False,True,False,False
2910057,40666.90205588051,75053.0,389.01,81.27456597337881,82.18592194848974,5.266944692417359,38.63276523043587,15.0,19.985876647169334,655.5367540271542,1,1,1,0,False,True,False,False
2910107,11545.53578682265,12309.0,17.24,56.90957835729954,52.88813063611991,0.0,29.489411764705885,0.0,0.0,243.72410431391665,0,0,0,0,False,True,False,False
2910206,9430.688753269398,4588.0,46.5,54.22842197035745,85.06974716652137,0.0,34.7319165085389,0.0,0.0,392.3278116826504,0,0,0,0,False,True,False,False
2910305,9493.80114059013,8066.0,43.54,57.05430200843045,214.29456979915696,0.0,50.26165094339623,0.0,0.0,967.0220679394992,0,0,0,0,False,True,False,False
2910404,13103.7624776043,19535.0,10.11,30.923982595341695,42.74379319170719,0.0,32.74214953271028,0.0,0.0,92.14230867673406,0,0,0,0,False,True,False,False
2910503,17063.681018495314,39902.0,32.08,80.0711743772242,98.66422735702471,0.0,32.35323410013532,12.0,30.073680517267306,2325.697960002005,1,1,0,1,False,True,False,False
2910602,21421.04492473496,34146.0,25.05,38.37052656240848,67.2084577988637,12.44948163767352,29.45424277016743,9.0,26.35740643120717,8492.942072277865,1,0,0,1,False,True,False,False
2910701,12310.037646985917,64547.0,30.34,55.08079384014749,69.58650285838226,14.959641811393249,47.45741403508772,18.0,27.886656234991555,71.26589926720064,1,1,1,0,False,True,False,False
2910727,26592.24162967265,120515.0,79.74,80.08048790606978,115.05455752395967,29.376426171016057,65.57740228051242,108.0,89.61540057254284,697.0086711197777,1,1,1,0,False,True,False,False
2910750,15149.547891060696,18469.0,49.11,103.36780551193893,74.17293843738156,0.0,31.432934131736527,0.0,0.0,54.14478315014348,0,0,0,0,False,True,False,False
2910776,10816.48068669528,5825.0,4.79,33.21888412017167,68.89270386266094,0.0,75.8680042462845,0.0,0.0,274.6781115879828,0,0,0,0,False,True,False,False
2910800,26275.24667602911,657948.0,472.45,88.12580933447629,84.94744265504265,34.475824837221175,91.64150403380717,969.0,147.27607652884421,1201.9186926626421,1,1,1,0,False,True,False,False
2910859,7485.005114951812,18573.0,30.87,89.12938136003876,69.80563183115275,0.0,25.169801699716714,0.0,0.0,183.06143326333927,0,0,0,0,False,True,False,False
2910909,14175.189772273272,5006.0,28.27,74.01118657610867,68.79744306831802,0.0,49.400794701986754,0.0,0.0,239.71234518577708,0,0,0,0,False,True,False,False
2911006,8868.204859290334,11442.0,34.45,44.2667365845132,55.56720852997728,0.0,29.11112795633717,0.0,0.0,734.1373885684321,0,0,0,0,False,True,False,False
2911105,168086.68538711203,27421.0,1.66,39.94019182378469,83.77156194157762,0.0,25.16953452288596,0.0,0.0,1859.8884066955982,0,0,0,1,False,True,False,False
2911204,13575.048618068242,33938.0,140.11,71.42436207201368,69.28516706936178,17.372856385172962,68.25335564853556,12.0,35.35859508515529,41.251694266014496,1,1,0,0,False,True,False,False
2911253,11104.384598263969,4493.0,11.34,90.94146450033385,91.43111506788337,0.0,50.8038578680203,0.0,0.0,489.6505675495215,0,0,0,0,False,True,False,False
2911303,11845.955784426884,11263.0,2.85,35.80751132025215,45.95578442688449,0.0,48.19841807909605,0.0,0.0,10601.083192755039,0,0,0,1,False,True,False,False
2911402,15811.100049776009,16072.0,9.91,40.45545047287207,48.18317570930812,0.012444001991040319,15.79849609375,0.0,0.0,174.21602787456445,0,0,0,0,False,True,False,False
2911501,13720.855038620442,5567.0,27.47,30.33950062870487,54.35602658523442,0.0,40.90870570107858,0.0,0.0,323.33393209987423,0,0,0,0,False,True,False,False
2911600,10407.431735009854,21314.0,192.84,37.00853898845829,90.43351787557474,0.0,24.20062318238471,0.0,0.0,422.2576710143568,0,0,0,0,False,True,False,False
2911659,8334.711246200608,8225.0,9.22,12.887537993920972,55.306990881458965,0.0,36.04310747663551,0.0,0.0,97.26443768996961,0,0,0,0,False,True,False,False
2911709,17752.903884381885,93065.0,69.02,142.88830387363672,88.73905334980927,17.9003921990007,45.140269531250006,36.0,38.68264116477731,2836.727018750336,1,1,1,1,False,True,False,False
2911808,14330.32324268856,19490.0,8.7,63.68907131862493,52.51410979989738,0.0,40.47841696113074,0.0,0.0,133.40174448435096,0,0,0,0,False,True,False,False
2911857,10746.290347254091,13074.0,39.27,89.27642649533425,108.45953801437969,0.0,23.36258064516129,0.0,0.0,122.38029677221968,0,0,0,0,False,True,False,False
2911907,9344.846642718983,25333.0,10.5,67.91536730746458,73.6351794102554,0.0,27.674014634146346,0.0,0.0,142.10713298859196,0,0,0,0,False,True,False,False
2912004,9177.608331783522,10754.0,21.58,35.88432211270225,68.70931746326949,0.0,29.505337423312884,0.0,0.0,353.35689045936397,0,0,0,0,False,True,False,False
2912103,9301.26126126126,22200.0,93.81,13.527027027027026,67.74774774774775,3.7882882882882885,42.80015690041627,12.0,54.054054054054056,90.09009009009009,1,1,0,0,False,True,False,False
2912202,20423.97418165053,21690.0,25.43,40.24896265560166,82.86768095896727,0.0,13.463027726432532,0.0,0.0,627.0170585523283,0,0,0,0,False,True,False,False
2912301,13703.411156158256,14306.0,12.23,43.74388368516706,62.04389766531525,0.0,28.40622857142857,0.0,0.0,908.7096323221026,0,0,0,0,False,True,False,False
2912400,10371.496964035498,17128.0,12.01,57.11700140121439,54.367118169079866,0.0,37.67666203059805,0.0,0.0,70.06071929005138,0,0,0,0,False,True,False,False
2912509,8182.942162615255,14316.0,14.53,23.260687342833194,55.12713048337525,0.0,20.295927272727276,0.0,0.0,13.970382788488404,0,0,0,0,False,True,False,False
2912608,9721.657544956995,3837.0,5.33,1.6419077404222049,71.93119624706802,0.0,44.85254054054054,0.0,0.0,1615.8457127964555,0,0,0,0,False,True,False,False
2912707,10663.768007762932,26794.0,53.62,21.725013062625962,61.61454056878406,0.0,50.2987969924812,0.0,0.0,7.464357692020601,0,0,0,0,False,True,False,False
2912806,48682.79511826331,9259.0,11.54,20.18576520142564,60.64369802354466,0.0,27.202439024390245,0.0,0.0,7927.4219678150985,0,0,0,1,False,True,False,False
2912905,10683.406451612904,19375.0,59.07,4.748387096774193,71.57161290322581,0.0,49.69029686174724,0.0,0.0,175.48387096774192,0,0,0,0,False,True,False,False
2913002,7538.109148851414,15062.0,7.98,22.526888859381224,37.292524233169566,0.0,41.74648535564854,0.0,0.0,146.0629398486257,0,0,0,0,False,True,False,False
2913101,8872.922497001542,17509.0,29.61,60.28899423153807,60.57456165400651,0.0,32.32991485335857,0.0,0.0,159.91775658232908,0,0,0,0,False,True,False,False
2913200,15004.553668232744,27670.0,15.12,2.11420310805927,95.03433321286592,0.0,29.6652281134402,0.0,0.0,108.42067220816769,0,0,0,0,False,True,False,False
2913309,8780.358534684334,6415.0,44.85,82.883865939205,85.47155105222136,0.0,58.667630662020905,0.0,0.0,62.35385814497272,0,0,0,0,False,True,False,False
2913408,12350.034274319189,16047.0,18.56,3.832492054589643,57.25680812612949,0.0,22.47601542416453,0.0,0.0,934.7541596560104,0,0,0,0,False,True,False,False
2913457,15606.002365464225,13528.0,22.24,20.084269662921347,44.618568894145476,0.0,27.928315972222222,0.0,0.0,310.4671791839148,0,0,0,0,False,True,False,False
2913507,11239.302187514271,21897.0,24.98,21.97104626204503,56.81600219208111,0.0,20.188703703703705,0.0,0.0,9.133671279170663,0,0,0,0,False,True,False,False
2913606,27326.290285037136,189028.0,112.46,157.66024081088517,71.10375182512644,33.046956006517554,58.82373331742488,219.0,115.85585204308356,1616.6917070486911,1,1,1,0,False,True,False,False
2913705,17671.44108257762,35397.0,31.22,47.88258891996497,86.82374212503885,0.0,33.16446308724832,0.0,0.0,661.0729722857869,0,0,0,0,False,True,False,False
2913804,7468.643344709898,14064.0,36.8,15.600113765642776,42.95364050056883,0.0,33.459725685785536,6.0,42.66211604095563,28.441410693970422,0,0,0,0,False,True,False,False
2913903,13354.318112310912,42507.0,145.14,49.820029642176586,73.55494389159432,18.091137930223258,38.81107305325127,15.0,35.28830545557202,51.75618133483897,1,1,1,0,False,True,False,False
2914000,11205.352321814256,59264.0,18.32,57.07174676025918,72.0639848812095,3.310610151187905,23.407174796747967,9.0,15.186285097192224,320.59935205183587,1,0,0,0,False,True,False,False
2914109,9720.682302771856,10318.0,9.41,44.87303741035085,77.49563868966854,0.0,9.025641025641026,0.0,0.0,0.0,0,0,0,0,False,True,False,False
2914208,12464.908073541166,6255.0,13.29,1.8225419664268585,57.39408473221423,0.0,56.78134078212291,0.0,0.0,191.84652278177458,0,0,0,0,False,True,False,False
2914307,9274.412296564196,11060.0,6.29,58.399638336347195,43.3001808318264,0.0,23.313706293706293,0.0,0.0,180.83182640144665,0,0,0,0,False,True,False,False
2914406,36258.4918615453,24759.0,24.08,63.73439961226221,77.07904196453815,0.0,35.35906332453826,0.0,0.0,1793.2872894704956,0,0,0,1,False,True,False,False
2914505,9685.079128401503,29509.0,104.68,44.33223762242028,86.79385950049138,18.977261174556915,33.892628193675186,3.0,10.166389914941204,210.10539157545156,0,0,0,0,False,True,False,False
2914604,19529.384762511952,78425.0,233.44,152.40038253108065,91.13420465412815,29.95855913292955,50.42193958479123,39.0,49.72904048453937,147.91201785145043,1,1,1,0,False,True,False,False
2914653,17386.226025775464,29563.0,30.45,61.61417988702094,85.38037411629402,0.0,55.01619187950229,0.0,0.0,372.0867300341643,0,0,0,0,False,True,False,False
2914703,14591.187503663326,68244.0,27.27,132.94795146826095,76.94009729793095,19.151866830783657,36.94464979757085,27.0,39.56391770705117,228.59152452962897,1,1,1,0,False,True,False,False
2914802,21359.428705078404,196676.0,465.57,146.4469482804206,84.57971486098965,34.93715552482255,79.02759800619695,210.0,106.77459374809331,759.6249669507209,1,1,1,0,False,True,False,False
2914901,14558.0666053107,29337.0,38.15,86.62439922282442,73.94757473497631,22.957357603026896,62.98363565891473,39.0,132.93792821351877,1199.8500187476566,1,1,1,0,False,True,False,False
2915007,9160.396469396614,13822.0,10.12,61.90855158443062,57.712342642164664,0.0,44.91169444444444,3.0,21.704529011720446,564.3177543047316,0,0,0,0,False,True,False,False
2915106,8972.264915467375,14314.0,44.44,44.32024591309208,64.18890596618695,0.0,26.789677966101696,0.0,0.0,55.88933910856504,0,0,0,0,False,True,False,False
2915205,69821.30192502533,15792.0,18.88,13.848784194528875,57.76975683890578,0.0,38.19187546330615,0.0,0.0,2849.5440729483284,0,0,0,1,False,True,False,False
2915304,19575.85995085995,6512.0,7.24,22.6504914004914,79.08476658476658,0.0,51.44645610278372,0.0,0.0,7770.27027027027,0,0,0,1,False,True,False,False
2915353,12035.480564535204,12683.0,2.86,49.71221319877001,39.28881179531657,0.0,45.8196052631579,0.0,0.0,662.3038713238193,0,0,0,0,False,True,False,False
2915403,14531.102809809972,6157.0,4.93,0.6659087217800878,63.488712035082024,0.0,39.7093810178817,0.0,0.0,779.600454766932,0,0,0,0,False,True,False,False
2915502,13266.6112525326,19249.0,69.37,66.3722790794327,76.045508857603,0.0,19.49354271356784,0.0,0.0,509.11735674580495,0,0,0,0,False,True,False,False
2915601,17881.027954563764,62065.0,25.25,51.17699186336905,62.536050914363976,20.963506001772334,55.0223099472347,24.0,38.66913719487634,438.25022154193186,1,1,1,0,False,True,False,False
2915700,14315.417647873666,7219.0,49.14,128.07868125779194,58.73389666158748,0.0,46.08855855855856,0.0,0.0,720.3213741515445,0,0,0,0,False,True,False,False
2915809,11730.68344750677,25108.0,15.9,10.900908077106898,55.84275927991079,0.0,36.78871735791091,0.0,0.0,191.17412776804207,0,0,0,0,False,True,False,False
2915908,13443.239691145063,6087.0,11.08,10.448496796451455,153.50747494660752,0.22999835715459174,27.22594366197183,3.0,49.28536224741252,1215.705602102842,0,0,0,0,False,True,False,False
2916005,16071.256435535108,18258.0,12.78,15.182385803483404,55.000547705115565,0.0,37.38333333333333,0.0,0.0,32.86230693394676,0,0,0,0,False,True,False,False
2916104,12114.733172958908,20369.0,163.04,26.61888163385537,105.5083705631106,19.402032500368207,50.53854552115772,21.0,103.0978447641023,1119.3480288673966,1,1,1,0,False,True,False,False
2916203,9976.824920247702,10658.0,22.82,95.68399324451117,60.49915556389566,0.0,49.69608267716536,0.0,0.0,93.82623381497467,0,0,0,0,False,True,False,False
2916302,35322.70287338175,9501.0,9.06,0.8525418377012945,71.58193874329018,0.0,28.612993288590605,0.0,0.0,863.0670455741501,0,0,0,0,False,True,False,False
2916401,21330.74852695133,68735.0,39.91,29.30530297519459,74.61991707281588,14.913799374408962,23.552471050906707,24.0,34.91670910016731,299.7017531097694,1,1,1,0,False,True,False,False
2916500,13191.195044205208,33254.0,20.34,32.946412461658745,48.150598424249715,7.286341492752752,35.79949845201239,15.0,45.107355506104525,204.48667829434052,1,1,1,0,False,True,False,False
2916609,8900.470366886171,10630.0,24.44,2.4929444967074317,39.680150517403575,0.0,36.69353482260184,0.0,0.0,0.0,0,0,0,0,False,True,False,False
2916708,11917.495265151516,8448.0,23.69,42.49526515151515,57.36268939393939,0.0,24.87313971742543,0.0,0.0,71.02272727272727,0,0,0,0,False,True,False,False
2916807,18882.913740937376,17517.0,10.19,33.7044014386025,63.252840098190326,0.0,19.86461259956553,0.0,0.0,102.75732145915397,0,0,0,0,False,True,False,False
2916856,26282.076335877864,16375.0,28.74,101.13587786259542,77.15419847328245,18.491603053435114,25.60179180101336,12.0,73.2824427480916,97.70992366412214,1,1,0,0,False,True,False,False
2916906,10705.621170411154,11261.0,34.13,16.863511233460617,68.47526862623212,0.0,43.22826606875934,0.0,0.0,355.2082408311873,0,0,0,0,False,True,False,False
2917003,9903.355780338678,35491.0,20.52,42.91510523794765,39.703023301682116,3.7727874672452173,27.02216184971098,6.0,16.905694401397536,28.176157335662563,0,0,0,0,False,True,False,False
2917102,14795.809973443496,16945.0,52.95,22.000590144585424,122.30746532900561,0.0,23.105539568345325,0.0,0.0,23.60578341693715,0,0,0,0,False,True,False,False
2917201,13873.03303952847,18493.0,14.94,12.431730925214946,56.96209376520846,0.0,15.07745472837022,0.0,0.0,2325.204131292922,0,0,0,1,False,True,False,False
2917300,16474.595273330644,22299.0,52.72,17.180142607291806,80.82873671465089,0.0,26.73390769230769,3.0,13.453518094981838,215.2562895197094,0,0,0,0,False,True,False,False
2917334,11559.053069719042,11532.0,7.29,24.765868886576484,61.55046826222685,0.0,15.759872448979593,0.0,0.0,398.8900450919181,0,0,0,0,False,True,False,False
2917359,140135.11259382818,9592.0,0.93,7.099666388657214,77.1371976647206,0.0,21.29033407572383,0.0,0.0,4399.499582985822,0,0,0,1,False,True,False,False
2917409,8236.62841420039,14901.0,10.83,76.67941748875914,44.25206361989128,0.0,29.612429906542054,0.0,0.0,120.79726192872961,0,0,0,0,False,True,False,False
2917508,21539.567681104225,86649.0,37.66,168.060797008621,86.648432180406,9.949335826149177,26.44420383165829,15.0,17.31122113353876,3229.11978210943,1,1,1,1,False,True,False,False
2917607,14196.90812350748,47738.0,49.72,72.9460806904353,80.10390045665926,0.0,22.39300212539851,3.0,6.284301814068457,301.64648707528596,0,0,0,0,False,True,False,False
2917706,34765.243902439026,34440.0,13.26,28.83275261324042,75.85656213704995,18.658536585365855,35.81345423871784,9.0,26.13240418118467,743.3217189314751,1,0,0,0,False,True,False,False
2917805,11300.32786885246,18300.0,20.45,62.33879781420765,40.387978142076506,0.0,32.29450680272109,0.0,0.0,448.08743169398906,0,0,0,0,False,True,False,False
2917904,17630.41426324069,9535.0,14.49,60.48243314105925,80.89145254326166,0.0,20.23370948379352,0.0,0.0,880.9648662821185,0,0,0,0,False,True,False,False
2918001,18820.30782360297,168733.0,53.49,92.70207961690956,69.57560169024435,23.952042576141004,53.76212214655874,141.0,83.56397385218067,2701.309168923684,1,1,1,1,False,True,False,False
2918100,12687.501582238425,39501.0,8.82,95.64821143768512,61.631351105035314,0.4708741550846814,34.58269679300292,9.0,22.7842333105491,880.9903546745652,1,0,0,0,False,True,False,False
2918209,10680.00853121001,14066.0,57.11,68.726005971847,82.57500355467084,0.0,17.57210144927536,0.0,0.0,85.31210009953078,0,0,0,0,False,True,False,False
2918308,11846.169422882214,14815.0,54.78,28.423894701316232,67.9514006074924,0.0,26.31624633431085,0.0,0.0,67.49915626054674,0,0,0,0,False,True,False,False
2918357,11504.011783402457,25799.0,27.21,93.33307492538471,87.8638706926625,0.0,33.34597489539749,3.0,11.628357688282492,348.8507306484747,0,0,0,0,False,True,False,False
2918407,20365.70903132257,254481.0,35.38,119.0603620702528,97.25087531092694,24.5645057980753,87.19966490722969,321.0,126.13908307496433,740.3303193558654,1,1,1,0,False,True,False,False
2918456,12832.361222847949,9944.0,6.62,36.343523732904266,35.498793242156076,0.0,2.460762711864407,0.0,0.0,0.0,0,0,0,0,False,True,False,False
2918506,6696.8624675631045,16956.0,12.07,61.25855154517575,67.2623260202878,0.0,38.29216042780749,0.0,0.0,141.54281670205236,0,0,0,0,False,True,False,False
2918555,11788.413929691367,6059.0,17.89,65.76992903119327,61.69334873741541,0.0,18.50694890510949,0.0,0.0,165.0437365901964,0,0,0,0,False,True,False,False
2918605,9049.044166117335,7585.0,12.51,59.76268951878708,53.73764007910349,0.0,18.14771008403361,0.0,0.0,79.10349373764008,0,0,0,0,False,True,False,False
2918704,13084.103293058515,4221.0,8.18,4.927742241175077,54.77375029613835,0.0,43.9787868852459,0.0,0.0,236.9106846718787,0,0,0,0,False,True,False,False
2918753,8213.941977175857,14546.0,15.46,18.740547229478896,49.59439021036711,0.0,28.37224657534247,0.0,0.0,20.62422659150282,0,0,0,0,False,True,False,False
2918803,13466.365646885366,21704.0,46.8,93.20862513822337,56.26151861408035,0.0,31.916734104046245,0.0,0.0,55.289347585698486,0,0,0,0,False,True,False,False
2918902,28330.406422478674,3986.0,6.16,88.08329152032113,96.23682890115404,0.0,39.74247191011237,0.0,0.0,903.1610637230306,0,0,0,0,False,True,False,False
2919009,16826.567246616956,3621.0,4.17,4.418668876001105,33.52665009665838,0.0,31.87647619047619,0.0,0.0,552.3336095001381,0,0,0,0,False,True,False,False
2919058,10161.905998441964,7702.0,19.57,30.48558815891976,58.62113736691769,0.0,44.31719907407407,0.0,0.0,155.80368735393404,0,0,0,0,False,True,False,False
2919108,6984.631918323482,9305.0,47.63,17.270284793121977,72.67060720042987,0.0,35.10699404761905,0.0,0.0,107.46910263299301,0,0,0,0,False,True,False,False
2919157,11192.829098451735,26998.0,40.03,121.28305800429662,49.0554855915253,0.0,41.74615987460815,0.0,0.0,44.44773686939773,0,0,0,0,False,True,False,False
2919207,33596.935217471095,217960.0,3509.22,96.83244632042576,78.81813176729675,46.33235456046981,86.55783857872582,249.0,114.24114516425033,5701.963663057441,1,1,1,1,False,True,False,False
2919306,15241.539838854073,11170.0,8.4,22.721575649059982,96.59803043867502,0.0,41.115233208955225,0.0,0.0,447.6275738585497,0,0,0,0,False,True,False,False
2919405,12872.296854521624,12208.0,13.81,168.46330275229357,62.745740498034074,0.0,42.85616666666667,0.0,0.0,278.50589777195285,0,0,0,0,False,True,False,False
2919504,12426.063266232784,46249.0,22.49,88.16839283011525,68.60040217085775,6.860688879759563,29.8447184531886,15.0,32.433133689377065,116.75928128175744,1,1,1,0,False,True,False,False
2919553,75715.99149680273,116662.0,26.74,145.67125542164544,93.5051687781797,46.8078723148926,50.490390660592254,108.0,92.57513157669163,492.0196807872315,1,1,1,0,False,True,False,False
2919603,8427.774679308422,10758.0,14.91,65.29094627254136,106.71128462539505,0.0,31.91605590062112,0.0,0.0,725.0418293363078,0,0,0,0,False,True,False,False
2919702,10040.361125862984,22596.0,17.85,46.29137900513365,45.40626659585767,0.0,14.440103550295856,0.0,0.0,97.36236502035759,0,0,0,0,False,True,False,False
2919801,9846.72384219554,43725.0,17.02,64.20354488279017,58.9136649514008,0.5946255002858777,36.91698847262248,6.0,13.722126929674099,141.79531160663237,0,0,0,0,False,True,False,False
2919900,9048.289738430583,7455.0,2.85,68.02146210596915,68.77263581488934,0.0,26.26771186440678,0.0,0.0,53.65526492287056,0,0,0,0,False,True,False,False
2919926,26899.96349032493,19173.0,574.64,132.94737391122933,107.24456266624941,0.0,25.45056113138686,6.0,31.294007197621657,4558.493715120221,0,0,0,1,False,True,False,False
2919959,6937.188019966722,7212.0,11.34,57.73710482529118,72.1159179145868,0.0,47.69790426908151,0.0,0.0,582.3627287853577,0,0,0,0,False,True,False,False
2920007,22745.97713905227,9011.0,14.84,77.96027078015759,69.21540339584952,0.0,22.419442379182158,0.0,0.0,1020.974364665409,0,0,0,0,False,True,False,False
2920106,8735.697373492649,18161.0,19.49,96.33830736192941,50.98287539232421,0.0,52.13449905482042,6.0,33.03782831341886,154.17653212928803,0,0,0,0,False,True,False,False
2920205,11870.342301376784,15834.0,7.78,54.56612353164077,36.06795503347227,0.0,51.8192927864215,0.0,0.0,50.52418845522294,0,0,0,0,False,True,False,False
2920304,8972.46990637539,8972.0,15.75,1.2817654926437807,54.7146678555506,0.0,71.74505016722408,0.0,0.0,44.58314757021846,0,0,0,0,False,True,False,False
2920403,9774.956278419028,14295.0,6.29,26.316894018887723,41.44805876180483,0.0,13.102790294627384,0.0,0.0,34.97726477789437,0,0,0,0,False,True,False,False
2920452,6464.719690693179,14484.0,4.45,12.075393537696769,31.427782380557858,0.013808340237503451,45.19937984496124,12.0,82.8500414250207,151.89174261253797,1,1,0,0,False,True,False,False
2920502,22463.43802445457,29197.0,11.45,33.68154262424222,84.69705791690927,8.387848066582183,15.259868840836582,12.0,41.10011302531082,10501.078877966915,1,1,0,1,False,True,False,False
2920601,10804.99664204164,37225.0,81.94,40.38952316991269,54.21625251846877,0.0,43.344147250698974,0.0,0.0,182.6729348556078,0,0,0,0,False,True,False,False
2920700,13401.818465620854,25626.0,28.89,101.447748380551,66.31936314680402,14.496995239210177,53.69374376039933,12.0,46.82744088035589,460.4698353234996,1,1,0,0,False,True,False,False
2920809,9916.167034816452,9507.0,8.43,8.74092773745661,25.77048490585884,0.0,23.320906515580734,0.0,0.0,168.29704428315978,0,0,0,0,False,True,False,False
2920908,11571.766731224448,13941.0,18.24,49.09260454773689,39.35155297324439,0.0,30.315865384615385,0.0,0.0,545.1545800157808,0,0,0,0,False,True,False,False
2921005,29161.377372376726,44839.0,70.34,50.650103704364504,92.65148642922456,37.14846450634492,86.99137192165988,105.0,234.1711456544526,5611.186690158122,1,1,1,1,False,True,False,False
2921054,8622.259855113369,10629.0,13.36,50.36221657728855,53.081192962649354,0.0,25.5015625,0.0,0.0,112.89867344058707,0,0,0,0,False,True,False,False
2921104,22432.453653217013,22925.0,16.92,2.857142857142857,83.69029443838605,0.0,37.352828784119104,0.0,0.0,854.9618320610687,0,0,0,0,False,True,False,False
2921203,10773.432871193269,25317.0,15.42,93.96057984753328,60.7733933720425,0.0,27.111889035667108,3.0,11.849745230477545,63.19864122921357,0,0,0,0,False,True,False,False
2921302,12595.854469127164,11434.0,26.34,40.61570753891901,72.48556935455659,0.0,20.00914658634538,0.0,0.0,139.93353157250306,0,0,0,0,False,True,False,False
2921401,8731.170837194933,16185.0,8.98,104.87488415199259,34.22304603027494,0.0,39.10746105919004,0.0,0.0,98.85696632684585,0,0,0,0,False,True,False,False
2921450,7462.605720802053,10523.0,8.69,33.58357882733061,48.607811460610094,0.0,29.88405405405405,0.0,0.0,494.1556590325953,0,0,0,0,False,True,False,False
2921500,9224.394356020312,49823.0,15.75,19.52712602613251,49.41292174297011,0.0,18.490239520958085,0.0,0.0,156.55420187463622,0,0,0,0,False,True,False,False
2921609,9545.189504373178,8232.0,3.82,0.9718172983479106,78.6807580174927,0.0,38.50004016064257,0.0,0.0,48.59086491739553,0,0,0,0,False,True,False,False
2921708,17784.578696343404,35224.0,5.85,89.20906200317965,50.45991369520781,6.8703156938451055,33.92970073664825,9.0,25.550760844878493,4002.952532364297,1,0,0,1,False,True,False,False
2921807,9278.92400104466,11487.0,21.1,127.6921737616436,62.183337686079916,0.0,11.018716875871688,0.0,0.0,17.410986332375728,0,0,0,0,False,True,False,False
2921906,61263.55731225297,12650.0,4.93,43.019762845849804,68.10276679841897,0.0,19.607539015606243,0.0,0.0,4142.292490118577,0,0,0,1,False,True,False,False
2922003,55341.307336582926,40005.0,21.24,69.21384826896637,70.08123984501937,20.097487814023246,57.48568136769078,15.0,37.49531308586427,45154.35570553681,1,1,1,1,False,True,False,False
2922052,15614.97247706422,13625.0,20.34,24.44770642201835,58.0697247706422,0.0,40.14888571428572,0.0,0.0,190.8256880733945,0,0,0,0,False,True,False,False
2922102,11424.757420910604,17417.0,11.6,41.81546764655222,72.68760406499398,0.0,31.678519195612434,0.0,0.0,459.3213527013837,0,0,0,0,False,True,False,False
2922201,8969.501545075911,7443.0,68.78,75.33252720677146,49.72457342469434,0.0,19.92739361702128,0.0,0.0,0.0,0,0,0,0,False,True,False,False
2922250,19476.843275287145,10796.0,2.71,0.7039644312708411,40.02408299370137,0.0,19.70747211895911,0.0,0.0,148.20303816228233,0,0,0,0,False,True,False,False
2922300,9172.75923837325,30146.0,332.6,43.74709745903271,52.245737411265175,0.0,26.65762684778266,0.0,0.0,119.41882836860611,0,0,0,0,False,True,False,False
2922409,22839.025810207648,20612.0,72.64,87.79351833883175,88.59887444207259,0.0,26.734110060189167,0.0,0.0,106.7339413933631,0,0,0,0,False,True,False,False
2922508,11632.53881632222,28403.0,97.12,106.13315494842094,77.47068971587508,0.0,31.20580480847596,0.0,0.0,84.49811639615534,0,0,0,0,False,True,False,False
2922607,14965.533902399742,12418.0,31.02,35.77065550008053,40.48961185376067,0.0,41.43528205128205,0.0,0.0,209.37349009502336,0,0,0,0,False,True,False,False
2922656,8241.23076923077,19500.0,39.8,8.102564102564102,44.235897435897435,0.0,21.915408163265308,0.0,0.0,6297.4358974358975,0,0,0,1,False,True,False,False
2922706,12398.361239757747,14035.0,17.05,18.539365871036694,38.33273957962237,0.0,21.01079566003617,12.0,85.50053437833986,99.75062344139651,1,1,0,0,False,True,False,False
2922730,11509.680542110358,8264.0,22.97,65.28315585672797,99.41916747337851,0.0,43.172079062957536,0.0,0.0,508.22846079380446,0,0,0,0,False,True,False,False
2922755,15196.985524548574,6701.0,31.99,0.5372332487688405,43.396507983883005,0.0,39.71734693877551,0.0,0.0,59.69258319653783,0,0,0,0,False,True,False,False
2922805,9086.859411837697,8059.0,16.37,25.611118004715227,48.045663233651815,0.0,32.2216404886562,0.0,0.0,12.408487405385284,0,0,0,0,False,True,False,False
2922854,9792.682926829268,7708.0,13.33,21.912298910223146,53.71043072132849,0.0,15.921160409556313,0.0,0.0,25.94706798131811,0,0,0,0,False,True,False,False
2922904,10896.370352525497,24906.0,25.06,34.128322492572075,60.89697261704007,0.0,30.953188220230476,0.0,0.0,32.120774110656065,0,0,0,0,False,True,False,False
2923001,13859.570166782987,41551.0,30.01,81.56001058939616,73.23530119612043,19.50855575076412,49.45616954143879,27.0,64.9803855502876,10801.184087025584,1,1,1,1,False,True,False,False
2923035,9089.23476005188,11565.0,17.79,5.490704712494596,48.344141807176825,0.0,22.932820512820516,0.0,0.0,34829.22611327281,0,0,0,1,False,True,False,False
2923050,9273.912655175493,11197.0,38.28,20.67518085201393,43.61882647137626,0.0,33.07131944444445,0.0,0.0,0.0,0,0,0,0,False,True,False,False
2923100,10478.882391163092,23085.0,35.51,63.20121290881525,84.18453541260558,0.0,50.59773137697517,0.0,0.0,207.9272254710851,0,0,0,0,False,True,False,False
2923209,13676.666354176432,21334.0,6.25,18.735352020249366,64.14643292397112,0.0,26.04515555555556,0.0,0.0,590.6065435455142,0,0,0,0,False,True,False,False
2923308,10148.88525003149,7939.0,49.15,14.498047613049502,49.33870764579922,10.177604232271067,40.63153642384106,18.0,226.72880715455346,327.49716588991055,1,1,1,0,False,True,False,False
2923357,13963.9666616759,20037.0,12.46,141.98233268453362,55.936517442730946,0.0,46.87786821705426,0.0,0.0,199.63068323601337,0,0,0,0,False,True,False,False
2923407,11509.068046621853,20677.0,7.84,41.326111137979396,82.47811578081927,0.0,49.75216383307573,0.0,0.0,154.7613290129129,0,0,0,0,False,True,False,False
2923506,9961.364266568076,10819.0,14.02,68.98974027174415,47.490525926610594,0.0,18.88910931174089,0.0,0.0,3327.479434328496,0,0,0,1,False,True,False,False
2923605,12876.481507925177,21009.0,18.72,26.122138131277072,86.81517444904564,0.0,19.59985594237695,0.0,0.0,257.0327002713123,0,0,0,0,False,True,False,False
2923704,8486.909458446089,30671.0,11.14,11.241889732972515,65.66463434514688,0.0,21.844356435643565,0.0,0.0,91.29144794757262,0,0,0,0,False,True,False,False
2923803,16300.473695542956,27866.0,60.16,111.62348381540228,51.618459771764876,0.0,23.957019438444924,0.0,0.0,107.65807794444844,0,0,0,0,False,True,False,False
2923902,11028.171953255423,9584.0,14.96,80.95784641068447,62.06176961602671,0.0,12.713977777777778,0.0,0.0,20.868113522537563,0,0,0,0,False,True,False,False
2924009,33281.252098583034,119128.0,73.08,144.9063192532402,71.20911960244443,24.92696931032167,40.63653170731708,117.0,98.21368611913236,565.7779867033779,1,1,1,0,False,True,False,False
2924058,9599.122486288848,13675.0,22.19,46.88117001828154,69.72577696526508,0.0,55.42873563218391,0.0,0.0,29.250457038391225,0,0,0,0,False,True,False,False
2924108,8141.855027279813,6415.0,39.34,3.1021044427123927,73.06313328137179,0.0,23.54794212218649,0.0,0.0,280.59236165237724,0,0,0,0,False,True,False,False
2924207,8345.674692049271,14288.0,15.69,4.136338185890257,51.23880179171333,0.0,30.47548707753479,0.0,0.0,111.98208286674132,0,0,0,0,False,True,False,False
2924306,11629.943909103984,20859.0,11.0,9.233424421113188,62.80742125701136,0.0,14.292527472527471,0.0,0.0,11937.293254710197,0,0,0,1,False,True,False,False
2924405,7810.984116763254,37272.0,3.05,15.622987765614939,53.98959004078128,0.0,17.63638023630505,0.0,0.0,32.195750160978754,0,0,0,0,False,True,False,False
2924504,19572.75848408821,15146.0,23.44,60.0158457678595,54.7207183414763,0.0,14.111399176954734,0.0,0.0,396.14419648752147,0,0,0,0,False,True,False,False
2924603,7991.643312101911,19625.0,38.49,61.4828025477707,78.72611464968153,0.0,33.09686599423631,0.0,0.0,122.29299363057325,0,0,0,0,False,True,False,False
2924652,10249.24924924925,10656.0,15.95,12.575075075075075,61.064189189189186,0.0,64.50067846607669,0.0,0.0,56.306306306306304,0,0,0,0,False,True,False,False
2924678,10227.578965788784,11429.0,56.73,7.6734622451658066,34.72744772071047,0.0,40.33381465517241,0.0,0.0,122.49540642225917,0,0,0,0,False,True,False,False
2924702,8566.504592112371,9255.0,17.88,185.51053484602917,80.9184224743382,0.0,30.424993234100132,0.0,0.0,64.82982171799027,0,0,0,0,False,True,False,False
2924801,10523.433120304968,17838.0,17.92,34.213476847180175,66.03318757708263,0.0,49.85665474060823,0.0,0.0,44.84807713869268,0,0,0,0,False,True,False,False
2924900,9587.593893869638,8254.0,8.4,0.18173007026896051,60.74630482190453,0.0,50.64852941176471,0.0,0.0,387.6908165737824,0,0,0,0,False,True,False,False
2925006,12884.506573473123,24036.0,30.34,8.778498918289232,82.6177400565818,0.0,35.37868861024033,0.0,0.0,1372.9405891163256,0,0,0,0,False,True,False,False
2925105,11313.613206429443,50642.0,51.49,52.83756565696458,81.42450930058054,0.0,41.984733664772726,3.0,5.92393665337072,59.2393665337072,0,0,0,0,False,True,False,False
2925204,54845.72125684361,33608.0,102.04,23.283146869792905,83.1885265412997,22.092954058557485,54.24748276993765,18.0,53.55867650559391,30677.219709592955,1,1,1,1,False,True,False,False
2925253,7629.887520085699,18670.0,33.84,102.61917514729512,62.3888591322978,0.0,33.77310834813499,0.0,0.0,299.9464381360471,0,0,0,0,False,True,False,False
2925303,20855.56359698796,181007.0,73.64,139.06092029590016,83.75919163347274,39.59404884893954,61.10308759635599,366.0,202.20212477970466,674.0070825990155,1,1,1,0,False,True,False,False
2925402,10801.993230537795,10636.0,9.24,29.277924031590825,53.77021436630312,0.0,12.621543739279588,0.0,0.0,225.64874012786763,0,0,0,0,False,True,False,False
2925501,16793.39974759002,37241.0,20.69,33.24830160307188,57.25410166214656,14.07856931876158,36.805174501424496,12.0,32.22255041486534,553.153782121855,1,1,0,0,False,True,False,False
2925600,8438.210862619808,15650.0,65.2,69.49520766773163,79.7444089456869,0.0,32.554,0.0,0.0,63.89776357827476,0,0,0,0,False,True,False,False
2925709,7718.697058370553,12986.0,10.44,147.18928076389957,51.03188048667796,0.0,41.9612573964497,0.0,0.0,61.60480517480364,0,0,0,0,False,True,False,False
2925758,11518.726783219166,29343.0,62.77,84.69481648093242,72.17053471015234,8.151859046450602,31.795556621881,3.0,10.22390348635109,54.52748526053914,0,0,0,0,False,True,False,False
2925808,9414.333747533075,27362.0,12.92,48.49060741173891,68.21869746363569,0.0,22.751073825503354,0.0,0.0,43.85644324245304,0,0,0,0,False,True,False,False
2925907,8606.720338662735,26457.0,18.3,7.389348754582908,48.19140492119288,0.0,21.76178770949721,0.0,0.0,0.0,0,0,0,0,False,True,False,False
2925931,7843.097300050942,9815.0,25.82,117.3713703515028,79.47019867549669,0.0,47.37967098703888,0.0,0.0,81.5078960774325,0,0,0,0,False,True,False,False
2925956,19685.94261888216,20146.0,18.03,9.098580363347562,67.64618286508488,0.004963764519011218,26.66260438782732,12.0,59.565174228134616,2174.1288593269137,1,1,0,1,False,True,False,False
2926004,11371.988022271087,42746.0,8.87,43.753801525288914,64.20015907921209,5.768960838441024,36.13265612648221,9.0,21.05460160014972,116.97000888972067,1,0,0,0,False,True,False,False
2926103,10582.031526118612,14147.0,56.33,70.9479041492896,70.60860959920831,0.0,22.26691516709512,0.0,0.0,367.56909592139675,0,0,0,0,False,True,False,False
2926202,68980.82694978274,22323.0,3.62,47.1262823097254,51.18935626931864,0.0,25.25808716707022,0.0,0.0,232.94360077050575,0,0,0,0,False,True,False,False
2926301,11661.455663762174,35118.0,28.9,116.71792243294037,70.66176889344496,12.628851301326955,31.991572747532636,15.0,42.713138561421495,85.42627712284299,1,1,1,0,False,True,False,False
2926400,9894.558140983709,32103.0,9.65,33.21807930722986,41.72507242313802,9.703143008441579,57.38267889908257,3.0,9.34492103541725,255.4278416347382,0,0,0,0,False,True,False,False
2926509,13240.0,14525.0,21.48,43.070567986230635,49.225473321858864,0.0,47.09680084745762,0.0,0.0,137.69363166953528,0,0,0,0,False,True,False,False
2926608,12738.33006943208,56170.0,43.13,69.97507566316538,73.45202065159337,16.94498842798647,62.361480981926086,15.0,26.70464660850988,341.8194765889265,1,1,1,0,False,True,False,False
2926657,11052.29604542285,10039.0,7.14,21.565893017232792,26.36716804462596,0.0,30.108400000000003,0.0,0.0,79.68921207291562,0,0,0,0,False,True,False,False
2926707,11435.45901519043,13627.0,11.82,58.10523225948484,56.00645776766713,0.0,27.77868888888889,0.0,0.0,88.06046818815587,0,0,0,0,False,True,False,False
2926806,8544.008875739644,13520.0,16.9,11.050295857988166,61.39792899408284,0.0,26.96396870554765,0.0,0.0,813.6094674556213,0,0,0,0,False,True,False,False
2926905,9289.232478474216,10801.0,16.0,27.812239607443754,70.36385519859272,0.0,19.926751592356688,0.0,0.0,92.58401999814832,0,0,0,0,False,True,False,False
2927002,27864.82687785496,36997.0,47.8,17.941995296915966,69.79484823093765,14.130875476389978,23.21704152249135,9.0,24.32629672676163,335.1623104576047,1,0,0,0,False,True,False,False
2927101,13274.9745393945,10801.0,4.67,99.71298953800574,61.02212758077956,0.0,25.60808383233533,0.0,0.0,166.65123599666697,0,0,0,0,False,True,False,False
2927200,13248.598257110045,29606.0,14.2,62.22387353914747,66.22981828007836,9.991217996352091,27.906452461480647,12.0,40.53232452881173,317.5032088090252,1,1,0,0,False,True,False,False
2927309,12933.2605344296,15568.0,99.54,37.14028776978417,98.39414182939363,0.0,20.555822147651007,0.0,0.0,321.1716341212744,0,0,0,0,False,True,False,False
2927408,24516.57889983682,2568928.0,3486.49,95.75118493005643,90.42674609798328,42.28674373123731,113.14883546103847,4725.0,183.92886059866217,5106.332291134668,1,1,1,1,False,True,False,False
2927507,8306.127146342586,21723.0,60.38,34.86166735717903,86.9723334714358,0.0,31.241367574257428,0.0,0.0,322.23910141324865,0,0,0,0,False,True,False,False
2927606,7732.702159393036,15421.0,16.01,59.911808572725505,43.032228778937814,0.006484663770183516,26.619574132492115,0.0,0.0,12.969327540367033,0,0,0,0,False,True,False,False
2927705,17811.96941222215,30862.0,19.95,91.53327716933445,108.9203551292852,4.9510725163631655,49.07407587711936,12.0,38.88276845311386,38189.35908236667,1,1,0,1,False,True,False,False
2927804,15074.984113535267,4721.0,16.48,23.617877568311798,66.7443338275789,0.0,33.07656375838926,0.0,0.0,127.09171785638635,0,0,0,0,False,True,False,False
2927903,7158.919834399699,10628.0,27.16,50.78095596537448,65.5814828754234,0.0,19.701300728407908,0.0,0.0,169.36394429808055,0,0,0,0,False,True,False,False
2928000,13071.439306647964,39922.0,23.3,117.3588497570262,71.74991232904163,0.0,34.71397231096911,6.0,15.029307148940434,10260.00701367667,0,0,0,1,False,True,False,False
2928059,8637.893858245809,14377.0,16.85,72.10127286638381,84.12742574946094,0.0,23.890180921052632,0.0,0.0,69.55554009876887,0,0,0,0,False,True,False,False
2928109,14828.996466256456,40467.0,19.45,60.567870116391134,86.40867867645242,7.443101786640967,33.10793374877009,9.0,22.240343983986953,316.30711443892557,1,0,0,0,False,True,False,False
2928208,13458.894984326018,25520.0,12.97,94.12617554858934,76.61833855799372,0.0,31.004679543459176,0.0,0.0,548.58934169279,0,0,0,0,False,True,False,False
2928307,7624.958439543389,9023.0,39.14,43.07879862573424,39.421478443976504,10.129668624625955,26.36529152915292,12.0,132.99346115482655,199.49019173223982,1,1,0,0,False,True,False,False
2928406,9912.440158190522,28826.0,4.54,44.16845903004232,69.42690626517727,0.0,44.0006518904824,0.0,0.0,173.45452022479705,0,0,0,0,False,True,False,False
2928505,9339.81746104914,10847.0,14.52,14.925785931593989,37.70627823361298,0.0,29.58127240143369,0.0,0.0,682.2162809993547,0,0,0,0,False,True,False,False
2928604,19473.38777326965,58413.0,113.27,77.4091383767312,60.923082190608255,6.534504305548422,33.298358164033104,15.0,25.679215243182167,445.1063975484909,1,1,1,0,False,True,False,False
2928703,22417.399580843256,109267.0,393.73,154.4976982986629,87.98630876659925,33.82814573475981,71.24675807837177,81.0,74.13034127412668,150.0910613451454,1,1,1,0,False,True,False,False
2928802,16626.73825991991,54940.0,145.08,30.986530760829996,91.4160902803058,0.0,23.615860858794385,0.0,0.0,320.3494721514379,0,0,0,0,False,True,False,False
2928901,168077.04913319726,34783.0,2.17,55.39775177529253,82.52307161544432,0.0,33.11291505791506,0.0,0.0,13920.593393324325,0,0,0,1,False,True,False,False
2928950,10161.3942252387,8693.0,29.06,22.339813643161165,77.57966179684804,0.0,51.71306122448979,12.0,138.0421028413666,230.0701714022777,1,1,0,0,False,True,False,False
2929008,15419.628505090195,11198.0,106.81,30.90730487587069,155.3580996606537,0.0,23.157876949740032,0.0,0.0,2018.2175388462226,0,0,0,1,False,True,False,False
2929057,15121.2833545108,15740.0,8.67,49.45997458703939,39.250317662007625,0.0,29.18142296368989,0.0,0.0,609.9110546378653,0,0,0,0,False,True,False,False
2929107,10134.286260636773,20918.0,91.2,45.171622526054115,93.06339038148963,0.0,59.8337972508591,0.0,0.0,57.36686107658476,0,0,0,0,False,True,False,False
2929206,319922.48118831235,40932.0,143.61,77.56767321411121,65.4304700478843,10.85947424997557,31.800931502025,12.0,29.31691586045148,6317.795367927294,1,1,0,1,False,True,False,False
2929255,7949.34929724102,19210.0,16.23,52.88912024986986,77.41280583029672,0.0,45.81430916552668,0.0,0.0,52.05622071837585,0,0,0,0,False,True,False,False
2929305,27594.83643131547,41909.0,134.05,13.612827793552697,73.0057982772197,0.0,33.660535900880724,6.0,14.316733875778473,238.61223126297455,0,0,0,0,False,True,False,False
2929354,12310.95211887727,5451.0,41.55,1.9812878370941112,73.65620986974866,0.0,18.322092257001646,0.0,0.0,0.0,0,0,0,0,False,True,False,False
2929370,11991.000378931414,10556.0,28.11,125.92838196286472,81.97233800682076,0.0,48.16070464767616,0.0,0.0,701.0231148162183,0,0,0,0,False,True,False,False
2929404,16605.04043633628,10634.0,44.75,68.98627045326312,58.12488245251082,0.0,47.28767978290366,0.0,0.0,225.6911792364115,0,0,0,0,False,True,False,False
2929503,19791.457052357,42936.0,76.32,89.64039500652133,74.32224706539967,6.088131171976896,46.58288617155188,9.0,20.961430967020682,2426.86789640395,1,0,0,1,False,True,False,False
2929602,11449.567413617067,18609.0,136.89,65.2587457681767,80.02579397065936,0.0,30.61663509749304,0.0,0.0,161.21231662098984,0,0,0,0,False,True,False,False
2929701,15632.757051865332,16485.0,16.86,60.99484379739157,82.09887776766757,0.0,28.04469026548673,0.0,0.0,764.3312101910828,0,0,0,0,False,True,False,False
2929750,12347.491977706468,11842.0,68.73,97.50042222597534,86.70832629623375,2.339131903394697,39.00650593990216,3.0,25.33355852052018,405.3369363283229,0,0,0,0,False,True,False,False
2929800,9612.599160055996,10715.0,20.58,109.82734484367708,74.71768548763416,0.0,26.27206178643385,0.0,0.0,223.98506766215584,0,0,0,0,False,True,False,False
2929909,12880.280239027406,48530.0,19.22,78.267051308469,79.9093344323099,2.592211003502988,54.58426164519326,3.0,6.18174325159695,111.2713785287451,0,0,0,0,False,True,False,False
2930006,11151.71696149844,9610.0,4.72,19.261186264308012,36.285119667013525,0.0,41.35384491114701,0.0,0.0,124.86992715920915,0,0,0,0,False,True,False,False
2930105,12796.09110495537,77976.0,94.41,115.4432132963989,81.83415409869704,15.777931671283472,32.48388050412323,30.0,38.47337642351493,412.94757361239357,1,1,1,0,False,True,False,False
2930154,11386.77704255378,36119.0,14.62,70.06838506049448,62.19164428694039,0.0,34.13532504780115,0.0,0.0,116.28228909991971,0,0,0,0,False,True,False,False
2930204,42710.81276309562,40147.0,3.18,21.37893242334421,67.23291902259197,0.0,41.60720139494333,0.0,0.0,6172.316735995218,0,0,0,1,False,True,False,False
2930303,11365.301478953355,17580.0,10.72,77.8782707622298,52.93515358361775,0.0,49.580301369863015,0.0,0.0,238.90784982935153,0,0,0,0,False,True,False,False
2930402,7394.755151190795,18685.0,30.23,48.32218356970832,48.15092320042815,0.010703773080010704,18.67852392538524,6.0,32.11131924003211,342.5207385603425,0,0,0,0,False,True,False,False
2930501,12856.69446155304,84428.0,137.89,46.57104278201545,85.28094944805041,20.603354337423603,39.97765819788544,36.0,42.639882503434876,637.2293551902212,1,1,1,0,False,True,False,False
2930600,8540.741811871882,13831.0,41.41,202.21965150748318,78.17945195575157,0.0,55.993857142857145,0.0,0.0,115.6821632564529,0,0,0,0,False,True,False,False
2930709,52662.400119607286,120394.0,568.45,67.80902702792498,88.25439805970397,31.484127115969233,58.20945607754933,150.0,124.59092645812915,2548.299749156935,1,1,1,1,False,True,False,False
2930758,8605.382131324004,13935.0,8.24,1.0118406889128095,56.80660208109078,0.0,34.60085653104925,0.0,0.0,229.63760315751705,0,0,0,0,False,True,False,False
2930766,7189.010376767184,14359.0,21.6,51.05508740162964,79.28825127097987,0.0,34.99937062937063,0.0,0.0,41.78563966850059,0,0,0,0,False,True,False,False
2930774,31269.409102711525,26959.0,18.79,49.13016061426611,79.92136206832598,0.0,16.850839440373086,0.0,0.0,200.30416558477688,0,0,0,0,False,True,False,False
2930808,7686.488627362227,17674.0,16.61,129.2067443702614,61.62159103768247,1.9350458300328166,39.5964837398374,6.0,33.94817245671608,1640.8283354079438,0,0,0,1,False,True,False,False
2930907,21674.56338939198,12368.0,8.34,14.966041397153946,57.54366106080207,0.0,59.77059071729958,0.0,0.0,97.02457956015525,0,0,0,0,False,True,False,False
2931004,11636.953222022908,21741.0,16.44,27.947196541097465,72.70594728853318,0.0,34.34699499165275,6.0,27.597626604112047,1665.0568051147602,0,0,0,1,False,True,False,False
2931053,10274.16994935284,17770.0,23.52,30.016882386043893,70.30388294879009,0.0,27.271276864728197,0.0,0.0,922.9037703995498,0,0,0,0,False,True,False,False
2931103,8361.76875861205,7983.0,31.65,42.628084679944884,86.333458599524,0.0,31.74606456571868,0.0,0.0,100.21295252411375,0,0,0,0,False,True,False,False
2931202,11928.813741855582,18571.0,39.74,33.45000269236982,52.00043077917183,0.0,37.07818057455541,0.0,0.0,10.769479295676055,0,0,0,0,False,True,False,False
2931301,9149.695440841691,16253.0,22.13,13.689780348243401,67.34756660308867,0.0,60.92501210653753,0.0,0.0,36.916261613240636,0,0,0,0,False,True,False,False
2931350,18753.8152505674,153332.0,124.58,109.50356090052956,73.09628779380691,31.88962512717502,63.43842866566151,138.0,90.00078261550101,3022.200193045157,1,1,1,1,False,True,False,False
2931400,24290.234214491167,7301.0,29.07,95.16504588412546,76.92096973017395,2.3695384193946034,49.390222007722,12.0,164.36104643199562,109.57403095466374,1,1,0,0,False,True,False,False
2931509,8761.80876895588,21827.0,60.18,23.41595271910936,68.65808402437348,0.0,20.475827143821743,0.0,0.0,192.42222934897146,0,0,0,0,False,True,False,False
2931608,13606.193856398017,15919.0,52.91,28.927696463345686,53.998366731578614,0.0,50.20596928982726,0.0,0.0,12.563603241409636,0,0,0,0,False,True,False,False
2931707,15438.966923425463,11035.0,55.88,87.49433620299048,71.55414589941097,0.0,51.61967271433653,0.0,0.0,54.37245129134572,0,0,0,0,False,True,False,False
2931806,8002.57623869151,16691.0,8.11,62.9560841171889,39.86579593793062,0.0,40.07887005649717,0.0,0.0,23.965011083817625,0,0,0,0,False,True,False,False
2931905,10686.807040954493,50959.0,22.17,53.380168370650914,68.75723620950176,2.7119841441158576,22.10592256799804,6.0,11.77417139268824,934.0842638199337,0,0,0,0,False,True,False,False
2932002,9227.310247238707,25441.0,8.06,18.324751385558745,72.8194646436854,0.0,38.52360230547551,0.0,0.0,157.22652411461814,0,0,0,0,False,True,False,False
2932101,11949.483352468427,19162.0,28.26,60.24423337856174,61.601085481682496,0.0,30.225595757953837,0.0,0.0,135.68521031207598,0,0,0,0,False,True,False,False
2932200,13606.89041019647,17967.0,97.16,59.648244002894195,82.61813324428118,1.998107641787722,32.66058894230769,6.0,33.39455668725998,612.2335392664329,0,0,0,0,False,True,False,False
2932309,13895.073616201777,16097.0,90.6,92.02335838976207,93.7255389202957,0.0,30.099882611885548,0.0,0.0,236.06883270174566,0,0,0,0,False,True,False,False
2932408,12674.06340057637,13880.0,24.63,122.88904899135447,58.19164265129683,0.0,26.77764388489209,0.0,0.0,778.0979827089337,0,0,0,0,False,True,False,False
2932457,18953.629032258064,13888.0,7.68,72.7030529953917,82.76209677419355,0.0,31.32555732484077,0.0,0.0,3240.2073732718895,0,0,0,1,False,True,False,False
2932507,18142.150736292995,18403.0,16.09,99.95652882682171,81.12807694397652,0.0,46.30619014084507,0.0,0.0,358.63717872086073,0,0,0,0,False,True,False,False
2932606,12641.25617323034,15794.0,17.02,35.01329618842598,46.78358870457136,0.0,32.09028436018957,0.0,0.0,835.7604153476003,0,0,0,0,False,True,False,False
2932705,13376.00542250339,22130.0,41.99,33.95842747401717,84.07139629462269,1.9882512426570267,34.7806906614786,9.0,40.668775417984634,72.30004518752824,1,0,0,0,False,True,False,False
2932804,11124.318494997304,16691.0,25.68,102.95368761608053,74.56114073452758,0.0,43.28496314496314,0.0,0.0,287.5801330058115,0,0,0,0,False,True,False,False
2932903,19334.30710445639,90028.0,76.21,99.28577775803083,64.51215177500333,23.24165815079753,30.418837911692798,30.0,33.322966188296974,271.0267916648154,1,1,1,0,False,True,False,False
2933000,10682.878293401258,25126.0,61.7,99.35922948340365,83.21658839449177,0.0,46.46169889913716,0.0,0.0,270.6359945872801,0,0,0,0,False,True,False,False
2933059,7841.235380628896,14279.0,29.46,43.72855241963723,45.62644442888158,7.493521955319,57.29117318435754,18.0,126.05924784648785,112.05266475243364,1,1,1,0,False,True,False,False
2933109,13924.376797698946,8344.0,39.23,146.02109300095879,115.0647171620326,0.0,22.41250569476082,0.0,0.0,743.0488974113135,0,0,0,0,False,True,False,False
2933158,16734.238463205027,13847.0,10.91,38.38376543655666,75.67704195854698,0.0,43.83490103675778,0.0,0.0,115.54849425868419,0,0,0,0,False,True,False,False
2933174,13117.618492618492,10296.0,44.77,46.21212121212121,58.68298368298368,0.0,8.854170940170942,0.0,0.0,38.85003885003885,0,0,0,0,False,True,False,False
2933208,13380.23033483036,44978.0,142.94,62.73511494508426,116.44804126461825,0.0,31.19456114398422,36.0,80.03913024145137,1187.2470985815287,1,1,1,0,False,True,False,False
2933257,15020.256036298815,6171.0,7.67,3.6298817047480147,47.91767946848161,0.0,27.245535714285715,0.0,0.0,97.22897423432183,0,0,0,0,False,True,False,False
2933307,20856.757456398595,394024.0,113.97,126.02760237955049,107.51705479869247,34.44637890077762,86.10060726837929,357.0,90.60361805372261,471.5448805148925,1,1,1,0,False,True,False,False
2933406,9085.203615314307,9847.0,18.19,73.95145729663857,67.72621102873971,0.0,44.8715777262181,0.0,0.0,142.17528181171932,0,0,0,0,False,True,False,False
2933455,12469.03840428699,13436.0,4.44,14.721643346233998,65.1979755879726,0.0,47.17488565488565,0.0,0.0,982.4352485858886,0,0,0,0,False,True,False,False
2933505,13033.857648446716,25430.0,37.36,16.81871804954778,38.64726700747149,0.0,32.518,0.0,0.0,55.053086905230046,0,0,0,0,False,True,False,False
2933604,9808.999765852828,46979.0,8.81,46.89754996913515,72.0343132037719,0.0,29.182061095505617,9.0,19.157495902424486,349.09214755529064,1,0,0,0,False,True,False,False
3100104,27765.907305577377,6365.0,7.12,131.02906520031422,85.09033778476041,0.0,51.753960591133,0.0,0.0,1068.342498036135,0,0,0,0,False,False,False,True
3100203,23364.10344976469,23161.0,12.48,203.70882086265706,94.52527956478563,0.0,30.636675588865096,0.0,0.0,397.2194637537239,0,0,0,0,False,False,False,True
3100302,18352.99049748463,14312.0,29.6,44.54304080491895,125.74762437115707,0.0,30.75568075117371,0.0,0.0,656.7915036333147,0,0,0,0,False,False,False,True
3100401,16235.176382286714,3997.0,38.37,193.34500875656744,99.19939954966225,0.0,71.2434398782344,0.0,0.0,1000.7505629221916,0,0,0,0,False,False,False,True
3100500,18432.01778765981,8995.0,10.97,52.25125069483046,52.295719844357976,0.0,28.51618510158013,0.0,0.0,1067.259588660367,0,0,0,0,False,False,False,True
3100609,15310.083698684735,12545.0,9.53,84.83858110801116,72.86568353925867,0.0,46.07061990212072,0.0,0.0,143.48345954563572,0,0,0,0,False,False,False,True
3100708,106237.8752886836,2165.0,4.28,49.838337182448036,85.91224018475751,0.0,64.45899613899614,0.0,0.0,1016.1662817551963,0,0,0,0,False,False,False,True
3100807,21068.59688195991,4490.0,18.77,201.80400890868597,95.3674832962138,0.0,59.91011627906977,0.0,0.0,757.2383073496659,0,0,0,0,False,False,False,True
3100906,15261.716469401836,18841.0,22.5,51.79130619393875,83.86497531978132,0.0,46.69197649107532,0.0,0.0,275.99384321426675,0,0,0,0,False,False,False,True
3101003,16339.500207096507,14486.0,11.17,47.20419715587464,72.10410051083805,0.17258042247687422,24.45466351829988,3.0,20.709650697224905,165.67720557779924,0,0,0,0,False,False,False,True
3101102,24383.06898528569,26165.0,18.73,87.18134913051787,83.39384674183069,0.0,54.4528347826087,0.0,0.0,8148.289699980891,0,0,0,1,False,False,False,True
3101201,20141.961767471013,6382.0,9.59,126.43371983704168,62.315888436226885,0.0,27.783346456692914,0.0,0.0,564.0864932623002,0,0,0,0,False,False,False,True
3101300,16938.565340909092,2816.0,17.04,102.8409090909091,80.53977272727273,0.0,45.37868217054264,0.0,0.0,923.2954545454545,0,0,0,0,False,False,False,True
3101409,50921.2702613298,3023.0,50.89,158.35262983790935,98.14753556070129,0.0,34.31943548387097,0.0,0.0,661.5944426066822,0,0,0,0,False,False,False,True
3101508,31007.50007978808,31333.0,60.2,181.53065458143172,90.9392653113331,15.600165959212331,44.11269354492816,15.0,47.87284971116714,1334.0567452845244,1,1,1,0,False,False,False,True
3101607,42549.20073215375,81950.0,92.86,193.7986577181208,78.46613788895668,33.83038438071995,61.48938272447935,24.0,29.286150091519218,859.0604026845638,1,1,1,0,False,False,False,True
3101631,20959.214922049,7184.0,52.98,166.57850779510022,87.91759465478842,0.0,31.95465877044557,0.0,0.0,1113.5857461024498,0,0,0,0,False,False,False,True
3101706,16107.676516923664,41894.0,17.59,116.51549147849335,66.01900033417674,22.246622428032655,52.31449469681809,12.0,28.643719864419726,362.8204516159832,1,1,0,0,False,False,False,True
3101805,13470.194906814626,7029.0,41.34,47.332479726845925,107.22720159339877,0.0,50.28468634686347,0.0,0.0,938.9671361502348,0,0,0,0,False,False,False,True
3101904,28073.15766923736,18672.0,39.72,90.86868037703513,91.47922022279349,3.449014567266495,42.11885118759089,9.0,48.20051413881748,460.5826906598115,1,0,0,0,False,False,False,True
3102001,20802.076755770715,14253.0,38.44,102.23110924015997,89.0619518697818,0.0,38.15816438356164,0.0,0.0,168.38560303094084,0,0,0,0,False,False,False,True
3102050,16230.692076228686,5982.0,55.89,213.34002006018054,94.88465396188566,0.0,27.644571026722925,0.0,0.0,401.2036108324975,0,0,0,0,False,False,False,True
3102100,16381.207931599054,10994.0,21.02,136.7291249772603,57.667818810260144,0.0,39.34181521739131,0.0,0.0,200.10915044569765,0,0,0,0,False,False,False,True
3102209,13620.3888334995,4012.0,14.29,161.34097706879362,83.20039880358924,0.0,26.94486187845304,0.0,0.0,199.40179461615153,0,0,0,0,False,False,False,True
3102308,22142.578125,15360.0,25.12,162.92317708333334,90.65104166666667,0.0,35.9789840881273,0.0,0.0,1132.8125,0,0,0,0,False,False,False,True
3102407,15002.545118000926,4322.0,11.12,107.98241554835724,95.83526145303101,0.0,33.844281783159055,0.0,0.0,1156.871818602499,0,0,0,0,False,False,False,True
3102506,12167.573449401523,4595.0,33.34,124.26550598476605,72.94885745375409,0.0,51.82040446304045,0.0,0.0,391.73014145810663,0,0,0,0,False,False,False,True
3102605,27984.934487488765,42282.0,86.39,194.69041199564828,87.18367153871624,7.785819024644057,31.752138322753087,6.0,14.190435646374343,331.110165082068,0,0,0,0,False,False,False,True
3102704,13459.766420229294,9333.0,13.1,122.79009964641594,54.48408871745419,0.0,56.561808695652175,0.0,0.0,257.1520411443266,0,0,0,0,False,False,False,True
3102803,24027.775495110527,12169.0,11.86,89.78552058509327,86.8682718382776,0.0,30.897000493339917,0.0,0.0,1709.2612375708768,0,0,0,1,False,False,False,True
3102852,18390.458015267177,7860.0,41.67,117.6208651399491,80.38167938931298,0.0,61.86692737430168,0.0,0.0,1984.7328244274809,0,0,0,1,False,False,False,True
3102902,21361.657117672985,11345.0,20.94,151.48523578669017,86.75187307183782,4.398413397972675,42.58248191430162,12.0,105.77346848832084,705.1564565888057,1,1,0,0,False,False,False,True
3103009,95291.96847038771,9388.0,11.71,50.75628461866212,68.55560289731572,2.2688538559863654,43.87222759226714,24.0,255.64550489987218,31018.32126118449,1,1,1,1,False,False,False,True
3103108,18328.626444159177,1558.0,18.35,121.18100128369704,75.4813863928113,0.0,85.6444094488189,0.0,0.0,513.4788189987163,0,0,0,0,False,False,False,True
3103207,27276.07913669065,2224.0,11.63,85.74640287769785,81.83453237410072,0.0,65.82520833333334,0.0,0.0,539.568345323741,0,0,0,0,False,False,False,True
3103306,14974.224343675418,2095.0,19.22,25.011933174224342,71.55131264916467,0.0,60.56675,0.0,0.0,1241.0501193317423,0,0,0,0,False,False,False,True
3103405,14751.035460992907,35250.0,15.34,75.60567375886525,64.11631205673758,22.4822695035461,56.200806162665714,15.0,42.5531914893617,760.2836879432624,1,1,1,0,False,False,False,True
3103504,47498.48625421163,122874.0,43.16,187.09084102413854,68.95925907840552,35.84159382782362,53.68281388236579,90.0,73.24576395331803,2592.9000439474585,1,1,1,1,False,False,False,True
3103603,29600.802407221665,2991.0,32.6,193.74791039786024,89.53527248411902,0.0,71.40111578947368,0.0,0.0,668.6726847208291,0,0,0,0,False,False,False,True
3103702,14877.950839620346,8218.0,26.49,37.21100024336822,68.87320515940618,0.0,48.58900142653352,0.0,0.0,413.72596738865906,0,0,0,0,False,False,False,True
3103751,144893.56463346392,8935.0,28.81,108.86401790710688,84.65584778959149,0.0,40.35104669887279,0.0,0.0,48975.93732512591,0,0,0,1,False,False,False,True
3103801,64601.72026925954,2674.0,15.13,148.8406881077038,102.16903515332835,0.0,59.23320158102767,0.0,0.0,1570.6806282722514,0,0,0,0,False,False,False,True
3103900,49644.62118041021,9556.0,37.47,159.5960652992884,93.27124319799078,0.0,32.97136522753792,0.0,0.0,1151.109250732524,0,0,0,0,False,False,False,True
3104007,76057.34340610314,117677.0,95.95,173.89804294806973,75.83470006883248,40.668099968558,44.91140808760343,111.0,94.32599403451822,96464.04989930063,1,1,1,1,False,False,False,True
3104106,37056.58964484381,9348.0,56.34,193.59221223791187,90.97133076593924,0.0,19.424755677907772,0.0,0.0,235.34445870774496,0,0,0,0,False,False,False,True
3104205,54117.23724277937,43348.0,81.23,214.4758697056381,73.35517209559842,39.62351204207807,56.915849300322925,30.0,69.20734520623789,22981.45243148473,1,1,1,1,False,False,False,True
3104304,21765.40951308753,14212.0,49.03,168.53363354911343,91.22572473965663,0.0,39.088938053097344,0.0,0.0,112.5809175344779,0,0,0,0,False,False,False,True
3104403,14703.48623853211,2725.0,16.87,67.04587155963303,74.09174311926606,1.2110091743119267,52.98704049844237,24.0,880.7339449541284,513.7614678899082,1,1,1,0,False,False,False,True
3104452,13918.672199170123,4820.0,19.39,47.593360995850624,11.473029045643154,0.0,57.34852459016394,0.0,0.0,456.43153526970957,0,0,0,0,False,False,False,True
3104502,18116.547334924424,17598.0,3.27,68.49073758381634,91.06716672349131,0.0,39.356356253383865,0.0,0.0,2363.9049892033186,0,0,0,1,False,False,False,True
3104601,20038.86028149673,14565.0,88.98,100.35702025403364,94.34260212838997,0.0,35.34747083527765,0.0,0.0,878.8190868520426,0,0,0,0,False,False,False,True
3104700,14245.00608577361,13967.0,7.48,42.79372807331567,56.13231187799814,0.0,49.55167441860465,0.0,0.0,959.404310159662,0,0,0,0,False,False,False,True
3104809,19389.070324406704,4593.0,3.62,145.93947311125626,90.28957108643588,0.0,37.36061224489796,0.0,0.0,1262.7912040060962,0,0,0,0,False,False,False,True
3104908,20293.371696504688,18768.0,24.47,134.2657715260017,76.23614663256608,0.0,16.235547290116898,0.0,0.0,223.7851662404092,0,0,0,0,False,False,False,True
3105004,26434.46283162595,7614.0,13.47,126.30680325715787,93.73522458628841,0.0,38.38459808413161,0.0,0.0,1208.300499080641,0,0,0,0,False,False,False,True
3105103,32302.26971504308,24144.0,16.17,92.85536779324056,96.06113320079523,0.0,33.64853235490327,0.0,0.0,33217.36249171637,0,0,0,1,False,False,False,True
3105202,12257.415473968056,4821.0,9.8,48.06056834681601,55.23750259282306,0.0,20.10053125,0.0,0.0,82.97033810412778,0,0,0,0,False,False,False,True
3105301,14085.909534656686,6146.0,125.74,85.8119101854865,103.54702245362837,0.0,43.49806183115339,0.0,0.0,63553.53075170843,0,0,0,1,False,False,False,True
3105400,75988.53403957003,32095.0,90.49,168.621280573298,92.63436672378876,5.93861972269824,48.4622379224747,6.0,18.694500701043776,29562.237108583893,0,0,0,1,False,False,False,True
3105509,12636.946503706671,4991.0,25.03,62.833099579242635,68.08254858745742,0.0,38.866358267716535,0.0,0.0,601.0819475055099,0,0,0,0,False,False,False,True
3105608,27163.688960888685,129630.0,165.07,205.7355550412713,68.462547249865,37.496721437938746,51.25725976441414,114.0,87.94260587826892,6101.982565764098,1,1,1,1,False,False,False,True
3105707,14273.170731707318,5740.0,14.77,145.34843205574913,59.91289198606272,0.0,43.1351572327044,0.0,0.0,313.588850174216,0,0,0,0,False,False,False,True
3105905,29586.69648935136,20566.0,244.67,189.6479626568122,90.53778080326752,0.0,25.965578416149068,0.0,0.0,110833.41437323738,0,0,0,1,False,False,False,True
3106002,54574.913561275454,10412.0,93.15,118.61313868613139,58.2597003457549,0.0,43.01074041034791,0.0,0.0,12658.470995005762,0,0,0,1,False,False,False,True
3106101,18659.290694149742,3299.0,8.25,6.608063049408912,104.6680812367384,0.0,75.31046676096182,0.0,0.0,6183.6920278872385,0,0,0,1,False,False,False,True
3106200,43835.26442274863,2416339.0,6988.18,154.30243852373363,97.4195673703069,56.34656395480932,124.57610239422664,4878.0,201.8756474153668,7856.844590100975,1,1,1,1,False,False,False,True
3106309,85285.47524792883,24503.0,71.45,121.65857241970372,87.23421621842223,0.0,33.351501901140686,0.0,0.0,478431.21250459127,0,0,0,1,False,False,False,True
3106408,31284.14934048737,8946.0,23.58,92.2423429465683,82.6179298010284,0.0,40.976466726350345,0.0,0.0,1386.0943438408226,0,0,0,0,False,False,False,True
3106507,11550.107482853926,9769.0,16.74,11.290817893336063,66.99764561367591,0.0,53.0602416918429,0.0,0.0,1310.2671716654725,0,0,0,0,False,False,False,True
3106606,11827.980642322922,4546.0,10.4,11.108666959964804,89.30928288605368,0.0,56.54622222222222,0.0,0.0,307.96304443466784,0,0,0,0,False,False,False,True
3106655,14263.736263736264,4277.0,8.6,88.16927753097966,82.3474397942483,0.0,73.67589830508474,0.0,0.0,1496.375964461071,0,0,0,0,False,False,False,True
3106705,77172.87925523489,429236.0,1197.01,159.40741223942075,76.78177040136428,43.833462244546126,105.63561715553924,546.0,127.202750934218,2349.2903670707956,1,1,1,1,False,False,False,True
3106804,12273.61275088548,3388.0,11.85,11.806375442739078,61.717827626918535,0.0,45.0106230529595,0.0,0.0,1121.6056670602125,0,0,0,0,False,False,False,True
3106903,19378.61977531226,14331.0,99.78,236.6478263903426,93.2872793245412,0.0,42.23871497584541,0.0,0.0,209.33640360058615,0,0,0,0,False,False,False,True
3107000,26763.38729763387,2409.0,5.19,83.60315483603155,93.81486093814861,0.0,16.746410256410257,0.0,0.0,498.13200498132005,0,0,0,0,False,False,False,True
3107109,25609.21320042582,41332.0,46.3,119.89983547856383,82.15910190651311,11.901190360979387,25.65922112211221,9.0,21.774895964385948,164.5214361753605,1,0,0,0,False,False,False,True
3107208,14562.636165577342,5508.0,10.62,81.86274509803921,58.00653594771242,0.0,61.46277173913043,0.0,0.0,435.7298474945534,0,0,0,0,False,False,False,True
3107307,24662.03591849884,49668.0,14.98,86.53257630667633,78.00797294032375,18.261254731416606,35.1718962386511,9.0,18.12031891761295,7062.897640331803,1,0,0,1,False,False,False,True
3107406,33605.889434206874,53995.0,42.63,179.82405778312807,93.35308824891193,11.204741179738864,65.27871703328343,24.0,44.44856005185665,10641.72608574868,1,1,1,1,False,False,False,True
3107505,18332.80711825488,6968.0,16.46,216.24569460390356,105.6113662456946,0.0,56.66737349397591,0.0,0.0,3013.7772675086107,0,0,0,1,False,False,False,True
3107604,42239.12106850495,4642.0,21.47,98.21197759586386,98.3627746660922,0.0,46.68063636363636,0.0,0.0,258.5092632485997,0,0,0,0,False,False,False,True
3107703,27773.160173160173,5775.0,28.79,107.91341991341992,87.94805194805195,0.0,40.43680481283423,0.0,0.0,1350.6493506493507,0,0,0,0,False,False,False,True
3107802,11594.198969910543,14756.0,24.54,65.98671726755218,73.89536459745189,0.0,50.0013904494382,0.0,0.0,515.0447275684468,0,0,0,0,False,False,False,True
3107901,12154.441325950089,13183.0,55.03,105.30228324357127,81.17272244557384,0.0,27.21240204429301,0.0,0.0,606.8421451869832,0,0,0,0,False,False,False,True
3108008,25426.27070245574,17510.0,24.33,164.37464306110795,83.47230154197601,0.0,37.32376,0.0,0.0,399.7715591090805,0,0,0,0,False,False,False,True
3108107,17651.4598540146,7672.0,24.63,69.29092805005214,73.0318039624609,0.0,41.10157566302652,0.0,0.0,13738.269030239833,0,0,0,1,False,False,False,True
3108206,81727.15939447908,5615.0,2.99,4.986642920747997,85.34283170080143,0.0,39.352984054669705,0.0,0.0,4487.978628673197,0,0,0,1,False,False,False,True
3108255,9631.58898103136,10491.0,2.59,11.781527023162711,47.259555809741684,0.0,31.41055921052632,0.0,0.0,133.44771709083977,0,0,0,0,False,False,False,True
3108305,21038.459379035427,17811.0,57.8,181.8033799337488,91.17399359946101,0.0,27.188354620586026,0.0,0.0,247.03834708887766,0,0,0,0,False,False,False,True
3108404,21535.178701195746,15137.0,44.38,141.8444870185638,95.14434828565766,0.0,37.429052224371375,0.0,0.0,528.5063090440642,0,0,0,0,False,False,False,True
3108503,12967.64252696456,5841.0,3.69,7.1905495634309196,49.5120698510529,0.0,45.30577656675749,0.0,0.0,821.7770929635336,0,0,0,0,False,False,False,True
3108552,26896.124935199587,15432.0,5.98,115.33177812337999,103.01321928460342,0.0,28.040534165799517,0.0,0.0,1632.9704510108866,0,0,0,1,False,False,False,True
3108602,11371.881402916715,33188.0,22.88,103.71821140171146,67.41292033265036,15.06568639267205,52.794455307262574,12.0,36.15764734241292,439.91804266602384,1,1,0,0,False,False,False,True
3108701,11597.589244320816,4314.0,19.07,108.22902178952249,81.24710245711637,0.0,52.49923169267707,0.0,0.0,695.4102920723227,0,0,0,0,False,False,False,True
3108800,47613.85474860335,4475.0,11.74,10.972067039106145,57.96648044692738,0.0,73.53729537366547,0.0,0.0,2815.6424581005585,0,0,0,1,False,False,False,True
3108909,13658.003584723563,14506.0,38.74,200.97890528057354,72.97669929684268,0.0,40.73458299595141,0.0,0.0,634.2203226251206,0,0,0,0,False,False,False,True
3109006,113415.13598352011,40777.0,60.86,229.16595139416827,99.6444073865169,56.36756014419893,52.93516592031232,30.0,73.57088554822572,62535.25271599186,1,1,1,1,False,False,False,True
3109105,21564.734342800824,11161.0,30.64,157.48588836125796,65.57656124003225,0.0,29.828520084566595,0.0,0.0,394.2299077143625,0,0,0,0,False,False,False,True
3109204,19581.103044750245,9229.0,5.72,64.2539820132192,95.9800628453787,2.297106945497887,36.51711538461539,18.0,195.03738216491493,1061.870191786759,1,1,1,0,False,False,False,True
3109253,11460.110870089178,4149.0,25.02,13.593637020968908,77.51265365148228,0.0,58.36667763157895,0.0,0.0,674.8614123885274,0,0,0,0,False,False,False,True
3109303,47128.74093872758,24693.0,4.6,103.11424290284695,92.5525452557405,0.0,30.741522911051213,0.0,0.0,2267.849188028996,0,0,0,1,False,False,False,True
3109402,30579.773973741067,24068.0,3.31,115.17367458866545,76.13844108359648,0.0,33.119995157384984,0.0,0.0,6489.945155393053,0,0,0,1,False,False,False,True
3109451,70226.86479329116,6797.0,6.41,167.42680594379874,87.34735912902751,0.0,45.908951048951046,0.0,0.0,1588.936295424452,0,0,0,0,False,False,False,True
3109501,25519.217269217268,11396.0,30.99,102.15865215865216,84.38048438048438,0.0,45.32554890219561,0.0,0.0,245.7002457002457,0,0,0,0,False,False,False,True
3109600,13722.824649563609,3781.0,60.17,141.1002380322666,98.38667019307061,0.0,40.79086009174311,0.0,0.0,634.7527109230363,0,0,0,0,False,False,False,True
3109709,43804.04964075767,12248.0,39.06,137.53265839320704,87.19790986283475,0.0,40.3834945397816,0.0,0.0,636.8386675375572,0,0,0,0,False,False,False,True
3109808,56047.31457800511,2346.0,11.4,84.4842284739983,86.99914748508098,0.0,54.35966360856269,0.0,0.0,11338.4484228474,0,0,0,1,False,False,False,True
3109907,26640.29749830967,11832.0,73.28,111.28296146044624,91.88640973630832,0.0,47.15017432646593,0.0,0.0,422.58282623394183,0,0,0,0,False,False,False,True
3110004,26974.83061480552,39850.0,71.47,150.46925972396488,88.87076537013802,12.11543287327478,76.52526697177727,18.0,45.1693851944793,28562.10790464241,1,1,1,1,False,False,False,True
3110103,16229.361156873512,5463.0,49.82,204.88742449203735,56.96503752516932,0.0,52.51994371482176,0.0,0.0,146.4396851546769,0,0,0,0,False,False,False,True
3110202,23241.041567128523,4186.0,49.23,43.956043956043956,85.09316770186335,0.0,44.17590214067278,0.0,0.0,1051.122790253225,0,0,0,0,False,False,False,True
3110301,23144.365231697284,14588.0,19.98,114.23087469152728,92.27447216890594,0.0,29.211530877010897,3.0,20.564847820126133,4236.358650945983,0,0,0,1,False,False,False,True
3110400,24715.033135681897,2867.0,12.73,100.87199162888037,72.68922218346704,0.0,66.26650684931506,0.0,0.0,697.5933031042902,0,0,0,0,False,False,False,True
3110509,35851.584334506915,27551.0,49.36,158.7201916445864,87.99680592355995,8.239265362418786,41.58412546816479,6.0,21.77779390947697,1335.7046931145876,0,0,0,0,False,False,False,True
3110608,60400.03239390995,30870.0,120.77,207.77777777777777,73.10981535471332,31.57110463232912,59.53837430912902,9.0,29.154518950437318,408.16326530612247,1,0,0,0,False,False,False,True
3110707,29524.68152866242,12560.0,49.98,126.70382165605096,67.84235668789809,20.52547770700637,34.52309186351706,3.0,23.88535031847134,254.77707006369425,0,0,0,0,False,False,False,True
3110806,18326.36270140556,2917.0,6.61,9.290366815221118,89.50977031196435,0.0,59.56280678851175,0.0,0.0,1028.4538909838875,0,0,0,0,False,False,False,True
3110905,26932.83947593976,16334.0,47.48,71.85012856618097,88.14130035508755,3.7222970491000367,22.38883357041252,24.0,146.9327782539488,195.9103710052651,1,1,1,0,False,False,False,True
3111002,23005.722934304496,21143.0,35.82,158.88000756751643,84.56699616894481,0.0,40.457667667667664,0.0,0.0,340.5382396064891,0,0,0,0,False,False,False,True
3111101,29411.561643835616,18250.0,4.93,150.1972602739726,64.55890410958904,0.0,32.84623785020011,6.0,32.87671232876713,1172.6027397260275,0,0,0,0,False,False,False,True
3111150,10692.004208311417,3802.0,7.34,12.914255654918463,89.03208837453971,0.0,26.02660839160839,0.0,0.0,1683.3245660178852,0,0,0,1,False,False,False,True
3111200,23041.32139480563,53943.0,98.97,157.27712585506924,96.03284948927572,7.912055317650112,20.322491710875333,3.0,5.561425949613481,211.33418608531227,0,0,0,0,False,False,False,True
3111309,19883.344803854096,11624.0,41.31,77.13351686166553,88.33448038540949,0.0,41.73925023430178,0.0,0.0,292.49827942188574,0,0,0,0,False,False,False,True
3111408,80421.13600362073,8838.0,6.7,114.98076487893188,77.8796107716678,0.0,53.51460601137286,0.0,0.0,43720.298710115414,0,0,0,1,False,False,False,True
3111507,33056.40986601705,13136.0,18.26,169.89951278928137,95.19640682095006,0.0,20.416377497371187,0.0,0.0,1811.8148599269184,0,0,0,1,False,False,False,True
3111606,26279.421089932486,26809.0,33.92,66.91409601253311,87.97045768212168,0.0,40.227027589796975,0.0,0.0,790.7792159349473,0,0,0,0,False,False,False,True
3111705,16025.869205298011,4832.0,26.96,63.94867549668874,65.76986754966887,0.0,68.03893478260869,0.0,0.0,910.5960264900663,0,0,0,0,False,False,False,True
3111804,63027.24314272432,10755.0,12.57,119.7024639702464,76.42026964202697,0.0,25.965030978934323,9.0,83.68200836820084,4593.212459321246,1,0,0,1,False,False,False,True
3111903,14947.162061239733,5356.0,24.78,131.72143390589991,82.05750560119492,0.0,88.21611464968153,0.0,0.0,298.7303958177745,0,0,0,0,False,False,False,True
3112000,26072.351784209048,14236.0,19.43,127.11435796572071,84.05450969373419,0.0,26.748222789115648,0.0,0.0,238.8311323405451,0,0,0,0,False,False,False,True
3112059,14051.002723446398,4039.0,28.01,124.80812082198564,93.01807378063877,0.0,13.749051724137932,0.0,0.0,49.51720722951226,0,0,0,0,False,False,False,True
3112109,18981.920684292378,5144.0,38.62,154.35458786936238,84.50622083981338,0.0,42.146144781144784,0.0,0.0,583.203732503888,0,0,0,0,False,False,False,True
3112208,14143.56884057971,4416.0,39.27,214.60597826086956,76.83423913043478,0.0,49.336875,0.0,0.0,407.60869565217394,0,0,0,0,False,False,False,True
3112307,21369.17372881356,41536.0,41.05,151.14840138674884,75.52725346687211,29.078389830508474,45.17373610715304,21.0,50.558551617873654,1728.6209553158706,1,1,1,1,False,False,False,True
3112406,31155.742633794347,6652.0,22.02,19.738424533974744,95.17438364401684,0.0,60.19071274298056,0.0,0.0,450.99218280216473,0,0,0,0,False,False,False,True
3112505,11109.32012606934,11105.0,111.85,143.31382260243134,86.77172444844665,0.0,43.19067635043123,0.0,0.0,5673.120216118866,0,0,0,1,False,False,False,True
3112604,44730.3174709712,14899.0,23.61,143.82844486207128,73.8505939995973,0.0,36.9835593220339,0.0,0.0,2993.4894959393246,0,0,0,1,False,False,False,True
3112653,13073.548387096776,4650.0,16.43,111.01075268817205,88.70967741935483,0.0,91.60971698113208,0.0,0.0,43.01075268817204,0,0,0,0,False,False,False,True
3112703,34818.06818970905,14401.0,14.52,98.16679397264079,105.67321713769877,0.33331018679258384,48.16764455782313,3.0,20.83188667453649,861.0513158808416,0,0,0,0,False,False,False,True
3112802,30248.9183466814,10863.0,19.89,169.2074012703673,126.80659118107337,0.0,39.03565784426544,3.0,27.616680475006905,1288.7784221669888,0,0,0,0,False,False,False,True
3112901,15743.755477651182,9128.0,47.61,17.835232252410165,87.68624014022787,0.0,49.284,0.0,0.0,328.65907099035934,0,0,0,0,False,False,False,True
3113008,10703.520911773683,19654.0,15.73,12.913401852040296,54.34517146636817,0.0,38.89492125984252,0.0,0.0,142.4646382415793,0,0,0,0,False,False,False,True
3113107,14008.445945945949,2960.0,18.34,165.0,53.78378378378378,0.0,40.849361179361175,0.0,0.0,743.2432432432432,0,0,0,0,False,False,False,True
3113206,30838.18942875903,24368.0,48.87,164.91300065659883,79.60029546946815,10.292186474064346,45.02859707617338,21.0,86.17859487852922,8486.539724228496,1,1,1,1,False,False,False,True
3113305,19870.0139903622,32165.0,88.4,149.48546556816416,62.09855432923986,25.61479869423286,71.20600210970464,12.0,37.30763251981968,491.2171615109591,1,1,0,0,False,False,False,True
3113404,25175.65913526746,90687.0,69.42,198.84106873090963,67.83883026233087,35.2773826458037,53.56218607954545,48.0,52.92930629527937,586.6331447726797,1,1,1,0,False,False,False,True
3113503,25559.133557280205,8633.0,5.85,9.336267809567937,88.53237576740415,0.0,31.581333333333337,0.0,0.0,89632.80435538052,0,0,0,1,False,False,False,True
3113602,24788.4478588704,7029.0,37.66,126.33376013657704,76.01365770379854,0.0,38.12003300330033,0.0,0.0,540.6174420258927,0,0,0,0,False,False,False,True
3113701,25178.70782940802,18852.0,5.81,78.21451304901336,73.44048376830044,4.720984510927223,53.86860273972603,3.0,15.913430935709739,1007.8506259282834,0,0,0,0,False,False,False,True
3113800,14834.07904548844,2682.0,10.05,26.099925428784488,71.02908277404921,0.0,40.11684563758389,0.0,0.0,596.5697240865026,0,0,0,0,False,False,False,True
3113909,27310.971467391304,11776.0,22.81,88.98607336956522,91.25339673913044,0.0,37.255093268450935,0.0,0.0,628.3967391304348,0,0,0,0,False,False,False,True
3114006,23546.94565121021,11279.0,30.85,193.40367053816829,85.5129000797943,0.0,19.047768154563624,0.0,0.0,177.32068445784202,0,0,0,0,False,False,False,True
3114105,20586.15559019413,14114.0,42.81,123.90534221340513,64.2553492985688,0.0,42.499935539321015,0.0,0.0,921.0712767464928,0,0,0,0,False,False,False,True
3114204,25730.18542829012,24376.0,51.51,141.44240236297998,106.14538890712176,0.0,31.66798949211909,0.0,0.0,853.298326222514,0,0,0,0,False,False,False,True
3114303,35453.19241446202,29899.0,22.18,175.96575136292185,62.37332352252584,18.80330445834309,30.33810094952524,12.0,40.13512157597244,1344.5265727950768,1,1,0,0,False,False,False,True
3114402,32356.36414461424,21464.0,19.66,149.70648527767423,95.39228475587029,0.0,34.6070534351145,0.0,0.0,419.3067461796496,0,0,0,0,False,False,False,True
3114501,24949.453995026488,18498.0,45.01,84.26316358525246,96.48070061628285,0.0,30.103963903743317,0.0,0.0,1059.574008000865,0,0,0,0,False,False,False,True
3114550,42233.64485981308,9630.0,4.57,187.77777777777777,95.35825545171339,0.0,34.03587740384615,0.0,0.0,26708.203530633436,0,0,0,1,False,False,False,True
3114600,42772.93522754635,4153.0,5.56,94.12472911148568,92.70406934745967,0.0,30.27973684210526,0.0,0.0,1974.4762822056346,0,0,0,1,False,False,False,True
3114709,20890.839918056776,3417.0,41.2,210.76968100673105,90.10828211881767,0.0,51.89075170842825,0.0,0.0,117.0617500731636,0,0,0,0,False,False,False,True
3114808,17901.486576436655,4507.0,15.67,123.87397381850455,76.39227867761261,0.0,58.50892617449664,0.0,0.0,488.129576214777,0,0,0,0,False,False,False,True
3114907,30631.85840707965,2260.0,14.04,138.76106194690266,59.64601769911504,0.0,44.52720930232558,0.0,0.0,796.4601769911504,0,0,0,0,False,False,False,True
3115003,29011.244105912225,2757.0,7.38,125.0272034820457,62.49546608632571,0.0,54.864629629629626,0.0,0.0,1523.3949945593035,0,0,0,0,False,False,False,True
3115102,24940.89739925693,17495.0,25.77,132.32923692483567,97.24492712203487,0.0,26.040708186840785,0.0,0.0,445.84166904829954,0,0,0,0,False,False,False,True
3115201,19109.28809788654,3596.0,13.04,149.08231368186875,76.00111234705228,0.0,49.14130319148936,0.0,0.0,778.642936596218,0,0,0,0,False,False,False,True
3115300,24322.710396039605,67872.0,134.74,171.78512494106553,68.21516973125884,25.875176803394623,64.5842114745011,21.0,30.940594059405942,427.27487034417726,1,1,1,0,False,False,False,True
3115359,887848.8002822865,5668.0,22.8,156.7043048694425,99.84121383203951,5.486944248412138,58.029581517000864,6.0,105.85744530698659,4834.156669019055,0,0,0,1,False,False,False,True
3115409,12984.7182425979,3141.0,21.96,41.35625596943648,67.14422158548233,0.0,49.954219269102985,0.0,0.0,445.7179242279529,0,0,0,0,False,False,False,True
3115458,11528.92333241074,7226.0,16.76,42.59618045945198,71.53335178522003,0.0,54.89699836867863,0.0,0.0,553.5566011624688,0,0,0,0,False,False,False,True
3115474,11828.928199791884,4805.0,16.47,18.792924037460978,97.6690946930281,0.0,39.916456692913385,0.0,0.0,2330.9053069719043,0,0,0,1,False,False,False,True
3115508,17319.089382347454,21436.0,209.55,170.35827579772345,101.76338869192013,7.361448031349132,29.420611461475183,6.0,27.99029669714499,382.53405486098154,0,0,0,0,False,False,False,True
3115607,20527.95600366636,1091.0,3.82,111.45737855178736,97.15857011915674,0.0,67.285,0.0,0.0,1466.5444546287808,0,0,0,0,False,False,False,True
3115706,13942.495595066475,6243.0,30.2,130.882588499119,100.08008970046453,0.0,66.17805389221557,0.0,0.0,608.681723530354,0,0,0,0,False,False,False,True
3115805,33632.662835249044,10440.0,31.66,103.83141762452107,69.21455938697318,1.0344827586206897,42.17489623366641,21.0,201.1494252873563,1781.6091954022988,1,1,1,1,False,False,False,True
3115904,14839.47119924457,3177.0,20.12,194.58608750393452,100.22033364809569,0.0,30.162744656917887,0.0,0.0,1447.9068303430909,0,0,0,0,False,False,False,True
3116001,18238.46030985465,6261.0,28.56,127.55150934355534,73.13528190384922,0.0,60.00676165803109,0.0,0.0,606.9318000319438,0,0,0,0,False,False,False,True
3116100,11083.998403830808,10024.0,12.44,15.522745411013567,63.667198723064644,0.0,60.75477832512315,0.0,0.0,239.42537909018355,0,0,0,0,False,False,False,True
3116159,31470.179547228727,12810.0,3.8,42.82591725214676,97.68930523028884,0.0,30.145027085590467,0.0,0.0,218.5792349726776,0,0,0,0,False,False,False,True
3116209,13000.698080279231,2865.0,11.07,32.80977312390925,87.5043630017452,0.0,51.79957364341086,0.0,0.0,2094.240837696335,0,0,0,1,False,False,False,True
3116308,13089.301661010895,5599.0,36.36,119.73566708340775,68.51223432755849,0.0,32.899591002044986,0.0,0.0,642.9719592784426,0,0,0,0,False,False,False,True
3116407,38093.15469960226,4777.0,20.46,70.14862884655642,62.75905379945573,0.0,39.126935483870966,0.0,0.0,251.20368432070336,0,0,0,0,False,False,False,True
3116506,11532.166965146716,7259.0,9.95,77.88951646232263,76.42926022868164,0.0,20.742504347826088,0.0,0.0,440.8320705331313,0,0,0,0,False,False,False,True
3116605,35294.268119374705,31665.0,47.82,210.24790778462025,72.19643139112586,35.20290541607453,33.43498738170347,6.0,18.948365703458077,423.18016737723036,0,0,0,0,False,False,False,True
3116704,19188.332189430337,7285.0,66.59,132.18943033630748,83.18462594371998,0.0,46.55029673590505,0.0,0.0,960.8785175017158,0,0,0,0,False,False,False,True
3116803,14689.007393043268,8251.0,23.42,52.91479820627803,69.57944491576778,0.0,58.61954441913439,0.0,0.0,121.19743061447097,0,0,0,0,False,False,False,True
3116902,55022.04052612869,2813.0,2.66,37.64664059722716,101.9552079630288,0.0,31.95893982808023,6.0,213.2954141485958,7394.241023817988,0,0,0,1,False,False,False,True
3117009,10276.746642523012,6627.0,10.17,146.59725365927267,73.21563301644787,0.0,49.13721115537849,0.0,0.0,241.43654745737135,0,0,0,0,False,False,False,True
3117108,25701.818522684665,10668.0,29.42,121.19422572178478,80.67116610423697,0.0,58.88680396643784,0.0,0.0,74.99062617172854,0,0,0,0,False,False,False,True
3117207,21518.15297849841,2837.0,27.12,173.9866055692633,63.130066972153685,0.0,27.26754237288136,0.0,0.0,422.9820232640113,0,0,0,0,False,False,False,True
3117306,44008.44769441384,29949.0,21.18,144.25523389762597,80.05275635246586,0.0,27.22258372036177,6.0,20.034057898427328,33383.4184780794,0,0,0,1,False,False,False,True
3117405,17989.340439706863,4503.0,17.36,96.91316899844549,47.36842105263158,0.0,60.63030769230769,0.0,0.0,399.73351099267154,0,0,0,0,False,False,False,True
3117504,373173.620846046,24254.0,13.47,172.53236579533274,141.67972293229982,0.0,30.61763251545233,0.0,0.0,21456.25463841016,0,0,0,1,False,False,False,True
3117603,88727.86060714927,5567.0,21.63,198.16777438476737,80.85144602119634,0.0,23.684049586776855,0.0,0.0,87910.90353871026,0,0,0,1,False,False,False,True
3117702,26882.31611893584,12780.0,33.92,170.17996870109548,86.9640062597809,0.0,57.57311602209945,0.0,0.0,391.23630672926447,0,0,0,0,False,False,False,True
3117801,20118.930519538582,11183.0,60.37,126.08423499955289,77.30483770008048,0.0,37.87488215488215,0.0,0.0,107.3057319145131,0,0,0,0,False,False,False,True
3117836,8554.986522911051,7420.0,4.49,22.547169811320753,56.26684636118598,0.0,22.32769784172662,0.0,0.0,215.63342318059298,0,0,0,0,False,False,False,True
3117876,63271.495570609695,7676.0,173.53,193.0432516935904,134.23658155289212,46.638874413757165,89.83859899079846,24.0,312.6628452318916,136607.60812923397,1,1,1,1,False,False,False,True
3117900,19333.85951065509,11403.0,54.03,97.93913882311672,112.98781022537929,0.0,25.98741132075472,0.0,0.0,263.08866087871615,0,0,0,0,False,False,False,True
3118007,139625.48648746955,54986.0,173.94,195.82621030807843,78.3072054704834,44.24944531335249,64.5208893605731,60.0,109.11868475611973,76728.62183101154,1,1,1,1,False,False,False,True
3118106,10003.653338745688,4927.0,11.91,127.13618834990866,78.50619037954131,0.0,60.361312607944726,0.0,0.0,12177.795818956769,0,0,0,1,False,False,False,True
3118205,71394.37645687646,6864.0,10.83,166.08391608391608,95.06118881118881,0.0,43.48064056939502,0.0,0.0,1981.3519813519813,0,0,0,1,False,False,False,True
3118304,22595.564574576027,137980.0,355.5,222.51050876938686,69.29699956515437,42.41484273083056,50.86147568040959,114.0,82.62066966226989,1662.5597912740977,1,1,1,1,False,False,False,True
3118403,18176.33685407096,21113.0,14.03,144.034481125373,97.30024155733435,0.0,45.184977220956725,0.0,0.0,1174.6317434755838,0,0,0,0,False,False,False,True
3118502,19924.58808618505,1578.0,17.54,285.6147021546261,97.90874524714829,0.0,60.023007518796994,0.0,0.0,1394.169835234474,0,0,0,0,False,False,False,True
3118601,56122.94472864341,649975.0,3193.2,177.70514250548098,75.57182968575714,49.31866610254241,116.49343146650546,915.0,140.7746451786607,4942.959344590176,1,1,1,1,False,False,False,True
3118700,25460.367511144937,9197.0,30.47,87.99608568011308,89.46395563770795,0.0,45.893338709677415,0.0,0.0,282.70088072197456,0,0,0,0,False,False,False,True
3118809,10432.947114833083,26151.0,11.4,36.05215861726129,78.07732017896065,0.0,19.46515243902439,0.0,0.0,1040.1131887881916,0,0,0,0,False,False,False,True
3118908,19255.532139093782,7592.0,9.16,150.31612223393046,95.13962065331928,0.0,35.99916967509026,0.0,0.0,2397.2602739726026,0,0,0,1,False,False,False,True
3119005,35030.18170619033,3247.0,17.82,156.1441330458885,80.56667693255312,0.0,51.32084615384616,0.0,0.0,492.7625500461965,0,0,0,0,False,False,False,True
3119104,25377.85464244041,23996.0,9.32,91.04434072345391,89.88164694115686,0.0,25.976580769230768,0.0,0.0,575.095849308218,0,0,0,0,False,False,False,True
3119203,11213.92857142857,11200.0,18.89,23.446428571428573,50.455357142857146,0.0,57.19796169630643,0.0,0.0,607.1428571428571,0,0,0,0,False,False,False,True
3119302,51151.26778396029,30013.0,8.72,129.63382534235166,92.83976943324559,0.0,40.27616182572614,0.0,0.0,1006.2306333921968,0,0,0,0,False,False,False,True
3119401,18383.29448830504,108551.0,473.38,125.67917384455232,68.52815727169717,35.17609234369098,69.7725283018868,99.0,91.20137078423967,407.181877642767,1,1,1,0,False,False,False,True
3119500,14466.497645780517,8283.0,10.06,54.593746227212364,70.13159483279006,0.0,53.75133956386293,0.0,0.0,193.16672703126886,0,0,0,0,False,False,False,True
3119609,21472.311539835657,2799.0,21.0,129.72490175062524,92.99749910682387,0.0,78.99323353293413,0.0,0.0,1357.6277241872097,0,0,0,0,False,False,False,True
3119708,25357.50139431121,3586.0,24.73,145.45454545454547,92.10819854991634,0.0,36.735773809523806,0.0,0.0,1673.1734523145567,0,0,0,1,False,False,False,True
3119807,55647.75016789792,2978.0,4.5,95.1645399597045,136.7696440564137,0.0,29.83405366207397,6.0,201.4775016789792,11954.331766286097,0,0,0,1,False,False,False,True
3119906,10296.455181756604,4429.0,34.55,188.53014224429893,62.2713930909912,0.0,52.52038374717833,0.0,0.0,677.3538044705351,0,0,0,0,False,False,False,True
3119955,50789.698890649765,6310.0,60.66,157.63866877971475,89.49286846275753,0.0,37.19872448979592,0.0,0.0,2725.8320126782883,0,0,0,1,False,False,False,True
3120003,13228.365384615385,2912.0,14.0,0.6868131868131868,84.0315934065934,0.0,40.37648484848485,0.0,0.0,686.8131868131868,0,0,0,0,False,False,False,True
3120102,14557.294063506672,4346.0,8.74,125.88587206626784,83.59410952600092,0.0,21.916607142857146,0.0,0.0,138.05798435342845,0,0,0,0,False,False,False,True
3120151,14426.54833836858,5296.0,5.45,15.011329305135952,56.41993957703927,0.0,33.30806722689076,0.0,0.0,188.82175226586102,0,0,0,0,False,False,False,True
3120201,23507.47455470738,12576.0,19.41,169.20324427480915,94.3781806615776,0.0,24.576687330492057,0.0,0.0,302.16284987277356,0,0,0,0,False,False,False,True
3120300,11454.017424975798,5165.0,6.09,48.480154888673766,71.79090029041626,0.0,37.37307692307692,0.0,0.0,13359.148112294288,0,0,0,1,False,False,False,True
3120409,26119.95776135164,4735.0,35.12,167.96198521647307,107.62407602956705,0.0,41.76729357798165,0.0,0.0,2069.6937697993662,0,0,0,1,False,False,False,True
3120508,21941.94034064176,10627.0,33.32,108.22433424296602,69.05994165804084,0.0,30.23346133333333,0.0,0.0,470.49967065023054,0,0,0,0,False,False,False,True
3120607,14745.961299485176,5633.0,32.51,59.541984732824424,84.92810225457127,0.0,41.70541745730551,0.0,0.0,9515.355938221197,0,0,0,1,False,False,False,True
3120706,50978.6703601108,3610.0,18.78,188.75346260387812,125.8448753462604,0.0,50.714222797927455,9.0,249.30747922437672,2049.861495844875,1,0,0,1,False,False,False,True
3120805,20131.123645351418,15779.0,29.41,121.6807148741999,96.19114012294823,0.0,32.98796923076923,0.0,0.0,608.4035743709994,0,0,0,0,False,False,False,True
3120839,18537.055583375062,3994.0,17.57,53.90585878818227,99.22383575363044,0.0,45.12596858638743,0.0,0.0,851.2769153730596,0,0,0,0,False,False,False,True
3120870,10539.97378768021,7630.0,12.97,121.0091743119266,82.35910878112713,0.0,47.90323748668797,0.0,0.0,104.84927916120577,0,0,0,0,False,False,False,True
3120904,26568.243065989365,83862.0,24.47,136.65426534067873,74.54747084495958,36.52548234003482,48.99951296150825,66.0,78.70072261572584,2332.4032338842385,1,1,1,1,False,False,False,True
3121001,13168.031327874687,5618.0,17.62,121.80491278034887,85.81345674617302,0.0,12.427181467181468,0.0,0.0,569.5977216091136,0,0,0,0,False,False,False,True
3121100,15460.885608856088,8130.0,19.47,119.44649446494465,48.21648216482165,0.0,51.32770992366412,0.0,0.0,295.2029520295203,0,0,0,0,False,False,False,True
3121209,28229.337899543378,8760.0,6.09,88.40182648401826,93.89269406392694,0.0,39.64065488565488,0.0,0.0,844.7488584474886,0,0,0,0,False,False,False,True
3121258,42402.52658365901,11003.0,102.1,88.2123057347996,83.6862673816232,0.0,33.51141666666667,0.0,0.0,6307.37071707716,0,0,0,1,False,False,False,True
3121308,16142.5464610518,5058.0,23.12,103.06445235270859,84.20324238829576,0.0,41.29229901269394,0.0,0.0,355.87188612099646,0,0,0,0,False,False,False,True
3121407,33061.898734177215,7900.0,20.29,8.405063291139241,95.65822784810126,0.0,41.078212255211625,0.0,0.0,58658.22784810127,0,0,0,1,False,False,False,True
3121506,16544.62242562929,3059.0,21.04,63.77901274926447,91.6639424648578,0.0,42.58668329177057,0.0,0.0,2222.948676037921,0,0,0,1,False,False,False,True
3121605,19942.67825664093,49353.0,12.26,174.7431767065832,72.52041415922031,36.30174457479789,51.11364779091475,48.0,97.25852531760987,591.65602901546,1,1,1,0,False,False,False,True
3121704,11938.820912124584,3596.0,21.5,57.758620689655174,77.1412680756396,0.0,38.12361038961039,0.0,0.0,96551.72413793103,0,0,0,1,False,False,False,True
3121803,13384.150832228604,6789.0,20.18,44.631020768890856,65.07585800559728,0.0,40.3329387755102,0.0,0.0,56149.65385181912,0,0,0,1,False,False,False,True
3121902,14385.67555354722,4426.0,36.13,49.887031179394484,87.57342973339358,0.0,36.349067567567566,0.0,0.0,1807.501129688206,0,0,0,1,False,False,False,True
3122009,14977.40165971213,21329.0,61.3,144.76534296028882,84.90318345914014,0.0,30.61612288135593,0.0,0.0,328.1916639317361,0,0,0,0,False,False,False,True
3122108,14734.8303870043,4186.0,12.21,115.02627806975633,83.30148112756808,0.0,62.12012987012987,0.0,0.0,1481.1275680840897,0,0,0,0,False,False,False,True
3122207,12452.247616164674,6607.0,48.95,128.6665657635841,96.18586347812926,0.0,68.81979368932039,0.0,0.0,60.54184955350386,0,0,0,0,False,False,False,True
3122306,34368.37674556799,242328.0,326.35,216.26019279654022,126.6617972335017,41.34231289822059,89.28596833376672,288.0,118.84718233138555,855.8647783169919,1,1,1,0,False,False,False,True
3122355,27360.97036695839,6513.0,53.66,38.154460310148934,125.18040841394135,0.0,27.92780188679245,0.0,0.0,276.37033625057575,0,0,0,0,False,False,False,True
3122405,21678.79192391123,5993.0,26.97,148.72351076255632,81.31153011847155,0.0,101.4394403892944,0.0,0.0,133.48907058234607,0,0,0,0,False,False,False,True
3122454,8803.306565895135,10585.0,17.83,38.40340103920642,67.18941898913558,0.0,67.45384321223709,0.0,0.0,75.57864903164855,0,0,0,0,False,False,False,True
3122470,18446.50915848155,3767.0,4.52,8.707194053623573,68.70188478895673,0.0,38.719,0.0,0.0,2229.8911600743295,0,0,0,1,False,False,False,True
3122504,13976.711503714114,4981.0,82.39,152.66010841196547,97.67115037141136,0.0,58.10611979166666,0.0,0.0,240.91547881951416,0,0,0,0,False,False,False,True
3122603,13423.084537715304,5051.0,12.28,157.0976044347654,102.87071866957038,0.0,44.28239473684211,0.0,0.0,10611.760047515343,0,0,0,1,False,False,False,True
3122702,20235.51401869159,5350.0,26.81,281.32710280373834,87.6822429906542,0.0,40.23078947368421,0.0,0.0,1644.8598130841121,0,0,0,1,False,False,False,True
3122801,12294.080604534003,3176.0,27.17,192.91561712846348,90.42821158690177,0.0,37.58883333333333,0.0,0.0,503.77833753148616,0,0,0,0,False,False,False,True
3122900,17601.986861079957,6241.0,86.76,123.6180099343054,66.30347700688992,0.0,28.429674796747964,0.0,0.0,64.09229290177856,0,0,0,0,False,False,False,True
3123007,31035.78008338989,10313.0,80.16,170.0281198487346,86.97760108600795,0.0,21.79030384271671,0.0,0.0,387.8599825463008,0,0,0,0,False,False,False,True
3123106,37236.67252489748,5121.0,13.16,13.395821128685803,61.08181995703964,0.0,32.129205479452054,0.0,0.0,468.65846514352666,0,0,0,0,False,False,False,True
3123205,27549.116220866574,12786.0,11.37,123.36931018301267,90.73205068043173,0.0,27.7013213811421,0.0,0.0,672.6106679180353,0,0,0,0,False,False,False,True
3123304,13000.387672029465,5159.0,21.57,8.179879821670866,70.05233572397752,0.0,45.55656953642384,0.0,0.0,348.90482651676683,0,0,0,0,False,False,False,True
3123403,56206.55080213904,1496.0,9.55,3.877005347593583,78.4090909090909,0.0,116.7621362229102,0.0,0.0,20588.235294117647,0,0,0,1,False,False,False,True
3123502,42432.31674692349,1869.0,5.85,155.64472980203317,83.84162653825575,0.0,37.45078651685393,0.0,0.0,1391.1182450508293,0,0,0,0,False,False,False,True
3123528,15286.514058223438,8038.0,35.95,104.44140333416273,92.4608111470515,0.0,64.13069269521411,0.0,0.0,771.3361532719582,0,0,0,0,False,False,False,True
3123601,25794.09720952346,27343.0,52.72,138.41933950188348,88.19076180375234,0.0,35.60443243243243,0.0,0.0,299.89393994806716,0,0,0,0,False,False,False,True
3123700,10973.720995247411,14308.0,72.82,46.96673189823875,61.12664243779704,0.0,46.26336538461538,0.0,0.0,475.25859658932063,0,0,0,0,False,False,False,True
3123809,14359.22632974575,6411.0,10.45,81.9996880361878,80.28388706909999,0.0,50.38690528634361,3.0,46.79457182966776,467.94571829667757,0,0,0,0,False,False,False,True
3123858,12260.532779142264,5293.0,60.65,19.327413565085962,78.65104855469488,0.0,42.17459283387623,0.0,0.0,37.78575477045154,0,0,0,0,False,False,False,True
3123908,17868.386243386245,15120.0,32.28,143.20767195767195,89.02777777777777,0.0,45.49763132760267,0.0,0.0,436.5079365079365,0,0,0,0,False,False,False,True
3124005,19540.02195599256,20951.0,56.66,18.53849458259749,80.65963438499355,0.0,41.0160595065312,0.0,0.0,400.9355162044771,0,0,0,0,False,False,False,True
3124104,10628.43851353565,91573.0,94.09,140.4431437214026,79.5452808142138,8.559291494217728,55.88452042196376,36.0,39.312897906588184,1762.5282561453703,1,1,1,1,False,False,False,True
3124203,16599.329590888898,24761.0,75.88,191.30083599208433,69.2702233350834,12.887201647752514,71.99892402283706,6.0,24.23165461814951,775.4129477807843,0,0,0,0,False,False,False,True
3124302,11598.629918750996,31385.0,16.29,16.074557909829537,87.78078700015931,0.0,29.039136466591167,0.0,0.0,305.8786044288673,0,0,0,0,False,False,False,True
3124401,17442.414728129013,7007.0,25.05,50.16412159269302,72.8842585985443,0.0,50.89005514705882,0.0,0.0,256.88597117168547,0,0,0,0,False,False,False,True
3124500,50847.33017911456,11836.0,47.16,36.65934437309902,91.17100371747212,0.0,33.45433314886552,0.0,0.0,388.64481243663397,0,0,0,0,False,False,False,True
3124609,19460.52631578948,2204.0,16.64,52.9038112522686,98.00362976406534,0.0,64.89961340206186,0.0,0.0,1088.929219600726,0,0,0,0,False,False,False,True
3124708,60122.90909090909,2750.0,4.36,101.52727272727273,92.58181818181818,0.0,38.62061333333333,0.0,0.0,1090.909090909091,0,0,0,0,False,False,False,True
3124807,50709.06728270286,6926.0,8.32,107.45018769852729,96.043892578689,0.0,35.95460317460317,0.0,0.0,72596.01501588218,0,0,0,1,False,False,False,True
3124906,20021.76072234763,11075.0,34.91,50.90744920993228,77.4176072234763,0.7945823927765236,45.44052525252525,3.0,27.08803611738149,1823.9277652370204,0,0,0,1,False,False,False,True
3125002,13664.822730701531,3977.0,37.32,110.30927835051547,103.29394015589641,0.0,29.63525187566988,0.0,0.0,1860.6990193613276,0,0,0,1,False,False,False,True
3125101,235765.37219622536,57913.0,218.67,252.76017474487594,91.1246179614249,49.31189888280697,36.021074228810164,48.0,82.88294510731615,2296.548270681885,1,1,1,1,False,False,False,True
3125200,22019.909842223893,2662.0,29.97,146.6190833959429,155.4845980465815,0.0,60.26070217917676,0.0,0.0,1728.0240420736288,0,0,0,1,False,False,False,True
3125309,19868.78666255017,3239.0,19.3,275.3010188329731,181.87712256869403,0.0,49.56084931506849,0.0,0.0,926.2117937635072,0,0,0,0,False,False,False,True
3125408,14050.685975609756,5248.0,14.35,108.34603658536585,79.95426829268293,0.0,18.869248120300757,0.0,0.0,266.7682926829268,0,0,0,0,False,False,False,True
3125507,15733.376371852808,3098.0,9.64,124.08005164622337,82.50484183344093,0.0,28.180040816326528,0.0,0.0,2001.291155584248,0,0,0,1,False,False,False,True
3125606,11483.464805825242,6592.0,10.88,35.28519417475728,73.98361650485437,0.0,38.17271626297578,0.0,0.0,424.75728155339806,0,0,0,0,False,False,False,True
3125705,19688.77372365012,14279.0,8.99,41.4734925414945,101.35863856012325,2.451152041459486,41.27928512053201,9.0,63.029623923243925,3473.632607325443,1,0,0,1,False,False,False,True
3125804,16230.79646017699,2825.0,18.36,46.017699115044245,73.87610619469027,0.0,59.399534883720925,0.0,0.0,424.7787610619469,0,0,0,0,False,False,False,True
3125903,15304.676184564452,9666.0,8.81,59.92137388785434,72.3153320918684,0.0,47.23759868421053,0.0,0.0,620.7324643078833,0,0,0,0,False,False,False,True
3125952,14670.53212381932,10693.0,29.2,58.14083980173945,76.39577293556532,0.0,44.9489358490566,0.0,0.0,542.4109230337604,0,0,0,0,False,False,False,True
3126000,17025.399475316004,8386.0,41.42,234.33102790364893,90.51991414261865,12.186978297161936,33.42773984442523,6.0,71.54781779155736,13713.331743381827,0,0,0,1,False,False,False,True
3126109,31308.215882719192,70668.0,45.44,202.36882322975038,69.64821418463802,36.60638478519273,57.31500307314075,60.0,84.90405841399219,738.665308201732,1,1,1,0,False,False,False,True
3126208,38859.31136616069,8103.0,2.16,19.301493274096014,82.29050968776995,0.0,42.61492227979275,0.0,0.0,1234.110823151919,0,0,0,0,False,False,False,True
3126307,31919.94261119081,3485.0,15.89,70.8751793400287,88.00573888091822,0.0,45.62231578947368,0.0,0.0,66226.68579626972,0,0,0,1,False,False,False,True
3126406,15983.47365138759,3207.0,15.57,172.6847521047708,82.94356096039913,0.0,54.17951851851851,0.0,0.0,124.72715933894605,0,0,0,0,False,False,False,True
3126505,10793.701442841288,7208.0,15.96,15.260821309655938,62.94395116537181,0.0,36.05683121019108,0.0,0.0,221.97558268590456,0,0,0,0,False,False,False,True
3126604,16562.007011393514,4564.0,2.86,55.78439964943033,75.41630148992112,0.0,34.46671361502347,0.0,0.0,11130.587204206837,0,0,0,1,False,False,False,True
3126703,18978.126705571183,23819.0,8.55,90.9945841555061,69.3605944833956,0.0,36.79975342465754,0.0,0.0,411.43624837314746,0,0,0,0,False,False,False,True
3126752,19990.12248123272,5062.0,7.02,66.55472145397076,61.18135124456737,0.0,48.25404371584699,0.0,0.0,158.04030027657052,0,0,0,0,False,False,False,True
3126802,13950.357080647973,5741.0,9.0,28.74063751959589,47.39592405504268,0.0,57.63025510204082,0.0,0.0,174.18568193694477,0,0,0,0,False,False,False,True
3126901,18060.235181185504,8334.0,17.52,109.67122630189584,4.8956083513318935,0.0,49.95765522875817,0.0,0.0,455.9635229181666,0,0,0,0,False,False,False,True
3126950,10232.51798561151,3475.0,20.25,39.25179856115108,55.25179856115108,0.0,20.33705035971223,0.0,0.0,172.66187050359713,0,0,0,0,False,False,False,True
3127008,62739.68743711852,14909.0,72.7,112.12019585485277,101.34147159433898,0.0,28.932940233569955,0.0,0.0,1462.204037829499,0,0,0,0,False,False,False,True
3127057,11106.469920544836,4405.0,13.55,82.72417707150964,63.76844494892168,0.0,27.871280653950954,0.0,0.0,181.61180476730988,0,0,0,0,False,False,False,True
3127073,10218.14629911005,4607.0,6.09,27.458215758628175,69.50293032342088,0.0,71.07977272727273,0.0,0.0,738.0073800738007,0,0,0,0,False,False,False,True
3127107,40579.10800433199,60942.0,24.14,187.7358800170654,92.54537100849988,8.915033966722458,32.60541429029157,36.0,59.07256079551048,37901.611368186146,1,1,1,1,False,False,False,True
3127206,17048.710601719198,4886.0,23.45,167.43757674989766,89.7257470323373,0.0,51.26706377014717,0.0,0.0,1146.1318051575931,0,0,0,0,False,False,False,True
3127305,18102.05381308709,6281.0,8.64,85.08199331316669,85.591466327018,0.0,75.97611716621253,0.0,0.0,318.420633657061,0,0,0,0,False,False,False,True
3127339,11791.486736582356,4863.0,2.77,2.303105079169237,90.12954966070328,0.0,50.93279069767442,0.0,0.0,493.52251696483654,0,0,0,0,False,False,False,True
3127354,13749.91641591441,2991.0,20.07,51.889000334336345,58.00735539953193,0.0,35.21505813953488,0.0,0.0,200.60180541624874,0,0,0,0,False,False,False,True
3127370,17392.122690833043,2869.0,25.17,137.22551411641686,102.09132101777622,0.0,56.47487113402062,0.0,0.0,209.13210177762286,0,0,0,0,False,False,False,True
3127388,14854.89260143198,4190.0,26.66,173.43675417661098,92.12410501193317,0.0,52.075605786618446,0.0,0.0,1384.2482100238662,0,0,0,0,False,False,False,True
3127404,19281.333060723777,4891.0,25.23,87.73257002657944,87.48722142711102,0.0,20.780916179337236,0.0,0.0,654.2629319157636,0,0,0,0,False,False,False,True
3127503,13083.85505596661,5271.0,24.98,109.78941377347752,78.86549041927528,0.0,45.002245762711865,0.0,0.0,720.9258205274142,0,0,0,0,False,False,False,True
3127602,17217.334834184778,11549.0,13.08,121.78543596848212,82.14564031517881,0.415620400034635,39.72334470989761,3.0,25.97627500216469,346.35033336219584,0,0,0,0,False,False,False,True
3127701,27684.724112972486,266649.0,109.79,211.31224943652518,127.26018098699039,45.84378715089875,117.90669448746054,264.0,99.00655918454598,1142.3256790762389,1,1,1,0,False,False,False,True
3127800,54704.13739266199,14091.0,3.58,46.85969767936981,80.89560712511532,0.4258037044922291,35.89293062200957,3.0,21.290185224611456,3534.1707472855014,0,0,0,1,False,False,False,True
3127909,30990.883590462832,1426.0,7.21,131.83730715287518,86.32538569424965,0.0,36.35428571428572,0.0,0.0,841.5147265077139,0,0,0,0,False,False,False,True
3128006,29813.72255787522,33434.0,29.99,129.9455643955255,67.07842316205061,31.883711192199556,46.692288111078966,12.0,35.891607345815636,921.2179218759346,1,1,0,0,False,False,False,True
3128105,27765.29524621616,14073.0,14.74,85.72443686491864,78.91707525047964,0.0,33.35733974358974,0.0,0.0,198.96255240531514,0,0,0,0,False,False,False,True
3128204,11612.841447434734,9921.0,27.98,61.48573732486644,51.345630480798306,0.0,52.67577746077033,0.0,0.0,100.79629069650237,0,0,0,0,False,False,False,True
3128253,14992.504324428215,5203.0,12.94,247.10743801652893,82.52931001345378,0.0,32.454554455445546,0.0,0.0,38.43936190659235,0,0,0,0,False,False,False,True
3128303,28019.886798225485,19611.0,64.95,82.94834531640406,90.10759267757891,0.0,20.948513437849943,0.0,0.0,132.5786548365713,0,0,0,0,False,False,False,True
3128402,22285.73264781491,7780.0,29.2,79.37017994858611,78.1491002570694,0.0,35.16683333333333,0.0,0.0,3650.3856041131107,0,0,0,1,False,False,False,True
3128501,18398.46743295019,3132.0,35.52,190.1021711366539,103.9272030651341,0.0,45.34235747303544,0.0,0.0,510.8556832694764,0,0,0,0,False,False,False,True
3128600,112322.71095152604,6684.0,3.16,68.13285457809695,90.52962298025135,0.0,33.46982698961938,0.0,0.0,3321.3644524236984,0,0,0,1,False,False,False,True
3128709,53338.99013701754,52621.0,177.76,213.5991334258186,72.82643811406092,39.18967712510214,53.023114652956295,39.0,74.11489709431596,630.9268162900743,1,1,1,0,False,False,False,True
3128808,16922.2954420648,7284.0,45.03,176.46897309170785,77.9104887424492,0.0,47.75151047409041,0.0,0.0,164.74464579901152,0,0,0,0,False,False,False,True
3128907,37192.552225249776,8808.0,23.11,151.11262488646685,84.03723887375114,0.0,29.00074226804124,0.0,0.0,1521.3442325158946,0,0,0,0,False,False,False,True
3129004,14563.949044585986,7850.0,26.49,97.88535031847134,88.5732484076433,0.0,36.57292307692308,0.0,0.0,942.6751592356688,0,0,0,0,False,False,False,True
3129103,34746.87680184509,5203.0,2.81,74.63002114164905,61.829713626753794,0.0,25.44222575516693,0.0,0.0,3075.1489525273882,0,0,0,1,False,False,False,True
3129202,21267.931144405484,6274.0,39.84,165.66783551163533,75.1832961428116,0.0,31.07244367417677,0.0,0.0,191.26554032515142,0,0,0,0,False,False,False,True
3129301,14126.221367932085,12486.0,35.28,11.645042447541247,64.69646003523947,0.0,42.95508116883117,0.0,0.0,784.8790645522986,0,0,0,0,False,False,False,True
3129400,19411.32358455193,5334.0,15.01,117.71653543307086,70.73490813648294,0.0,35.685261282660335,0.0,0.0,149.98125234345707,0,0,0,0,False,False,False,True
3129509,67915.73729863693,22596.0,8.22,147.95539033457248,96.07010090281466,5.346078952026907,33.14484613326197,6.0,26.55337227827934,2434.05912550894,0,0,0,1,False,False,False,True
3129608,18379.916853213945,6254.0,7.19,61.800447713463385,100.68755996162456,0.0,18.74032992036405,0.0,0.0,1471.058522545571,0,0,0,0,False,False,False,True
3129657,9973.146526561588,5139.0,14.38,25.452422650321076,100.35026269702277,0.0,22.984373716632444,0.0,0.0,1712.3954076668613,0,0,0,1,False,False,False,True
3129707,65861.6261192005,11057.0,19.48,71.80971330378945,84.21814235326038,0.0,33.63167582417582,3.0,27.13213349009677,3201.591751831419,0,0,0,1,False,False,False,True
3129806,17919.681276683845,178713.0,2355.65,148.1761259673331,61.15111939254559,32.41230352576478,73.33792023089228,165.0,92.32680331033556,891.9328756162115,1,1,1,0,False,False,False,True
3129905,22571.096248909565,3439.0,49.26,78.77289909857517,72.52108170979936,0.0,29.720469483568078,0.0,0.0,232.62576330328585,0,0,0,0,False,False,False,True
3130002,21666.058394160584,2740.0,17.62,129.74452554744525,81.60583941605839,0.0,35.54241469816273,0.0,0.0,1167.8832116788321,0,0,0,0,False,False,False,True
3130051,10210.685483870968,10912.0,17.07,26.576246334310852,43.896627565982406,0.6873167155425219,56.0101768172888,3.0,27.49266862170088,824.7800586510264,0,0,0,0,False,False,False,True
3130101,19947.973182052603,48475.0,413.25,215.0366168127901,83.84115523465704,46.985043837029394,65.01060676362988,36.0,74.26508509541,2161.9391438886023,1,1,1,1,False,False,False,True
3130200,51358.336295769644,11252.0,49.6,199.21791681478848,101.99075719872023,0.0,26.616222019186846,0.0,0.0,515.4639175257732,0,0,0,0,False,False,False,True
3130309,85745.94594594595,6845.0,10.87,143.9444850255661,100.73046018991965,0.0,31.52530092592593,0.0,0.0,15719.503287070855,0,0,0,1,False,False,False,True
3130408,67802.63338362364,7291.0,66.54,182.80071320806474,88.8629817583322,0.0,50.02421728971963,0.0,0.0,21313.9487038815,0,0,0,1,False,False,False,True
3130507,20154.65796067117,13171.0,33.85,79.89522435654088,88.2924607091337,0.0,42.410054274084125,0.0,0.0,227.77313795459722,0,0,0,0,False,False,False,True
3130556,14039.400665926749,7208.0,35.51,132.38068812430632,62.06992230854606,0.0,71.69929961089494,0.0,0.0,166.48168701442842,0,0,0,0,False,False,False,True
3130606,17651.131824234355,7510.0,48.8,137.7762982689747,87.27030625832224,0.0,38.7763986013986,0.0,0.0,1011.9840213049267,0,0,0,0,False,False,False,True
3130655,13685.530647436904,6379.0,6.32,51.230600407587396,54.19344724878508,0.0,45.79422360248447,0.0,0.0,846.5276689136228,0,0,0,0,False,False,False,True
3130705,138789.50705341576,6309.0,7.43,53.30480266286258,77.08036138849263,0.0,25.214452347083924,15.0,237.75558725630052,5737.834839118719,1,1,1,1,False,False,False,True
3130804,43938.09342954805,2633.0,8.44,39.15685529813901,79.49107481959742,0.0,37.84429447852761,0.0,0.0,1215.3437143942272,0,0,0,0,False,False,False,True
3130903,17598.521739130436,23000.0,26.45,106.09565217391304,77.29130434782608,0.0,44.83219313554392,0.0,0.0,382.60869565217394,0,0,0,0,False,False,False,True
3131000,22651.28205128205,6435.0,25.47,138.78787878787878,79.44055944055944,0.0,29.72291280148423,0.0,0.0,559.4405594405595,0,0,0,0,False,False,False,True
3131109,11956.504547251878,7587.0,13.99,115.96151311453802,78.14683010412548,0.0,17.66528662420382,0.0,0.0,263.60880453407145,0,0,0,0,False,False,False,True
3131158,10269.568189586418,17554.0,151.32,40.34977782841518,83.18901674831947,0.0,18.321833413116323,0.0,0.0,216.47487752079297,0,0,0,0,False,False,False,True
3131208,17142.672306543915,20095.0,42.75,115.05349589450113,97.08882806668325,0.0,53.00542915531335,0.0,0.0,726.5488927593929,0,0,0,0,False,False,False,True
3131307,74784.93915776508,235445.0,1381.16,166.76591135934083,71.70931640085794,46.174690479729875,94.7945093139482,285.0,121.04737836862112,3804.7102295652912,1,1,1,1,False,False,False,True
3131406,47879.41407271776,3823.0,8.1,94.27151451739472,78.39393146743396,0.0,41.56556053811659,6.0,156.94480774261052,2354.172116139158,0,0,0,1,False,False,False,True
3131505,20276.05118829981,9299.0,30.63,72.82503494999462,86.35337133025057,0.0,33.13233243967829,0.0,0.0,623.7229809656952,0,0,0,0,False,False,False,True
3131604,40610.2653913512,7423.0,20.15,115.64057658628587,100.71399703623872,0.0,43.48252302025782,0.0,0.0,404.14926579550047,0,0,0,0,False,False,False,True
3131703,127150.16093828292,117747.0,90.41,189.35429352764825,70.78396901831894,39.2366684501516,59.90968089530795,108.0,91.72208209126347,1588.1508658394694,1,1,1,0,False,False,False,True
3131802,12913.44696969697,10560.0,49.57,24.564393939393938,93.1534090909091,0.0,28.227100591715978,0.0,0.0,321.969696969697,0,0,0,0,False,False,False,True
3131901,235146.518245432,55877.0,98.09,151.98203196306173,85.2658517815917,51.28586001395923,50.16296942206929,48.0,85.90296544195286,29353.759149560643,1,1,1,1,False,False,False,True
3132008,14468.698710433764,4265.0,2.38,16.998827667057444,69.44900351699883,0.0,27.827927927927927,0.0,0.0,43001.17233294256,0,0,0,1,False,False,False,True
3132107,12938.017236459104,17521.0,14.04,41.06500770503967,60.36755892928486,6.945950573597397,56.53706989247312,3.0,17.12231037041265,890.3601392614577,0,0,0,0,False,False,False,True
3132206,28077.068062827224,14325.0,33.73,53.59860383944154,109.41012216404887,0.0,31.34242774566474,0.0,0.0,4621.291448516579,0,0,0,1,False,False,False,True
3132305,11528.201725282015,10549.0,21.76,83.81837140961228,76.61389705185326,0.0,47.54573091849935,0.0,0.0,284.38714570101433,0,0,0,0,False,False,False,True
3132404,37375.9831111847,96632.0,315.68,229.40640781521648,74.50637469989238,28.729613378590944,55.2566311170699,42.0,43.46386290255816,3156.3043298286284,1,1,1,1,False,False,False,True
3132503,18966.019275273164,34137.0,12.04,66.2155432521897,66.88051088262003,20.98309751882122,58.6027781926811,12.0,35.15247385534757,9186.513167530831,1,1,0,1,False,False,False,True
3132602,18044.23592493297,3730.0,39.02,99.00804289544236,78.6058981233244,0.0,49.61912536443149,0.0,0.0,12171.581769436998,0,0,0,1,False,False,False,True
3132701,16012.537565740044,21296.0,14.83,45.703418482344105,80.28268219383922,2.3384673178061606,35.29628936423054,6.0,28.174305033809166,385.0488354620586,0,0,0,0,False,False,False,True
3132800,16488.735632183907,2175.0,5.63,99.67816091954023,74.39080459770115,0.0,35.60739938080496,0.0,0.0,1011.4942528735633,0,0,0,0,False,False,False,True
3132909,21359.88067257277,11062.0,44.19,165.11480744892424,84.84903272464292,0.0,36.68710204081633,0.0,0.0,216.95895859699874,0,0,0,0,False,False,False,True
3133006,77777.33166589878,15193.0,34.24,122.63542420851708,80.86618837622589,11.373658921871915,31.46631465517241,24.0,157.96748502599883,460.73849799249655,1,1,1,0,False,False,False,True
3133105,29972.51976536597,15684.0,106.28,178.61514919663352,88.625350675848,0.0,30.73325702911172,0.0,0.0,140.2703391991839,0,0,0,0,False,False,False,True
3133204,13387.856257744734,11298.0,22.76,68.93255443441318,77.26146220570013,0.0,30.836255060728742,0.0,0.0,371.74721189591077,0,0,0,0,False,False,False,True
3133303,15949.67448589439,19354.0,28.2,99.08029347938411,91.49529812958562,0.0,40.82363085399449,0.0,0.0,909.3727394853777,0,0,0,0,False,False,False,True
3133402,36715.9383033419,14004.0,7.6,91.97372179377321,78.42759211653814,0.0,29.5153725850966,3.0,21.422450728363327,54741.50242787775,0,0,0,1,False,False,False,True
3133501,29306.91454664057,21462.0,20.23,162.14705060106235,93.0155623893393,0.0,32.56825750242014,0.0,0.0,2189.917062715497,0,0,0,1,False,False,False,True
3133600,63692.469246924695,13332.0,71.57,241.92919291929192,132.5982598259826,9.555955595559556,41.08480652382475,3.0,22.502250225022504,630.06300630063,0,0,0,0,False,False,False,True
3133709,509767.1101962802,13603.0,43.93,109.90222744982725,153.62787620377858,0.0,30.483338533541342,0.0,0.0,99919.13548481952,0,0,0,1,False,False,False,True
3133758,49407.164790174,14655.0,93.9,146.3254861821904,90.93142272262027,12.562265438416922,15.06436583990981,36.0,245.64994882292734,26393.722279085636,1,1,1,1,False,False,False,True
3133808,49583.43414634146,102500.0,197.01,211.31024390243903,64.75024390243902,34.861463414634144,59.04016113668836,42.0,40.97560975609756,2563.9024390243903,1,1,1,1,False,False,False,True
3133907,12406.64116828929,5752.0,19.85,118.89777468706536,67.94158553546592,0.0,38.97535405872193,0.0,0.0,1564.673157162726,0,0,0,0,False,False,False,True
3134004,10602.989558003146,13982.0,8.33,51.065655843227006,74.10241739379202,0.0,48.33667832167832,0.0,0.0,743.8134744671721,0,0,0,0,False,False,False,True
3134103,19658.7327114828,6218.0,13.38,61.43454486973303,76.40720488903185,0.0,51.7247703180212,0.0,0.0,482.4702476680605,0,0,0,0,False,False,False,True
3134202,35688.66603381674,106397.0,39.34,204.3779429871143,62.95666231190729,14.870720039098847,69.27977904820766,183.0,171.9973307518069,36771.71348816226,1,1,1,1,False,False,False,True
3134301,13381.44631117604,6845.0,28.27,110.0219138056976,91.40978816654493,0.0,38.44040989945862,0.0,0.0,584.3681519357195,0,0,0,0,False,False,False,True
3134400,50410.187198520405,40011.0,27.26,173.38981780010496,88.88805578465922,0.0,40.14084471703373,12.0,29.991752268126266,20179.450651070954,1,1,0,1,False,False,False,True
3134509,39686.68046928917,4347.0,11.34,173.6829997699563,100.8741660915574,0.0,27.89122653316646,0.0,0.0,4140.786749482401,0,0,0,1,False,False,False,True
3134608,14038.08805505798,21214.0,18.3,284.288677288583,92.55208824361272,1.8242669934948619,37.43230712890625,6.0,28.283209201470726,33232.77081172811,0,0,0,1,False,False,False,True
3134707,11776.703375414092,11169.0,7.92,92.84627092846272,69.9256871698451,0.60882800608828,51.84852470424496,3.0,26.86005909213,590.9213000268601,0,0,0,0,False,False,False,True
3134806,19695.68054286833,7663.0,18.31,106.73365522641264,90.39540649876028,0.0,46.45037906137184,0.0,0.0,521.9887772412893,0,0,0,0,False,False,False,True
3134905,42826.2123197903,26705.0,73.42,183.7109155588841,67.55663733383261,27.365661861074706,43.50077172312224,3.0,11.233851338700617,456.8432877738251,0,0,0,0,False,False,False,True
3135001,34605.42073747242,3173.0,18.88,57.51654585565711,188.11849984242042,29.814056098329658,46.22608910891089,9.0,283.64323983611723,819.4138039710053,1,0,0,0,False,False,False,True
3135050,21561.695319840524,39379.0,14.29,113.81700906574571,85.78684070189695,7.110388785901115,39.04828112004436,6.0,15.236547398359532,2925.41710048503,0,0,0,1,False,False,False,True
3135076,19165.350673478868,4306.0,8.31,9.684161634928007,72.36414305620065,0.0,52.2655,0.0,0.0,464.4681839294008,0,0,0,0,False,False,False,True
3135100,21882.95738322348,73281.0,32.41,88.14017275965121,87.74989424270957,14.056849660894365,32.35230281329923,27.0,36.84447537560896,502.17655326755914,1,1,1,0,False,False,False,True
3135209,12290.801496564163,67087.0,9.78,76.06540760505015,64.07351647860241,17.7828789482314,42.2382761488875,24.0,35.77444214229284,939.0791062351872,1,1,1,0,False,False,False,True
3135308,21691.994863013697,4672.0,26.18,80.39383561643835,100.14982876712328,0.0,55.42793846153847,0.0,0.0,299.6575342465753,0,0,0,0,False,False,False,True
3135357,9263.850664113916,8357.0,21.66,17.42252004307766,79.55007777910734,0.0,30.67728125,0.0,0.0,263.25236328826134,0,0,0,0,False,False,False,True
3135407,303782.8251400124,6428.0,26.23,85.32980709396391,125.14001244555071,0.0,51.89271685761048,0.0,0.0,96359.67641568139,0,0,0,1,False,False,False,True
3135456,12979.425212279555,6124.0,21.44,16.8680600914435,67.27629000653168,0.0,34.736059544658495,0.0,0.0,65.31678641410842,0,0,0,0,False,False,False,True
3135506,15331.64717040784,12652.0,22.67,92.5545368321214,70.67657287385394,0.0,52.43167010309279,0.0,0.0,300.34777110338285,0,0,0,0,False,False,False,True
3135605,20191.331269349845,6460.0,5.11,97.50773993808049,100.44891640866874,0.0,40.44343930635839,0.0,0.0,2321.981424148607,0,0,0,1,False,False,False,True
3135704,20680.223023942275,6098.0,13.22,130.4198097736963,84.0111511971138,0.0,56.96163280662152,0.0,0.0,295.1787471302066,0,0,0,0,False,False,False,True
3135803,11215.675874168674,24509.0,6.83,66.84891264433473,65.30662205720347,0.7589048920804602,35.849610778443115,3.0,12.240401485168714,701.7830184830062,0,0,0,0,False,False,False,True
3135902,19673.71601208459,5296.0,33.4,69.95845921450152,68.5989425981873,0.0,44.59640298507463,0.0,0.0,226.58610271903322,0,0,0,0,False,False,False,True
3136009,11548.21073558648,14084.0,8.35,53.40102243680772,62.5035501278046,0.0,68.98820953870211,0.0,0.0,42.60153365521159,0,0,0,0,False,False,False,True
3136108,25604.32156133829,4304.0,18.56,52.88104089219331,52.27695167286245,0.0,34.98548387096774,0.0,0.0,2555.7620817843867,0,0,0,1,False,False,False,True
3136207,58211.49232245681,83360.0,808.68,187.29846449136275,76.22720729366603,37.59836852207294,61.05547393813263,42.0,50.38387715930902,15635.796545105566,1,1,1,1,False,False,False,True
3136306,44431.40608258469,48532.0,4.36,75.30701392895409,76.66282040715404,29.34970740954422,61.52987885985748,18.0,37.08893101458831,14472.925080359351,1,1,1,1,False,False,False,True
3136405,18575.94448727833,3891.0,4.87,80.49344641480339,66.97507067591879,0.0,26.76913746630728,0.0,0.0,2004.626060138782,0,0,0,1,False,False,False,True
3136504,10167.71070615034,10536.0,18.85,39.028094153378895,62.34813971146545,0.0,50.77886554621849,0.0,0.0,227.79043280182233,0,0,0,0,False,False,False,True
3136520,12957.425494615578,3993.0,10.41,48.710242925118955,73.4785875281743,0.0,56.3912,0.0,0.0,1252.1913348359628,0,0,0,0,False,False,False,True
3136553,16619.944852941175,4352.0,23.6,0.6433823529411765,79.7564338235294,0.0,56.75592465753424,0.0,0.0,137.86764705882354,0,0,0,0,False,False,False,True
3136579,16084.557804269476,3607.0,6.7,48.1563626282229,76.15747158303299,0.0,45.67177121771218,0.0,0.0,6653.728860548933,0,0,0,1,False,False,False,True
3136603,17669.406542824265,6083.0,34.33,151.93161269110635,81.27568633897748,5.901693243465395,63.14858044164038,3.0,49.31777083675818,57405.88525398652,0,0,0,1,False,False,False,True
3136652,43890.087392287474,32726.0,316.6,233.1999022184196,101.91590784086048,14.202774552343703,44.211255060728746,9.0,27.50106948603557,2725.6615535048586,1,0,0,1,False,False,False,True
3136702,35848.33605531635,565764.0,376.64,219.16435121358023,111.65733415346328,45.93134239718328,101.61965351556044,786.0,138.9271851867563,6840.661477223719,1,1,1,1,False,False,False,True
3136801,13523.197903014418,3815.0,8.73,9.750982961992136,72.00524246395806,0.0,24.540543735224585,0.0,0.0,3512.450851900393,0,0,0,1,False,False,False,True
3136900,23744.173958243093,11543.0,50.3,123.70267694706749,93.1213722602443,0.0,26.71829015544041,0.0,0.0,190.59170059776488,0,0,0,0,False,False,False,True
3136959,11067.465002529938,5929.0,5.44,1.3493000505987518,91.65120593692022,0.0,36.22925064599483,0.0,0.0,337.32501264968795,0,0,0,0,False,False,False,True
3137007,10232.30779915272,14399.0,16.6,25.022571011875826,45.16980345857351,0.06944926731022988,54.70320512820513,3.0,20.834780193068962,97.22897423432183,0,0,0,0,False,False,False,True
3137106,36342.625899280574,6672.0,4.5,64.83812949640287,74.35551558752998,0.0,46.190783699059565,0.0,0.0,2068.345323741007,0,0,0,1,False,False,False,True
3137205,37041.11378608887,53583.0,116.85,184.66864490603362,70.96653789448146,33.65246440102271,45.68007947976879,15.0,27.993953306085885,16326.073568109288,1,1,1,1,False,False,False,True
3137304,18141.552511415524,3285.0,5.52,26.027397260273972,86.24048706240487,0.0,31.790888888888887,0.0,0.0,182.64840182648402,0,0,0,0,False,False,False,True
3137403,26332.2659347362,13116.0,26.79,111.4135407136322,75.5108264714852,0.0,22.84053115423902,0.0,0.0,914.9130832570905,0,0,0,0,False,False,False,True
3137502,28991.59276157277,19507.0,22.48,179.34587583944224,77.13641256984673,0.0,34.251296728971965,6.0,30.758189367919208,461.3728405187881,0,0,0,0,False,False,False,True
3137536,31755.91748099892,9210.0,7.25,104.61454940282302,75.49402823018458,0.9337676438653637,48.79063953488373,36.0,390.87947882736154,1628.6644951140065,1,1,1,1,False,False,False,True
3137601,27354.93429689552,79981.0,327.56,242.92519473374927,71.32568985133969,53.335167102186766,68.8918620262807,63.0,78.76870756804742,1225.2910066140707,1,1,1,0,False,False,False,True
3137700,18661.51619830081,21422.0,48.24,122.41620763700868,79.95985435533564,0.0,42.6570045045045,0.0,0.0,252.07730370647,0,0,0,0,False,False,False,True
3137809,19342.673031026254,20950.0,95.79,155.39379474940336,89.78520286396181,0.0,32.06422676115048,0.0,0.0,658.7112171837708,0,0,0,0,False,False,False,True
3137908,16156.540607563546,3226.0,26.85,203.03781773093615,71.63670179789213,0.0,78.04760797342193,0.0,0.0,309.98140111593307,0,0,0,0,False,False,False,True
3138005,15845.084409136049,6042.0,29.1,27.606752730883812,87.95100959947037,0.0,47.849950738916256,0.0,0.0,1059.2519033432638,0,0,0,0,False,False,False,True
3138104,26166.21364501223,7358.0,2.22,68.4696928513183,74.72139168252242,0.0,31.228302752293576,0.0,0.0,6523.51182386518,0,0,0,1,False,False,False,True
3138203,26767.39106694332,109884.0,185.5,187.4595027483528,67.6404208073969,43.23923410141604,72.271207777392,90.0,81.90455389319646,405.8825670707291,1,1,1,0,False,False,False,True
3138302,16968.80733944954,3270.0,9.09,57.400611620795104,87.55351681957187,0.0,27.82946996466431,0.0,0.0,183.4862385321101,0,0,0,0,False,False,False,True
3138351,15086.619557784365,4387.0,15.5,102.98609528151356,80.71575108274448,0.0,22.945625,0.0,0.0,729.4278550262138,0,0,0,0,False,False,False,True
3138401,21114.297100349173,52696.0,54.23,135.17155002277212,69.89335053894034,23.905040230757553,44.01858719346049,18.0,34.158190374981025,527.5542735691514,1,1,1,0,False,False,False,True
3138500,22538.84816753927,4775.0,11.8,145.00523560209425,86.63874345549738,0.0,64.12087353324641,0.0,0.0,628.2722513089005,0,0,0,0,False,False,False,True
3138609,19151.93089430894,17712.0,20.29,153.35365853658536,84.0842366757001,4.996612466124661,47.55376336421953,12.0,67.75067750677506,1592.1409214092141,1,1,0,0,False,False,False,True
3138625,50921.09607131066,9087.0,6.6,188.15890833058214,73.13744910311434,0.0,52.742147058823534,3.0,33.01419610432486,42126.114229118524,0,0,0,1,False,False,False,True
3138658,10462.64495985727,8968.0,33.95,16.179750223015166,81.9692239072257,0.0,30.737451523545705,0.0,0.0,267.6181980374665,0,0,0,0,False,False,False,True
3138674,18452.39749826268,7195.0,47.83,86.21264767199445,64.10006949270327,0.0,37.85190854870775,0.0,0.0,83.39124391938846,0,0,0,0,False,False,False,True
3138682,10344.288197187549,6329.0,15.08,27.713698846579238,82.0666772001896,0.0,25.29133333333333,0.0,0.0,537.2096697740559,0,0,0,0,False,False,False,True
3138708,26007.503053568314,5731.0,11.17,44.02373058803001,79.35787820624672,0.0,55.0208619246862,0.0,0.0,872.4480893386843,0,0,0,0,False,False,False,True
3138807,35923.02229020979,18304.0,15.26,153.92810314685315,104.22312062937063,0.0,30.591709120788824,3.0,16.38986013986014,2906.4685314685316,0,0,0,1,False,False,False,True
3138906,17086.791305669554,6579.0,19.52,32.0109439124487,79.54096367229062,0.0,52.35490806223479,0.0,0.0,699.1944064447484,0,0,0,0,False,False,False,True
3139003,35381.422059694574,38831.0,64.31,153.04009682985244,60.64999613710695,32.36074270557029,69.8122016918967,18.0,46.354716592413276,350.23563647601145,1,1,1,0,False,False,False,True
3139102,56537.16532484553,5341.0,10.53,179.01142108219435,97.34132184984085,0.0,37.20727099236641,0.0,0.0,1535.2930162890843,0,0,0,0,False,False,False,True
3139201,13282.96997352262,17751.0,24.06,76.28302630837699,66.9258069967889,6.196833981184159,47.67028301886793,3.0,16.900456312320433,157.73759224832403,0,0,0,0,False,False,False,True
3139250,9855.643044619424,6096.0,21.09,0.8694225721784777,69.12729658792651,0.0,24.172251552795032,0.0,0.0,98.4251968503937,0,0,0,0,False,False,False,True
3139300,12681.676047529709,19188.0,9.68,1.433187408797165,81.53012299353763,0.0,29.75035866780529,0.0,0.0,250.1563477173233,0,0,0,0,False,False,False,True
3139409,33950.77942928168,96545.0,146.24,104.50877828991662,64.20114972292713,35.83406701538143,28.262076834199885,24.0,24.85887410016055,654.6170179708944,1,1,1,0,False,False,False,True
3139508,26864.949928469243,20970.0,112.7,188.1640438721984,92.52265140677157,0.0,25.152193598750976,0.0,0.0,419.6471149260849,0,0,0,0,False,False,False,True
3139607,17429.600116967613,27358.0,38.73,71.02127348490387,66.06111557862417,22.79040865560348,67.81811997526283,3.0,10.965713867972806,438.6285547189122,0,0,0,0,False,False,False,True
3139706,31001.99521149242,7518.0,28.03,131.88347964884278,77.74674115456239,0.0,21.21972020725389,0.0,0.0,345.8366586858207,0,0,0,0,False,False,False,True
3139805,17339.888711029806,13119.0,34.23,221.57176614071196,95.91432273801357,0.0,44.0927365819209,0.0,0.0,899.4588002134309,0,0,0,0,False,False,False,True
3139904,13953.355773854502,14557.0,70.22,79.58370543381191,70.56398983307,6.436765817132651,43.07091585575272,24.0,164.86913512399533,329.73827024799067,1,1,1,0,False,False,False,True
3140001,115005.66673951731,64058.0,51.4,194.8531018764245,75.18498860407756,48.89319054606763,31.27780069799327,33.0,51.515813793749416,55327.98401448687,1,1,1,1,False,False,False,True
3140100,13373.148148148148,4320.0,26.6,40.11574074074074,90.0,0.0,68.22595419847329,0.0,0.0,972.2222222222222,0,0,0,0,False,False,False,True
3140159,11964.039647044605,16546.0,451.76,165.30279221564123,89.98549498368186,5.384987308110722,34.51412642669008,6.0,36.2625407953584,3553.7289979451225,0,0,0,1,False,False,False,True
3140209,21206.681766704416,3532.0,43.79,14.77916194790487,87.54246885617214,0.0,47.43890285714286,0.0,0.0,396.3759909399773,0,0,0,0,False,False,False,True
3140308,12689.981096408315,4761.0,8.41,92.87964713295526,70.42638101239235,0.0,75.0915589353612,0.0,0.0,252.0478890989288,0,0,0,0,False,False,False,True
3140407,12970.597150651713,3299.0,29.66,6.547438617762959,90.36071536829343,0.0,32.57622516556292,0.0,0.0,363.7465898757199,0,0,0,0,False,False,False,True
3140506,32803.19479980638,14461.0,13.23,195.33918816126132,104.52250881681765,0.0,48.81677023712183,0.0,0.0,2461.7937901943155,0,0,0,1,False,False,False,True
3140530,24713.00859598854,8725.0,74.13,159.54154727793696,86.567335243553,0.0,43.27357791225416,0.0,0.0,939.8280802292263,0,0,0,0,False,False,False,True
3140555,9679.319094946077,9458.0,40.05,13.195178684711356,86.35017974201735,7.305984351871432,66.32193732193733,6.0,63.43835906111229,296.045675618524,0,0,0,0,False,False,False,True
3140605,15199.899547965846,3982.0,14.13,23.80713209442491,60.29633350075339,0.0,33.10158110882957,0.0,0.0,50.22601707684581,0,0,0,0,False,False,False,True
3140704,26814.50831283084,40239.0,125.56,222.27689554909415,97.61176967618479,7.353562464275951,33.79402057776019,15.0,37.27726832177738,12410.845199930416,1,1,1,1,False,False,False,True
3140803,43307.15123094959,14501.0,89.9,190.19377973932833,108.90283428729053,0.0,39.00146341463415,0.0,0.0,1282.670160678574,0,0,0,0,False,False,False,True
3140852,17652.25626740947,8975.0,4.58,54.33983286908078,85.87186629526462,0.0,29.96604628736741,0.0,0.0,958.2172701949861,0,0,0,0,False,False,False,True
3140902,22314.15975648158,19054.0,69.49,87.8450719009132,68.11168258633357,0.0,27.312645783132528,0.0,0.0,1175.6061719324027,0,0,0,0,False,False,False,True
3141009,12872.20134008825,12238.0,25.49,25.951952933485863,94.01863049517895,0.0,40.11425333333333,0.0,0.0,196.11047556790325,0,0,0,0,False,False,False,True
3141108,38315.59390191138,39291.0,149.01,150.94296403756584,71.64490595810746,29.362958438319207,58.400257445032,78.0,198.51874475070628,13417.831055457993,1,1,1,1,False,False,False,True
3141207,24874.32812899924,3907.0,14.62,168.33887893524442,106.83388789352445,0.0,42.57258333333333,0.0,0.0,716.6624008190428,0,0,0,0,False,False,False,True
3141306,61209.90099009901,4040.0,4.12,71.43564356435644,89.35643564356435,0.0,33.28958598726115,0.0,0.0,2128.7128712871286,0,0,0,1,False,False,False,True
3141405,12345.256685535818,20492.0,14.04,125.22935779816514,68.33886394690612,0.0,47.08368191721133,0.0,0.0,546.5547530743705,0,0,0,0,False,False,False,True
3141504,13697.929569987611,5651.0,18.35,11.130773314457619,69.456733321536,0.0,60.63615909090909,0.0,0.0,318.52769421341355,0,0,0,0,False,False,False,True
3141603,14299.65123951362,10609.0,29.78,125.97794325572627,73.95607503063437,0.0,34.7539921976593,0.0,0.0,490.1498727495523,0,0,0,0,False,False,False,True
3141702,11796.943231441048,5038.0,18.33,52.40174672489083,64.52957522826519,0.0,17.23214797136038,0.0,0.0,119.09487892020643,0,0,0,0,False,False,False,True
3141801,14469.761481542722,24191.0,13.47,24.137075771981316,71.43979165805465,0.0,52.80539523212045,9.0,37.203918812781616,1422.0164523996527,1,0,0,0,False,False,False,True
3141900,42925.29488859765,3815.0,17.02,122.72608125819136,95.20314547837484,0.0,82.85,0.0,0.0,524.2463958060289,0,0,0,0,False,False,False,True
3142007,11617.862998075416,14029.0,18.87,98.19659277211491,76.55570603749376,0.0,28.735295154185025,0.0,0.0,498.96642668757573,0,0,0,0,False,False,False,True
3142106,19274.09705295812,9026.0,29.73,102.48171947706625,72.2025260358963,0.0,31.59002624671916,0.0,0.0,1307.3343673831155,0,0,0,0,False,False,False,True
3142205,23987.42996695877,13922.0,42.51,91.82588708518891,71.39060479816118,0.0,43.62375592417061,0.0,0.0,49331.99252980894,0,0,0,1,False,False,False,True
3142254,11666.915981052109,4011.0,6.62,1.2964348042882075,62.12914485165794,0.0,21.915,0.0,0.0,149.58863126402395,0,0,0,0,False,False,False,True
3142304,14526.365526365526,5291.0,33.04,122.3965223965224,117.27461727461727,2.8161028161028163,36.191198668146505,3.0,56.7000567000567,1323.001323001323,0,0,0,0,False,False,False,True
3142403,19622.78220622268,7778.0,37.24,190.40884546155823,89.2388788891746,0.0,30.548151197604792,0.0,0.0,539.9845718693751,0,0,0,0,False,False,False,True
3142502,21311.93078324226,2196.0,3.33,24.908925318761383,94.7632058287796,0.0,28.22675767918089,0.0,0.0,728.5974499089253,0,0,0,0,False,False,False,True
3142601,26681.40350877193,8550.0,38.51,129.82456140350877,81.05263157894737,9.894736842105264,25.034537500000003,24.0,280.70175438596493,1005.8479532163743,1,1,1,0,False,False,False,True
3142700,11681.214689265536,14160.0,9.35,0.9957627118644068,85.87570621468926,0.0,49.74006607929516,0.0,0.0,635.5932203389831,0,0,0,0,False,False,False,True
3142809,36696.79667086035,20666.0,7.77,104.9501596825704,76.71537791541662,0.0,30.396982663223906,6.0,29.033194619181263,4403.367850575825,0,0,0,1,False,False,False,True
3142908,12444.574038975556,20577.0,20.3,35.121737862662194,84.85687903970452,0.0,24.68558882235529,0.0,0.0,485.9794916654517,0,0,0,0,False,False,False,True
3143005,27452.623688155923,13340.0,30.97,96.92653673163419,105.23238380809595,0.0,33.884324324324325,0.0,0.0,82638.68065967016,0,0,0,1,False,False,False,True
3143104,31592.211370912184,49354.0,35.51,150.70511002147748,64.9086193621591,33.340762653483,51.18066935483871,33.0,66.86388134700329,243.14138671637556,1,1,1,0,False,False,False,True
3143153,9910.766464374015,4449.0,11.36,32.411777927624186,57.04652730950775,0.0,44.39242811501597,0.0,0.0,359.63137783771634,0,0,0,0,False,False,False,True
3143203,22683.066522698464,21301.0,35.13,159.790620158678,87.31045490822027,0.0,38.509363847944144,0.0,0.0,497.62921928547956,0,0,0,0,False,False,False,True
3143302,24865.21720110241,434321.0,115.39,161.42714720218456,218.19760039233654,35.65841854296707,78.71415291231862,396.0,91.17680241111988,1029.1926938830957,1,1,1,0,False,False,False,True
3143401,24300.80616051017,24933.0,82.61,190.57072955520795,61.44467172021017,30.65014238158264,33.467171800702914,27.0,108.29021778366021,192.51594272650703,1,1,1,0,False,False,False,True
3143450,13045.70855423413,6979.0,6.09,3.2812723885943544,70.76945121077519,0.0,19.03589371980676,0.0,0.0,458.51841237999713,0,0,0,0,False,False,False,True
3143500,57828.0649295173,9364.0,4.35,224.07090986757797,116.71294318667236,0.0,38.88154425612053,0.0,0.0,2413.4985049124307,0,0,0,1,False,False,False,True
3143609,20940.11484823626,2438.0,5.81,13.125512715340443,81.87038556193602,0.0,33.22,0.0,0.0,738.3100902378999,0,0,0,0,False,False,False,True
3143708,13893.194706994327,3174.0,6.56,114.02016383112792,86.16887208569628,0.0,64.59350446428572,0.0,0.0,13736.60995589162,0,0,0,1,False,False,False,True
3143807,16318.569428535064,7857.0,38.9,187.19613083874253,81.27784141529845,0.0,27.25208759124088,0.0,0.0,432.7351406389207,0,0,0,0,False,False,False,True
3143906,24539.13147992345,108161.0,123.69,228.7497341925463,69.93463448008062,36.482650863065246,48.45660545874711,87.0,80.43564685977385,1183.421011270236,1,1,1,0,False,False,False,True
3144003,17748.866410882456,28670.0,22.09,95.95744680851064,80.57551447506104,0.0,43.78733709594664,0.0,0.0,237.18172305545866,0,0,0,0,False,False,False,True
3144102,23767.700981044967,22527.0,53.4,127.53584587384029,90.71336618280286,1.433834953611222,38.45410346854791,6.0,26.634705020641896,159.8082301238514,0,0,0,0,False,False,False,True
3144201,15335.658596635209,2437.0,10.53,83.34017234304473,71.93270414443988,0.0,59.170027777777776,0.0,0.0,738.6130488305294,0,0,0,0,False,False,False,True
3144300,22738.651065984137,35554.0,23.08,71.660010125443,86.57816279462226,8.719131462001462,39.78839614669596,3.0,8.437869156775609,500.64690330201944,0,0,0,0,False,False,False,True
3144359,13993.63551692021,6442.0,49.56,99.62744489289041,102.39056193728656,0.0,52.753128205128206,0.0,0.0,1862.7755355479665,0,0,0,1,False,False,False,True
3144375,20728.90237175952,3626.0,7.51,27.7992277992278,79.67457253171538,0.0,47.57604982206406,0.0,0.0,1434.0871483728627,0,0,0,0,False,False,False,True
3144409,24040.0,4800.0,24.86,149.6875,75.3125,0.0,44.71688073394496,0.0,0.0,125.0,0,0,0,0,False,False,False,True
3144508,79714.42193087008,8390.0,23.95,172.84862932061978,83.373063170441,0.0,33.61472182596291,0.0,0.0,86293.20619785458,0,0,0,1,False,False,False,True
3144607,23978.854659734618,25774.0,42.95,105.17963839528207,88.96174439357492,0.7526965158687049,20.962636062470423,6.0,23.279273686660975,434.5464421510049,0,0,0,0,False,False,False,True
3144656,11575.72148419606,10915.0,9.55,44.91983508932662,47.40265689418232,0.0,48.97258992805756,0.0,0.0,54.970224461749886,0,0,0,0,False,False,False,True
3144672,26436.62864385298,3156.0,21.47,22.46514575411914,103.39036755386566,0.0,49.99382716049383,0.0,0.0,570.3422053231939,0,0,0,0,False,False,False,True
3144706,24302.68995338912,17807.0,48.18,148.49778177121357,82.58550008423654,9.962374347166845,24.42936418359669,27.0,151.62576514853708,7760.992867973269,1,1,1,1,False,False,False,True
3144805,176602.42399825418,119142.0,260.18,201.71392120327005,67.26343354988165,57.99214382837287,52.38260763661409,177.0,148.56221987208542,57658.92800188011,1,1,1,1,False,False,False,True
3144904,15719.378182792818,3731.0,9.74,62.34253551326722,76.57464486732779,0.0,85.15225672877847,0.0,0.0,589.6542481908335,0,0,0,0,False,False,False,True
3145000,73840.33613445378,15113.0,13.14,156.95758618407993,87.72579898100973,10.355323231654866,33.96842567059413,9.0,59.55137960696089,2673.1952623569114,1,0,0,1,False,False,False,True
3145059,17160.17699115044,6780.0,55.45,81.32743362831859,34.498525073746315,0.0,32.5414,0.0,0.0,1268.4365781710915,0,0,0,0,False,False,False,True
3145109,22880.14714607808,16854.0,42.0,98.26747359677228,105.77311024089236,0.0,43.7316715031921,0.0,0.0,617.064198409873,0,0,0,0,False,False,False,True
3145208,23330.72358515632,112910.0,373.67,212.79514657691968,76.91878487290762,30.24089983172438,76.89971456966806,123.0,108.93632096359933,504.8268532459481,1,1,1,0,False,False,False,True
3145307,12034.750300513606,27453.0,15.84,59.895093432411755,46.636068917786766,8.261392197574036,50.55350400712378,6.0,21.855534914217024,123.84803118056314,0,0,0,0,False,False,False,True
3145356,11576.04037710694,10501.0,13.61,41.11037044091039,61.594133892010284,0.0,27.22357142857143,0.0,0.0,190.458051614132,0,0,0,0,False,False,False,True
3145372,15204.103671706263,4630.0,16.83,9.460043196544277,79.28725701943844,0.0,30.572617647058824,0.0,0.0,691.1447084233262,0,0,0,0,False,False,False,True
3145406,16064.451158106747,1986.0,10.91,146.0221550855992,76.48539778449144,0.0,83.30733490566037,0.0,0.0,1007.0493454179255,0,0,0,0,False,False,False,True
3145455,38390.760869565216,5520.0,2.57,60.1268115942029,73.18840579710145,0.0,27.48502590673575,0.0,0.0,1557.9710144927535,0,0,0,0,False,False,False,True
3145505,16790.51987767584,2616.0,46.77,121.82721712538226,116.09327217125383,0.0,53.87225806451613,0.0,0.0,382.262996941896,0,0,0,0,False,False,False,True
3145604,27324.49694219767,40552.0,43.76,202.59913197869403,79.62615900572105,27.24156638390215,49.75663686751296,18.0,44.387453146577236,572.1049516669955,1,1,1,0,False,False,False,True
3145703,19650.339476236662,2062.0,18.24,30.504364694471388,58.63239573229874,0.0,51.54865497076023,0.0,0.0,1357.9049466537342,0,0,0,0,False,False,False,True
3145802,21444.66468450611,3027.0,12.02,177.70069375619426,67.62471093491907,0.0,27.056623376623374,0.0,0.0,4625.041295011562,0,0,0,1,False,False,False,True
3145851,13956.067769897558,5076.0,55.21,165.22852639873918,82.74231678486997,0.0,49.59619854721549,0.0,0.0,512.214342001576,0,0,0,0,False,False,False,True
3145877,13936.294097499716,8759.0,69.27,63.74015298550063,77.93127069300148,0.0,30.36379646017699,0.0,0.0,662.1760474940062,0,0,0,0,False,False,False,True
3145901,130561.95095394818,40411.0,149.67,217.45069411793818,94.71678503377794,32.3426789735468,79.56741565452091,105.0,259.8302442404296,7403.924673974908,1,1,1,1,False,False,False,True
3146008,28111.14455111807,33227.0,60.13,162.90968188521384,93.46916664158667,0.0,30.293096162138852,0.0,0.0,306.9792638516869,0,0,0,0,False,False,False,True
3146107,122663.3290808108,77601.0,60.06,197.80672929472559,88.18571925619516,48.92849318952075,66.18952658776462,105.0,135.30753469671782,147145.01101789926,1,1,1,1,False,False,False,True
3146206,11572.550358484124,5858.0,32.81,59.6790713554114,77.85933765790372,0.0,52.52852226720648,0.0,0.0,136.56538067599863,0,0,0,0,False,False,False,True
3146255,11442.084562438546,5085.0,11.33,9.04621435594887,55.41789577187807,0.0,57.493750000000006,0.0,0.0,117.99410029498524,0,0,0,0,False,False,False,True
3146305,12196.384786451505,17537.0,31.84,39.168614928437016,78.09203398528825,0.0,44.77062839410395,0.0,0.0,478.98728402805494,0,0,0,0,False,False,False,True
3146404,19378.42265387316,4273.0,6.63,60.402527498244794,92.01965831968172,0.0,10.854826254826255,0.0,0.0,702.0828457758015,0,0,0,0,False,False,False,True
3146503,63675.81824721256,8341.0,19.3,153.782520081525,86.77616592734684,0.0,31.314666666666664,0.0,0.0,51888.26279822563,0,0,0,1,False,False,False,True
3146552,10408.590699325525,5634.0,6.61,18.35285764998225,54.95207667731629,0.0,43.35394160583942,0.0,0.0,106.49627263045794,0,0,0,0,False,False,False,True
3146602,18218.958611481976,1498.0,25.23,36.11481975967957,83.24432576769026,0.0,54.15095541401274,0.0,0.0,801.068090787717,0,0,0,0,False,False,False,True
3146701,18048.76349703936,5742.0,18.03,63.93242772553118,78.07384186694532,0.0,54.635724770642206,0.0,0.0,313.47962382445144,0,0,0,0,False,False,False,True
3146750,10016.789581045034,6373.0,14.55,92.4211517338773,80.76259218578377,0.0,34.83449101796407,0.0,0.0,188.29436686019145,0,0,0,0,False,False,False,True
3146909,26352.07996058281,14207.0,25.15,131.49855704934188,83.86710776377842,0.0,26.95503963011889,0.0,0.0,534.9475610614486,0,0,0,0,False,False,False,True
3147006,73160.26911389575,98397.0,11.42,155.08196388101263,66.96850513735176,38.004207445348946,67.7041604457996,57.0,57.92859538400561,62070.99809953556,1,1,1,1,False,False,False,True
3147105,39443.846598649456,102033.0,176.22,224.26175845069733,72.17958895651407,30.08144423862868,53.63009892634441,108.0,105.84810796507013,1575.960718591044,1,1,1,0,False,False,False,True
3147204,29111.41924229548,22357.0,51.2,100.21022498546317,98.81021603971911,0.0,38.37344199640288,0.0,0.0,697.7680368564655,0,0,0,0,False,False,False,True
3147303,28207.855272554152,21005.0,61.72,182.38990716496073,95.26303261128302,0.0,25.59289755679383,0.0,0.0,333.2539871459176,0,0,0,0,False,False,False,True
3147402,37042.54032258064,24800.0,38.53,97.10887096774194,72.48790322580645,33.435483870967744,62.27370202558635,21.0,84.6774193548387,516.1290322580645,1,1,1,0,False,False,False,True
3147501,14587.507730364874,1617.0,16.99,112.98701298701299,152.0717377860235,0.0,61.25926605504587,0.0,0.0,494.74335188620904,0,0,0,0,False,False,False,True
3147600,29766.75924756976,15842.0,55.97,182.56533266001767,92.16639313218027,0.0,27.79264571428571,0.0,0.0,176.7453604342886,0,0,0,0,False,False,False,True
3147709,55319.57221711132,8696.0,19.74,22.148114075436983,92.34130634774608,0.0,41.92177108433735,0.0,0.0,2851.8859245630174,0,0,0,1,False,False,False,True
3147808,18285.52803129074,2301.0,9.06,95.7844415471534,79.53063885267275,0.0,46.352628571428575,0.0,0.0,5215.123859191655,0,0,0,1,False,False,False,True
3147907,25948.390972281817,116530.0,83.66,147.58002231185102,63.48837209302326,39.44649446494465,95.4404752511866,108.0,92.67999656740753,3025.830258302583,1,1,1,1,False,False,False,True
3147956,11315.03187332922,4863.0,10.89,63.12975529508534,74.60415381451779,0.0,18.474236559139783,0.0,0.0,370.1418877236274,0,0,0,0,False,False,False,True
3148004,36613.13516411509,167870.0,49.91,226.292964794186,61.95865848573301,33.78447608268303,92.02822398939696,219.0,130.45809257163282,2280.335974265801,1,1,1,1,False,False,False,True
3148103,39206.814985296,93852.0,31.25,162.5559391382176,68.22124195541917,37.51758087201125,48.04702528036495,60.0,63.93044367727912,4914.120103993521,1,1,1,1,False,False,False,True
3148202,20229.642545771578,5735.0,51.51,40.976460331299045,81.95292066259809,0.0,49.15421407907425,0.0,0.0,348.73583260680033,0,0,0,0,False,False,False,True
3148301,15569.087184156611,8786.0,32.27,8.137946733439563,68.3132255861598,0.0,42.58088339222615,0.0,0.0,273.16184839517416,0,0,0,0,False,False,False,True
3148400,15205.689771957552,4429.0,19.9,9.031384059607134,76.47324452472341,0.0,88.49448630136986,0.0,0.0,857.9814856626778,0,0,0,0,False,False,False,True
3148509,11392.507345739472,8168.0,13.39,22.57590597453477,51.07737512242899,0.0,17.201266375545853,0.0,0.0,48.97159647404506,0,0,0,0,False,False,False,True
3148608,15138.59776943339,17843.0,17.5,77.73916942218237,57.33340805918287,0.0,18.85585424133811,0.0,0.0,392.31071008238524,0,0,0,0,False,False,False,True
3148707,16054.042161686468,24999.0,15.31,110.9844393775751,70.87483499339973,0.0,32.63574043261231,0.0,0.0,1376.0550422016881,0,0,0,0,False,False,False,True
3148756,12764.651408916525,7559.0,42.09,28.94562772853552,85.19645455748115,0.0,47.78948717948718,0.0,0.0,926.048419103056,0,0,0,0,False,False,False,True
3148806,17117.472560071197,3371.0,19.12,120.05339661821418,71.52180361910412,0.0,74.39510385756677,0.0,0.0,533.9661821417977,0,0,0,0,False,False,False,True
3148905,27436.67296786389,4232.0,11.82,114.34310018903592,83.31758034026466,0.0,36.834406779661016,0.0,0.0,1843.1001890359169,0,0,0,1,False,False,False,True
3149002,14662.851196670135,2883.0,39.39,64.72424557752342,81.99791883454735,0.0,60.210165165165165,0.0,0.0,416.2330905306972,0,0,0,0,False,False,False,True
3149101,16722.171365800074,10924.0,49.36,151.26327352618088,70.45953863053826,0.0,44.66779801324503,0.0,0.0,311.2413035518125,0,0,0,0,False,False,False,True
3149150,10323.382616065544,10619.0,6.84,2.4107731424804597,62.717770034843205,0.0,25.87375,0.0,0.0,1054.7132498352012,0,0,0,0,False,False,False,True
3149200,59957.40305522914,3404.0,9.34,117.62632197414806,93.62514688601645,0.0,54.29381294964029,6.0,176.2632197414806,822.5616921269095,0,0,0,0,False,False,False,True
3149309,29858.78909258974,64910.0,213.71,187.70451394238177,68.16669234324449,28.986288707441073,54.00134499768768,51.0,78.57032814666461,8615.005392081343,1,1,1,1,False,False,False,True
3149408,16320.927723840345,1854.0,16.02,63.21467098166127,93.31175836030205,0.0,34.16722338204593,0.0,0.0,862.9989212513484,0,0,0,0,False,False,False,True
3149507,18129.35034802784,3448.0,36.89,214.70417633410673,95.56264501160094,0.0,39.525899159663865,0.0,0.0,4524.361948955917,0,0,0,1,False,False,False,True
3149606,20079.849694692344,4258.0,20.37,179.09816815406293,73.15641146077971,0.0,48.72049309664695,6.0,140.91122592766558,516.6744950681071,0,0,0,0,False,False,False,True
3149705,18157.05996131528,12925.0,49.21,215.0870406189555,84.68085106382979,0.0,28.91000813338756,0.0,0.0,417.7949709864603,0,0,0,0,False,False,False,True
3149804,91371.2282669658,17830.0,7.0,67.2630398205272,108.53617498597869,0.0,15.201083467094705,0.0,0.0,4430.73471676949,0,0,0,1,False,False,False,True
3149903,28511.072711563826,21991.0,79.01,174.75785548633533,72.92074030285117,28.49347460324678,49.53377001455604,12.0,54.56777772725206,682.0972215906507,1,1,0,0,False,False,False,True
3149952,16801.113284188355,6647.0,28.63,51.63231533022416,87.4830750714608,0.0,49.82731578947369,0.0,0.0,1293.816759440349,0,0,0,0,False,False,False,True
3150000,13123.78031781433,3587.0,11.25,44.410370783384444,83.96989127404517,0.0,75.09690866510539,0.0,0.0,613.3258990800111,0,0,0,0,False,False,False,True
3150109,32461.4576033637,2854.0,14.55,80.23826208829713,79.71268395234759,0.0,32.25548611111111,0.0,0.0,700.770847932726,0,0,0,0,False,False,False,True
3150158,15851.063829787234,8883.0,78.0,117.47157491838342,84.8587189012721,0.0,44.76638613861386,0.0,0.0,292.6939097151863,0,0,0,0,False,False,False,True
3150208,15464.74358974359,4056.0,47.48,182.59368836291912,74.2603550295858,0.0,74.83933985330073,0.0,0.0,5374.753451676529,0,0,0,1,False,False,False,True
3150307,23502.235469448584,4697.0,14.26,150.30870768575687,90.54715776027251,0.0,55.1163097949886,0.0,0.0,809.0270385352353,0,0,0,0,False,False,False,True
3150406,17350.531400966185,5175.0,19.33,19.285024154589372,82.14492753623189,0.0,50.77720677146312,0.0,0.0,10280.193236714977,0,0,0,1,False,False,False,True
3150505,32034.000454855584,8794.0,20.64,108.07368660450307,103.6729588355697,0.0,38.00583969465649,0.0,0.0,1455.5378667273142,0,0,0,0,False,False,False,True
3150539,10875.748194014448,4845.0,70.69,0.4953560371517028,89.88648090815273,0.0,44.75224761904762,0.0,0.0,330.2373581011352,0,0,0,0,False,False,False,True
3150570,9833.909556077995,7231.0,5.77,5.006223205642373,82.7548056976905,0.0,27.339871465295627,0.0,0.0,968.054211035818,0,0,0,0,False,False,False,True
3150604,44035.44450900639,6884.0,23.9,27.019174898314933,86.27251597908193,0.0,44.952876480541455,0.0,0.0,261.47588611272516,0,0,0,0,False,False,False,True
3150703,70062.8254078445,5762.0,16.38,165.46338077056578,101.89170426935092,0.0,29.434985074626866,3.0,52.065255119750084,25164.87330787921,0,0,0,1,False,False,False,True
3150802,11529.493087557605,17360.0,25.83,37.615207373271886,60.236175115207374,0.0,40.19471189591079,0.0,0.0,380.184331797235,0,0,0,0,False,False,False,True
3150901,12496.093127092969,6271.0,29.67,192.44139690639452,60.81964598947536,0.0,57.41264058679707,0.0,0.0,191.35704034444268,0,0,0,0,False,False,False,True
3151008,14404.084223891652,9451.0,73.08,226.9177864776214,77.92826155962332,0.0,39.20491703539823,0.0,0.0,550.2063273727648,0,0,0,0,False,False,False,True
3151107,55539.53366058906,11408.0,58.09,19.477559607293127,117.4789621318373,0.0,47.979915662650605,0.0,0.0,2016.1290322580646,0,0,0,1,False,False,False,True
3151206,49903.28971377926,57543.0,101.19,172.9697791217003,93.53874493856767,13.497732130754393,55.20561233480176,150.0,260.6746259319118,5547.156039831083,1,1,1,1,False,False,False,True
3151305,16752.04883759826,11958.0,80.46,57.267101521993645,82.4301722696103,2.3498912861682557,49.87688455008489,15.0,125.43903662819869,267.6032781401572,1,1,1,0,False,False,False,True
3151404,26727.95125117185,27734.0,46.85,182.54128506526285,83.25160452873729,3.526357539482224,46.16349726775957,27.0,97.35342900411048,454.31600201918224,1,1,1,0,False,False,False,True
3151503,33930.81977637645,37742.0,39.96,131.01054528111916,71.80329606274178,30.239520958083833,49.65741069100392,15.0,39.74352180594563,397.4352180594563,1,1,1,0,False,False,False,True
3151602,50002.612330198535,11484.0,35.1,160.9282479972135,99.73005921281784,0.0,19.54420887494397,0.0,0.0,3866.2486938349007,0,0,0,1,False,False,False,True
3151701,24050.50324578644,16791.0,34.56,83.54475611934966,79.06616639866596,0.0,26.66772286821705,0.0,0.0,238.22285748317552,0,0,0,0,False,False,False,True
3151800,49710.21319512864,171533.0,299.37,270.7863792972781,150.8677630543394,48.98416048223957,62.16066926331341,183.0,106.68501104743693,11959.214844956947,1,1,1,1,False,False,False,True
3151909,14371.870571563531,8468.0,12.08,87.9900803023146,86.57298063297118,0.0,56.33547923322684,0.0,0.0,1204.534718941899,0,0,0,0,False,False,False,True
3152006,36227.17845534747,32305.0,12.17,156.99736882835475,99.95047206314813,0.0,32.406406080347445,0.0,0.0,20876.025383067637,0,0,0,1,False,False,False,True
3152105,35959.60986419111,59569.0,122.76,201.6585808054525,71.14774463227518,35.160905840286055,38.946221397029305,18.0,30.217059208648795,5633.802816901409,1,1,1,1,False,False,False,True
3152131,13681.113737851329,3807.0,6.22,45.994221171526135,70.34410296821645,0.0,28.2318125,0.0,0.0,840.5568689256633,0,0,0,0,False,False,False,True
3152170,11060.756522524149,11077.0,8.98,27.706057596822244,58.887785501489574,0.0,52.02583333333334,0.0,0.0,144.44344136499052,0,0,0,0,False,False,False,True
3152204,13628.142133029896,38668.0,21.4,86.06858384193649,93.88124547429399,4.184338471087204,29.277033420953813,6.0,15.516706320471707,584.4626047377677,0,0,0,0,False,False,False,True
3152303,12030.115473441108,10825.0,37.11,54.595842956120094,64.43418013856812,0.12933025404157045,29.78641327623126,24.0,221.70900692840647,868.3602771362587,1,1,1,0,False,False,False,True
3152402,12273.071049378226,13751.0,21.86,60.650134535670134,74.82364918914988,0.0,54.12958762886598,0.0,0.0,232.71034833830268,0,0,0,0,False,False,False,True
3152501,66675.47946824592,160751.0,280.43,183.1099028932946,74.97247295506715,51.37510808641937,76.1119027478658,147.0,91.44577638708313,2696.0952031402603,1,1,1,1,False,False,False,True
3152600,41065.13693560326,6755.0,24.96,125.18134715025907,109.51887490747595,0.0,40.45119331742243,0.0,0.0,888.2309400444116,0,0,0,0,False,False,False,True
3152709,24558.27168435724,9327.0,34.26,168.45716736356815,89.65369357778492,0.0,33.25785891089109,0.0,0.0,2894.8214860083626,0,0,0,1,False,False,False,True
3152808,43708.39813374806,29578.0,5.85,118.8214213266617,89.82351747920752,0.0,33.05888932496075,12.0,40.57069443505308,3779.8363648657787,1,1,0,1,False,False,False,True
3152907,26735.93731727284,8551.0,39.0,114.5012279265583,90.53911823178575,0.0,23.22134102379236,0.0,0.0,304.05800491170623,0,0,0,0,False,False,False,True
3153004,42123.06016879935,3673.0,5.72,39.69507214810781,85.32534712768854,0.0,42.7075482093664,0.0,0.0,1687.9934658317452,0,0,0,1,False,False,False,True
3153103,13874.462420643047,4883.0,20.48,51.40282613147655,59.69690763874667,0.0,47.03197411003236,0.0,0.0,450.54269916035224,0,0,0,0,False,False,False,True
3153202,14057.829945605496,3493.0,4.98,79.18694531920985,82.50787288863441,0.0,24.61860759493671,0.0,0.0,114.5147437732608,0,0,0,0,False,False,False,True
3153301,11475.269499048827,3154.0,16.23,100.03170577045022,65.40900443880787,0.0,48.80207920792079,0.0,0.0,1077.996195307546,0,0,0,0,False,False,False,True
3153400,38140.7415132711,19177.0,5.36,105.48052354382854,65.93314908484122,0.0,39.31102803738318,3.0,15.643739896751317,8906.502581217082,0,0,0,1,False,False,False,True
3153509,14608.306188925082,8596.0,55.14,187.35458352722196,80.22335970218707,0.0,55.99304130162704,0.0,0.0,395.5328059562587,0,0,0,0,False,False,False,True
3153608,17009.715242881073,11940.0,92.33,102.8391959798995,89.17085427135679,0.0,35.0980340333092,0.0,0.0,21708.54271356784,0,0,0,1,False,False,False,True
3153707,23974.667902378747,3237.0,5.71,95.79857893110905,94.28483163422922,0.0,44.02629277566541,0.0,0.0,1173.9264751312944,0,0,0,0,False,False,False,True
3153806,22247.777777777777,1800.0,11.53,157.22222222222223,88.55555555555556,0.0,53.19623188405797,0.0,0.0,1000.0,0,0,0,0,False,False,False,True
3153905,11573.588288019122,16735.0,225.38,86.6985360023902,78.03406035255453,9.793845234538393,37.90848493975904,3.0,17.9265013444876,62575.44069315805,0,0,0,1,False,False,False,True
3154002,17725.902353236746,23882.0,30.68,102.79708567121682,77.8871116321916,0.0,37.802856066315,0.0,0.0,1164.0566116740642,0,0,0,0,False,False,False,True
3154101,10871.218135309166,11337.0,46.98,45.18832142542119,61.885860456911,0.0,36.376386792452834,0.0,0.0,1040.8397283231895,0,0,0,0,False,False,False,True
3154150,14832.558139534884,8170.0,51.68,85.83843329253367,79.37576499388005,0.0,49.47922475106685,0.0,0.0,1101.591187270502,0,0,0,0,False,False,False,True
3154200,18009.809027777777,11520.0,18.16,143.37673611111111,90.26909722222223,1.015625,31.19193058568329,12.0,104.16666666666667,381.94444444444446,1,1,0,0,False,False,False,True
3154309,15772.768566886214,17612.0,15.92,117.44265273677038,57.04633204633205,27.26550079491256,42.863473684210526,3.0,17.033840563252326,908.4714967067908,0,0,0,0,False,False,False,True
3154408,80341.73669467788,4641.0,24.84,141.43503555268262,111.4414996767938,0.0,33.072542613636365,0.0,0.0,2973.49709114415,0,0,0,1,False,False,False,True
3154457,22821.77068214804,6890.0,3.99,5.834542815674891,84.32510885341074,0.0,22.36534833869239,0.0,0.0,638.6066763425254,0,0,0,0,False,False,False,True
3154507,59931.5777627729,8886.0,6.66,59.779428314202114,71.71955885662841,0.0,34.10187335092348,0.0,0.0,74544.22687373396,0,0,0,1,False,False,False,True
3154606,15022.530072963911,344828.0,2126.26,159.68163838203395,70.4165555001334,34.940318071618314,93.33479541734862,300.0,86.99989560012529,2389.0171331794404,1,1,1,1,False,False,False,True
3154705,25076.410378481312,4201.0,82.84,186.1461556772197,98.35753392049511,0.0,47.91206293706294,0.0,0.0,1571.0545108307547,0,0,0,0,False,False,False,True
3154804,44457.18050065876,10626.0,44.93,160.3143233578016,97.72256728778468,7.556935817805383,34.97324838478105,3.0,28.232636928289104,48466.02672689629,0,0,0,1,False,False,False,True
3154903,18367.309031808683,12921.0,33.27,143.09263988855352,80.67487036607073,0.0,42.51094214876033,0.0,0.0,773.9339060444238,0,0,0,0,False,False,False,True
3155009,20397.71833202203,2542.0,22.16,244.7285601888277,110.58221872541306,0.0,51.25028795811519,0.0,0.0,4642.014162077105,0,0,0,1,False,False,False,True
3155108,11253.259243428083,4679.0,9.67,42.53045522547553,60.14105578114982,0.0,18.491360544217688,0.0,0.0,598.4184654840778,0,0,0,0,False,False,False,True
3155207,10874.79467056032,5479.0,22.75,180.89067348056216,69.57473991604307,0.0,66.30084090909091,0.0,0.0,657.0542069720752,0,0,0,0,False,False,False,True
3155306,19862.05692334556,5727.0,24.05,80.98480880041907,85.00087305744718,0.0,51.8727065767285,0.0,0.0,942.9020429544264,0,0,0,0,False,False,False,True
3155405,13815.744044193809,8689.0,40.7,171.15893658648866,80.38899758315111,0.0,38.06687804878049,0.0,0.0,529.4049948210381,0,0,0,0,False,False,False,True
3155504,59856.8315393251,15143.0,10.75,135.40909991415177,120.24697880208677,0.0,41.001568426447975,21.0,138.67793700059434,2311.2989500099056,1,1,1,1,False,False,False,True
3155603,11861.00333070082,29123.0,9.07,55.670775675582874,56.33004841534183,5.143700854994334,31.41505178365938,3.0,10.301136558733647,556.2613741716169,0,0,0,0,False,False,False,True
3155702,89304.44637024199,15001.0,39.22,161.26258249450038,81.48123458436105,0.0,43.744933110367896,0.0,0.0,2359.842677154856,0,0,0,1,False,False,False,True
3155801,23367.15949820789,17856.0,69.1,105.27553763440861,87.66801075268818,7.448476702508961,38.93706214689266,15.0,84.00537634408602,313.6200716845878,1,1,1,0,False,False,False,True
3155900,13193.702290076337,5240.0,14.77,148.49236641221373,108.16793893129771,0.0,40.89358387799564,12.0,229.00763358778627,610.6870229007634,1,1,0,0,False,False,False,True
3156007,10983.769020678892,12815.0,12.81,11.705033164260632,57.55754974639095,0.0,47.02863545816733,0.0,0.0,390.1677721420211,0,0,0,0,False,False,False,True
3156106,17659.82404692082,5115.0,12.34,140.1368523949169,77.5366568914956,0.0,69.09606232294618,0.0,0.0,547.4095796676442,0,0,0,0,False,False,False,True
3156205,48523.06390181972,2363.0,28.85,192.89039356749893,91.15531104528142,0.0,82.91350531107739,0.0,0.0,338.55268726195516,0,0,0,0,False,False,False,True
3156304,60090.02647837599,9064.0,119.22,92.48676081200352,100.06619593998235,0.0,28.548016443987667,0.0,0.0,264.783759929391,0,0,0,0,False,False,False,True
3156403,78961.33720930232,3440.0,8.31,118.6046511627907,97.12209302325581,0.0,35.153319502074694,0.0,0.0,988.3720930232558,0,0,0,0,False,False,False,True
3156452,13832.312091503269,4896.0,42.59,81.45424836601308,73.44771241830065,0.0,46.200984126984125,0.0,0.0,571.8954248366013,0,0,0,0,False,False,False,True
3156502,14372.577171572146,5572.0,5.11,37.34745154343144,46.051687006460874,0.0,30.20435897435897,0.0,0.0,358.9375448671931,0,0,0,0,False,False,False,True
3156601,10561.985815602837,10575.0,10.67,68.52009456264776,57.05910165484634,0.0,19.282739018087856,0.0,0.0,113.47517730496453,0,0,0,0,False,False,False,True
3156700,31290.916402305527,134286.0,427.77,145.61607315729117,70.26123348673727,36.90183637907153,70.63236537015787,135.0,100.53170099638086,10443.382035357372,1,1,1,1,False,False,False,True
3156809,23274.02308441107,14382.0,15.48,20.82464191350299,80.10707829230984,0.0,31.65386776859504,0.0,0.0,1376.720901126408,0,0,0,0,False,False,False,True
3156908,74964.71980208669,27891.0,8.68,175.1245921623463,75.33612993438744,27.1270302248037,43.534088129875606,9.0,32.26847370119393,3578.2151948657274,1,0,0,1,False,False,False,True
3157005,16024.639177733485,41641.0,21.58,108.15782522033572,98.41262217525995,9.255301265579597,40.53700080840744,18.0,43.2266276026032,374.63077255589445,1,1,1,0,False,False,False,True
3157104,21417.099286177807,6164.0,6.51,19.565217391304348,84.76638546398442,0.0,59.258456260720415,0.0,0.0,6359.506813757301,0,0,0,1,False,False,False,True
3157203,51276.829575513286,31756.0,44.51,173.7624385942814,82.59541503967755,43.0879203929966,37.99170799665645,21.0,66.12923542007809,18421.715581307468,1,1,1,1,False,False,False,True
3157252,12781.732860249513,8737.0,78.75,7.439624585097859,74.27034451184618,0.0,41.79919708029197,0.0,0.0,366.25844111251,0,0,0,0,False,False,False,True
3157278,17587.058455767426,3199.0,7.41,89.02782119412316,69.58424507658643,0.0,70.66841584158415,0.0,0.0,562.6758361988121,0,0,0,0,False,False,False,True
3157302,16565.462224307837,4262.0,21.63,48.334115438761145,70.76489910839982,0.0,44.43748768472906,0.0,0.0,1360.863444392304,0,0,0,0,False,False,False,True
3157336,12432.760485518567,8321.0,2274.61,213.8324720586468,58.8871529864199,12.738853503184714,42.76580338983051,3.0,36.05335897127749,72.10671794255498,0,0,0,0,False,False,False,True
3157377,12423.42799188641,3944.0,6.63,117.24137931034483,40.77079107505071,0.0,39.82484939759036,0.0,0.0,101.41987829614604,0,0,0,0,False,False,False,True
3157401,16230.655703141472,4743.0,18.06,199.43074003795067,63.52519502424626,0.0,51.87078853046595,0.0,0.0,13620.071684587814,0,0,0,1,False,False,False,True
3157500,12541.922793213673,4067.0,30.61,192.3530858126383,90.14015244652077,0.0,60.05348484848485,0.0,0.0,49.17629702483403,0,0,0,0,False,False,False,True
3157609,16875.809631089833,3551.0,1.21,114.95353421571389,67.89636722050126,0.0,30.221491712707184,0.0,0.0,1408.0540692762602,0,0,0,0,False,False,False,True
3157658,9560.488529460306,6059.0,21.48,95.09820102327117,107.44347252021785,0.0,68.99001941747574,0.0,0.0,132.03498927215713,0,0,0,0,False,False,False,True
3157708,51925.1569290198,16568.0,21.74,156.15041042974408,106.58498309995171,0.0,22.321867417677645,0.0,0.0,86830.03380009657,0,0,0,1,False,False,False,True
3157807,23041.345110531063,229483.0,931.66,195.59749523929878,70.09015918390469,38.136158233943256,95.07199087447964,240.0,104.58291028093585,8460.75744172771,1,1,1,1,False,False,False,True
3157906,20942.73205939774,16903.0,64.11,40.034313435484826,62.42678814411643,0.16565106785777672,54.89572642967543,27.0,159.73495829142755,189.3155061231734,1,1,1,0,False,False,False,True
3158003,25111.422172452407,10716.0,17.55,111.4501679731243,78.50877192982456,0.0,51.35425204918032,0.0,0.0,1642.4038820455394,0,0,0,1,False,False,False,True
3158102,10406.620861961272,4803.0,10.79,8.119925046845722,64.45971267957526,0.0,26.63448071216617,0.0,0.0,124.92192379762648,0,0,0,0,False,False,False,True
3158201,13242.595751279268,12898.0,20.49,32.881066832066985,89.30066677004187,0.0,57.87514563106796,0.0,0.0,573.7323616064506,0,0,0,0,False,False,False,True
3158300,35877.0092906651,6781.0,38.8,72.8653590915794,91.56466597846925,0.0,48.92209803921569,0.0,0.0,353.9300988054859,0,0,0,0,False,False,False,True
3158409,14044.750914719954,3553.0,21.61,121.84069800168871,73.9938080495356,0.0,47.008557536466775,0.0,0.0,1069.51871657754,0,0,0,0,False,False,False,True
3158508,16503.178415030372,7079.0,5.6,66.22404294391863,67.36827235485238,0.0,36.46839432412248,0.0,0.0,339.0309365729623,0,0,0,0,False,False,False,True
3158607,12399.842890809112,3819.0,20.51,36.05655930871956,47.55171510866719,0.0,59.64750356633381,0.0,0.0,890.2854150301126,0,0,0,0,False,False,False,True
3158706,18000.919540229886,2175.0,10.52,122.16091954022988,99.03448275862068,0.0,45.28131687242799,0.0,0.0,1287.3563218390805,0,0,0,0,False,False,False,True
3158805,24809.378663540447,4265.0,39.69,195.49824150058618,12.520515826494725,0.0,41.06627507163324,0.0,0.0,422.0398593200469,0,0,0,0,False,False,False,True
3158904,20552.4036379385,9236.0,25.87,85.5348635773062,81.65872672152447,0.0,47.31086785009862,0.0,0.0,1277.609354699004,0,0,0,0,False,False,False,True
3158953,15526.280909580417,48286.0,162.28,129.31698629002196,79.56550552955308,2.9925858426873213,55.27369389256806,3.0,6.212980988278176,1097.6266412624777,0,0,0,0,False,False,False,True
3159001,18600.107546155225,5579.0,7.85,247.55332496863238,124.95070801218857,0.0,65.15033596837945,0.0,0.0,78687.9369062556,0,0,0,1,False,False,False,True
3159100,14219.275734245794,3507.0,17.65,159.62360992301112,76.39007698887939,0.0,47.03437379576108,0.0,0.0,399.2015968063872,0,0,0,0,False,False,False,True
3159209,26540.288775034933,8588.0,16.82,108.09268747088962,69.60875640428505,0.0,20.19622833843017,6.0,69.86492780624127,582.2077317186772,0,0,0,0,False,False,False,True
3159308,15466.914805624485,4836.0,11.3,170.80231596360628,86.62117452440033,0.0,43.33048473967684,0.0,0.0,1282.051282051282,0,0,0,0,False,False,False,True
3159357,21832.71001150748,6952.0,99.38,155.32220943613348,78.82623705408515,0.0,64.3983606557377,0.0,0.0,920.5983889528193,0,0,0,0,False,False,False,True
3159407,18540.07177033493,3344.0,10.18,132.74521531100478,83.49282296650718,0.0,71.54377777777778,0.0,0.0,1016.7464114832536,0,0,0,0,False,False,False,True
3159506,29986.104135275407,5973.0,12.01,18.483174284279258,92.1145153189352,0.0,42.19398671096345,0.0,0.0,937.5523187677884,0,0,0,0,False,False,False,True
3159605,45936.79111531191,42320.0,115.12,205.07325141776937,69.62192816635161,35.17485822306238,75.65962926829268,24.0,56.71077504725898,756.1436672967864,1,1,1,0,False,False,False,True
3159704,29348.964326812427,3476.0,11.89,40.70771001150748,93.44073647871116,0.0,52.56055384615384,0.0,0.0,747.9861910241657,0,0,0,0,False,False,False,True
3159803,36908.53069671189,21745.0,6.99,110.21844102092435,80.93354794205564,0.0,20.06198895027624,9.0,41.388825017245345,11239.365371349735,1,0,0,1,False,False,False,True
3159902,20076.936150926293,17651.0,35.36,171.19143391309274,82.76018355900516,0.0,38.58962962962963,0.0,0.0,702.5097728174042,0,0,0,0,False,False,False,True
3160009,17492.39886627158,3881.0,18.66,73.12548312290647,83.45787168255605,0.0,57.11855813953488,0.0,0.0,1030.662200463798,0,0,0,0,False,False,False,True
3160108,19693.22892676186,4342.0,32.48,63.17365269461078,91.15614923998157,0.0,42.79959214501511,0.0,0.0,2441.2713035467527,0,0,0,1,False,False,False,True
3160207,11239.004775069114,3979.0,12.81,26.639859261120886,59.814023624026134,0.0,47.2084793814433,0.0,0.0,703.6943955767781,0,0,0,0,False,False,False,True
3160306,11014.908146580745,10397.0,20.5,94.13292295854573,70.65499663364432,0.0,39.71249037227214,0.0,0.0,57.70895450610753,0,0,0,0,False,False,False,True
3160405,29722.194795119543,28358.0,24.25,191.43451583327456,60.97397559771493,36.39889978136681,56.1676113360324,12.0,42.31610127653572,303.26539248183934,1,1,0,0,False,False,False,True
3160454,10492.659053833606,6743.0,8.32,33.323446537149636,54.1005487171882,0.0,25.520867346938772,0.0,0.0,148.30194275545009,0,0,0,0,False,False,False,True
3160504,15373.448461953589,1853.0,16.85,103.34592552617377,90.1241230437129,0.0,55.79083511777302,0.0,0.0,23637.34484619536,0,0,0,1,False,False,False,True
3160603,18452.20588235294,2720.0,6.31,84.96323529411765,135.44117647058823,0.0,63.65726457399103,0.0,0.0,367.6470588235294,0,0,0,0,False,False,False,True
3160702,25388.02083333333,43392.0,66.53,166.11126474926255,65.35997418879056,27.387536873156343,34.18937785910339,18.0,41.482300884955755,4590.70796460177,1,1,1,1,False,False,False,True
3160801,18467.218200620475,4835.0,58.62,93.6918304033092,91.29265770423991,0.0,71.86086799276673,0.0,0.0,785.9358841778698,0,0,0,0,False,False,False,True
3160900,19473.747882893786,4133.0,36.26,204.64553593031695,108.00871037986934,0.0,46.39614017769003,0.0,0.0,3822.8889426566657,0,0,0,1,False,False,False,True
3160959,15822.776047075113,5778.0,92.43,120.83766008999653,74.10868812737972,0.0,48.59594752186589,0.0,0.0,0.0,0,0,0,0,False,False,False,True
3161007,17638.512182769682,17771.0,23.38,108.20437791908165,78.2848460975747,0.0,37.03810035842294,0.0,0.0,427.66304653649206,0,0,0,0,False,False,False,True
3161056,13496.309963099631,3252.0,19.69,0.6150061500615006,90.09840098400984,0.0,71.97022222222222,0.0,0.0,61.50061500615006,0,0,0,0,False,False,False,True
3161106,11949.851582809417,54239.0,15.95,76.31777872010915,63.63686646140231,16.781282840760337,61.80337423312883,24.0,44.24860340345508,254.4294695698667,1,1,1,0,False,False,False,True
3161205,23914.34927697441,6293.0,19.53,172.77927856348325,86.20689655172414,0.0,36.52225806451613,0.0,0.0,794.5336087716511,0,0,0,0,False,False,False,True
3161304,33093.56325764043,5857.0,5.08,135.99112173467645,83.2166638210688,0.0,16.832506811989102,12.0,204.88304592794947,2663.479597063343,1,1,0,1,False,False,False,True
3161403,14911.426222770242,4866.0,29.16,80.18906699547884,85.20345252774352,0.0,48.25252184769038,0.0,0.0,1808.4669132757913,0,0,0,1,False,False,False,True
3161502,25029.28591803746,10517.0,55.41,127.0514405248645,85.72786916421033,0.7606731957782638,38.59892210144928,3.0,28.52524484168489,646.5722164115242,0,0,0,0,False,False,False,True
3161601,13751.688152240638,3258.0,21.7,121.76181706568447,55.86249232658072,0.0,24.856875,0.0,0.0,368.3241252302026,0,0,0,0,False,False,False,True
3161650,15725.354330708662,3175.0,11.19,97.51181102362204,85.07086614173228,0.0,69.21857585139318,0.0,0.0,503.93700787401576,0,0,0,0,False,False,False,True
3161700,43297.03496875415,7521.0,2.74,129.84975402207152,57.42587421885388,0.0,38.07790243902439,0.0,0.0,5584.363781412047,0,0,0,1,False,False,False,True
3161809,25520.58727034121,12192.0,44.29,121.02198162729658,83.95669291338582,0.0,36.193257403189065,0.0,0.0,885.8267716535433,0,0,0,0,False,False,False,True
3161908,615541.8117056586,12353.0,32.57,169.90204808548532,126.9003480935805,6.459969238241722,27.99081385979049,42.0,339.9983809600907,12919.938476483445,1,1,1,1,False,False,False,True
3162005,40297.30392156863,24480.0,46.37,181.6217320261438,98.19852941176471,0.0,23.144780311457176,0.0,0.0,735.2941176470588,0,0,0,0,False,False,False,True
3162104,27454.52446373733,43309.0,47.24,168.07591955482695,75.24533006996236,33.70431088226466,47.49477265600501,12.0,27.70786672516105,2780.022628091159,1,1,0,1,False,False,False,True
3162203,33882.96258847321,7912.0,13.97,81.61021233569262,102.38877654196158,0.0,45.497865947611714,0.0,0.0,328.61476238624874,0,0,0,0,False,False,False,True
3162252,12202.424242424242,4950.0,4.83,9.05050505050505,73.17171717171718,0.0,18.959444444444443,0.0,0.0,282.82828282828285,0,0,0,0,False,False,False,True
3162302,18360.33333333333,3000.0,24.18,91.8,94.13333333333334,0.0,53.5525321888412,0.0,0.0,600.0,0,0,0,0,False,False,False,True
3162401,11095.430384441055,24269.0,12.93,37.475792162841486,67.29572705921134,0.0,34.179103528050895,0.0,0.0,494.4579504717953,0,0,0,0,False,False,False,True
3162450,6861.958862404396,13467.0,19.2,8.769584911264573,37.81094527363184,0.0,50.89258351893096,0.0,0.0,267.32011583871684,0,0,0,0,False,False,False,True
3162500,31935.765771512408,94062.0,62.14,228.85437264782803,71.41034636728966,42.73883183432204,67.23184368063497,69.0,73.35587165911845,873.8916884608025,1,1,1,0,False,False,False,True
3162559,15763.38901325986,11614.0,78.59,90.43395901498192,75.89116583433787,0.0,40.191145907473306,0.0,0.0,361.63251248493196,0,0,0,0,False,False,False,True
3162575,14851.865398683249,5468.0,38.65,33.94294074615947,57.8639356254572,0.0,54.94166666666666,0.0,0.0,548.6466715435259,0,0,0,0,False,False,False,True
3162609,14263.90250735397,7139.0,58.86,45.91679506933744,96.11990474856422,0.0,55.731766666666665,0.0,0.0,364.1966661997479,0,0,0,0,False,False,False,True
3162658,11019.49654491609,4052.0,9.55,25.074037512339586,64.36327739387957,0.0,25.444716981132075,0.0,0.0,1184.6001974333662,0,0,0,0,False,False,False,True
3162708,11584.539099333442,24604.0,12.42,68.78962770281255,62.29474882132987,0.0,34.608623784592375,0.0,0.0,105.67387416680215,0,0,0,0,False,False,False,True
3162807,16212.396747134531,15617.0,32.03,122.40507139655503,99.29563936735609,0.0,53.52072664359861,0.0,0.0,294.5508100147275,0,0,0,0,False,False,False,True
3162906,19110.39353425485,26478.0,62.75,171.50842208626028,69.80134451242542,22.407281516730873,41.36003616636528,15.0,56.65080444142307,619.3821285595589,1,1,1,0,False,False,False,True
3162922,29676.01928978518,36496.0,478.66,155.97051731696624,73.52586584831215,6.450021920210434,39.32493722809198,6.0,16.440157825515126,1687.856203419553,0,0,0,1,False,False,False,True
3162948,110268.92627412172,8084.0,25.28,130.93765462642256,127.46165264720436,0.0,42.03254434250765,0.0,0.0,3834.735279564572,0,0,0,1,False,False,False,True
3162955,22534.53626849513,27710.0,544.34,193.76398412125587,90.4150126308192,6.914471309996391,41.06075693996127,6.0,21.652832912306028,37546.01226993865,0,0,0,1,False,False,False,True
3163003,12830.35483035483,3861.0,17.79,0.3108003108003108,77.05257705257705,0.0,53.41982248520711,0.0,0.0,828.8008288008288,0,0,0,0,False,False,False,True
3163102,24496.258285225573,4677.0,22.07,169.76694462262134,73.08103485140047,0.0,32.79566568047337,0.0,0.0,726.9617276031644,0,0,0,0,False,False,False,True
3163201,13658.88731730316,4242.0,46.55,170.2027345591702,122.3008015087223,0.0,48.47179886685552,0.0,0.0,424.3281471004243,0,0,0,0,False,False,False,True
3163300,15148.528991716652,3501.0,10.54,109.9685804055984,76.60668380462725,0.0,20.708089887640448,0.0,0.0,571.2653527563554,0,0,0,0,False,False,False,True
3163409,12266.751638747268,5492.0,28.46,42.35251274581209,96.88638018936635,0.0,94.23671106557376,0.0,0.0,728.3321194464676,0,0,0,0,False,False,False,True
3163508,15859.002858050177,6298.0,17.95,10.908224833280407,59.00285805017466,0.0,56.98309782608696,0.0,0.0,95.26833915528739,0,0,0,0,False,False,False,True
3163607,15583.980239943545,2834.0,50.33,118.77205363443896,84.50952717007763,0.0,31.391919191919197,0.0,0.0,423.42978122794636,0,0,0,0,False,False,False,True
3163706,25245.857715473816,46653.0,772.13,259.31665702098474,70.33202580755793,46.12565108353161,82.29304389131674,42.0,90.02636486399588,394.40121749941056,1,1,1,0,False,False,False,True
3163805,16339.035769828926,6430.0,41.64,163.03265940902023,73.34370139968895,0.0,57.26027397260274,0.0,0.0,1181.959564541213,0,0,0,0,False,False,False,True
3163904,29754.368347057643,4979.0,18.73,91.20305282185178,93.67342839927696,0.0,13.426803738317757,0.0,0.0,723.036754368347,0,0,0,0,False,False,False,True
3164001,18677.23102585488,7194.0,17.79,126.91131498470948,85.33500139004727,0.0,54.34796680497926,0.0,0.0,305.8103975535168,0,0,0,0,False,False,False,True
3164100,15828.300425861402,5166.0,16.56,13.646922183507549,56.89121176926055,0.0,38.28068432671082,0.0,0.0,348.4320557491289,0,0,0,0,False,False,False,True
3164209,23033.26068416564,10553.0,4.24,52.58220411257462,68.08490476641714,0.0,57.9216743119266,0.0,0.0,2387.9465554818535,0,0,0,1,False,False,False,True
3164308,44023.83871407165,7341.0,3.4,81.5556463697044,134.24601552921945,0.0,53.93907449209932,0.0,0.0,3323.797847704672,0,0,0,1,False,False,False,True
3164407,66111.74185838064,6694.0,38.15,121.06363907977293,84.65790259934269,0.0,52.90514492753624,3.0,44.816253361219005,1374.3651030773826,0,0,0,0,False,False,False,True
3164431,20750.54364709537,3219.0,42.28,87.69804287045666,84.93320907114011,0.0,55.162525252525256,0.0,0.0,186.39328984156572,0,0,0,0,False,False,False,True
3164472,16322.58064516129,6386.0,76.83,109.74005637331663,97.18133416849358,0.0,45.45238095238095,0.0,0.0,751.6442217350454,0,0,0,0,False,False,False,True
3164506,9840.296759078485,10244.0,19.46,14.779383053494728,54.68566966028895,0.0,48.987727873183616,0.0,0.0,19.52362358453729,0,0,0,0,False,False,False,True
3164605,63780.54516301443,9355.0,21.6,25.109567076429716,107.06574024585782,0.0,32.45304174228675,0.0,0.0,8530.197755211117,0,0,0,1,False,False,False,True
3164704,29894.04886141661,74742.0,88.1,198.24329025179952,63.14521955527013,35.47804447298707,65.8795916635232,66.0,88.30376495143292,1169.3559176901877,1,1,1,0,False,False,False,True
3164803,20805.28846153846,1248.0,9.84,115.38461538461539,103.60576923076923,0.0,54.46951515151515,0.0,0.0,162339.7435897436,0,0,0,1,False,False,False,True
3164902,15033.712600084282,2373.0,25.32,132.9962073324905,14.201432785503583,0.0,31.982522123893805,0.0,0.0,84.28150021070375,0,0,0,0,False,False,False,True
3165008,21360.85786229053,11517.0,19.55,160.35425892159415,89.91056698793088,0.0,29.048451380552223,0.0,0.0,677.2597030476686,0,0,0,0,False,False,False,True
3165107,28483.291988909965,6853.0,24.25,192.74770173646579,92.74770173646579,0.0,18.019743589743587,6.0,87.55289654166059,233.47439077776156,0,0,0,0,False,False,False,True
3165206,19373.818592185075,7089.0,18.67,97.26336577796586,107.51869092960925,0.0,43.84080799304952,0.0,0.0,1241.3598532938356,0,0,0,0,False,False,False,True
3165305,29715.93366979092,6935.0,17.33,133.52559480894016,90.95890410958904,0.0,21.944509394572027,0.0,0.0,547.945205479452,0,0,0,0,False,False,False,True
3165404,17062.51934385639,6462.0,22.14,120.6282884555865,89.80191891055401,0.0,31.06457528957529,0.0,0.0,1114.2061281337046,0,0,0,0,False,False,False,True
3165503,13325.135553834238,5164.0,35.97,162.58714175058094,80.32532920216886,0.0,47.56659259259259,0.0,0.0,193.64833462432222,0,0,0,0,False,False,False,True
3165537,55695.73066849747,39327.0,592.98,351.25486307117245,59.91812240954052,35.93968520354972,58.0399712535933,24.0,61.02677549774964,1815.5465710580518,1,1,1,1,False,False,False,True
3165552,12232.157097288677,10032.0,18.55,30.183413078149922,53.37918660287081,0.0,41.46604895104895,0.0,0.0,159.4896331738437,0,0,0,0,False,False,False,True
3165560,15018.435067595248,2441.0,13.77,58.86931585415813,89.18476034412126,0.0,29.68067632850241,0.0,0.0,327.7345350266284,0,0,0,0,False,False,False,True
3165578,13843.914524620626,6458.0,41.07,227.57819758439146,140.58532053267265,0.0,28.780893536121678,0.0,0.0,371.63208423660575,0,0,0,0,False,False,False,True
3165602,16400.60370849504,2319.0,22.78,143.122035360069,79.6895213454075,0.0,55.83808333333333,0.0,0.0,948.6847779215179,0,0,0,0,False,False,False,True
3165701,13430.333543108873,7945.0,46.34,17.39458779106356,84.46821900566394,0.0,59.74636826042726,0.0,0.0,956.5764631843927,0,0,0,0,False,False,False,True
3165800,16612.54094525035,2137.0,22.03,11.324286382779597,84.60458586803931,0.0,31.87398876404494,0.0,0.0,1216.6588675713617,0,0,0,0,False,False,False,True
3165909,22851.05328376704,4035.0,4.21,192.68897149938041,62.25526641883519,0.0,26.991709844559583,0.0,0.0,842.6270136307311,0,0,0,0,False,False,False,True
3166006,14517.37106017192,5584.0,32.11,139.0580229226361,71.75859598853869,0.0,46.61317204301075,0.0,0.0,179.0830945558739,0,0,0,0,False,False,False,True
3166105,16097.150259067355,3088.0,8.04,60.58937823834197,61.30181347150259,0.0,37.71206477732793,0.0,0.0,453.36787564766837,0,0,0,0,False,False,False,True
3166204,10876.973684210529,10640.0,43.66,124.64285714285714,82.88533834586467,0.0,50.10777777777778,0.0,0.0,451.1278195488722,0,0,0,0,False,False,False,True
3166303,13927.016985138003,7536.0,44.24,65.7776008492569,80.08227176220807,0.0,45.782295454545455,0.0,0.0,610.4033970276008,0,0,0,0,False,False,False,True
3166402,24260.19313304721,1864.0,15.85,140.9871244635193,60.46137339055794,0.0,76.8855828220859,0.0,0.0,321.88841201716735,0,0,0,0,False,False,False,True
3166501,11764.951684512927,3829.0,17.35,38.49569078088274,71.63750326455994,0.0,31.91128712871287,0.0,0.0,156.69887699138155,0,0,0,0,False,False,False,True
3166600,25662.76346604216,854.0,2.48,73.88758782201405,79.27400468384074,0.0,54.043461538461536,0.0,0.0,5854.80093676815,0,0,0,1,False,False,False,True
3166709,13425.89388696655,6936.0,32.51,35.91407151095732,95.54498269896193,0.0,29.23847590953785,0.0,0.0,23615.916955017303,0,0,0,1,False,False,False,True
3166808,80542.58804258805,12210.0,9.11,117.92792792792793,116.2981162981163,0.0,40.84922335025381,0.0,0.0,47764.12776412776,0,0,0,1,False,False,False,True
3166907,20722.89156626506,7802.0,36.42,134.7987695462702,103.76826454755191,0.0,38.183038528896674,0.0,0.0,1717.5083311971289,0,0,0,1,False,False,False,True
3166956,10552.713523131672,4496.0,7.97,55.604982206405694,45.61832740213523,0.0,46.27573170731708,0.0,0.0,44.48398576512456,0,0,0,0,False,False,False,True
3167004,18943.980343980344,2035.0,9.34,101.76904176904176,102.26044226044226,0.0,87.13544642857143,0.0,0.0,2457.002457002457,0,0,0,1,False,False,False,True
3167103,12965.764966740577,22550.0,18.03,111.15742793791574,85.67627494456762,0.0,46.72542965061379,0.0,0.0,434.58980044345896,0,0,0,0,False,False,False,True
3167202,53191.05118710887,237931.0,423.51,179.5596202260319,72.11712639378644,39.66444053107834,90.87263520157326,258.0,108.43479832388381,4499.623840525194,1,1,1,1,False,False,False,True
3167301,14693.01547469678,2391.0,14.75,33.333333333333336,70.17984107068172,0.0,84.23808743169398,0.0,0.0,669.1760769552488,0,0,0,0,False,False,False,True
3167400,22332.70202020202,6336.0,19.79,121.18055555555556,84.94318181818181,0.0,43.20721003134796,0.0,0.0,189.3939393939394,0,0,0,0,False,False,False,True
3167509,33965.032679738564,3060.0,21.72,4.869281045751634,131.20915032679738,0.0,38.780407023144456,0.0,0.0,5098.0392156862745,0,0,0,1,False,False,False,True
3167608,14023.255813953489,20339.0,40.59,100.07374993854172,78.76985102512414,0.0,27.938158730158733,0.0,0.0,186.83317763901863,0,0,0,0,False,False,False,True
3167707,13014.492753623188,5175.0,24.84,51.47826086956522,76.15458937198068,0.0,35.20714596949891,0.0,0.0,347.82608695652175,0,0,0,0,False,False,False,True
3167806,14274.725274725277,5733.0,28.51,132.5484039769754,69.77149834292692,0.0,21.873282653766413,0.0,0.0,1221.001221001221,0,0,0,0,False,False,False,True
3167905,16031.478770131773,4098.0,19.02,44.21669106881406,85.77354807223035,0.0,55.71602708803612,0.0,0.0,292.82576866764276,0,0,0,0,False,False,False,True
3168002,16202.052802977436,34392.0,27.09,132.80704815073273,85.20586182833217,13.68050709467318,45.92280151312862,6.0,17.445917655268666,436.1479413817167,0,0,0,0,False,False,False,True
3168051,14052.405498281789,3492.0,17.54,91.1512027491409,74.74226804123711,0.0,83.67796690307328,0.0,0.0,343.64261168384877,0,0,0,0,False,False,False,True
3168101,163507.12250712252,4212.0,3.49,26.756885090218425,111.87084520417854,0.0,27.787928348909656,0.0,0.0,211728.3950617284,0,0,0,1,False,False,False,True
3168200,32835.38371411834,1707.0,4.14,53.19273579379028,73.81370826010544,0.0,24.023364485981308,0.0,0.0,937.3169302870533,0,0,0,0,False,False,False,True
3168309,15092.261904761905,4368.0,12.83,195.14652014652015,77.77014652014653,0.0,68.48048090523338,3.0,68.68131868131869,80082.41758241758,0,0,0,1,False,False,False,True
3168408,12492.635350318473,15072.0,20.1,14.072452229299364,78.66905520169851,0.0,44.42261875761267,0.0,0.0,464.43736730360934,0,0,0,0,False,False,False,True
3168507,15138.831723919582,12634.0,73.5,33.5444039892354,84.18553110653791,0.0,36.43247801758593,0.0,0.0,554.060471742916,0,0,0,0,False,False,False,True
3168606,20705.61334352709,142571.0,42.38,98.11742921070905,66.92454987339642,30.601594994774533,53.58547877479116,117.0,82.06437494301085,297.395683554159,1,1,1,0,False,False,False,True
3168705,66711.8817415296,84087.0,565.03,176.75621677548253,51.240976607561215,28.47764815013022,52.2659964352402,42.0,49.948267865425095,13709.610284586202,1,1,1,1,False,False,False,True
3168804,25676.1988011988,8008.0,93.25,285.8016983016983,115.5094905094905,15.709290709290709,57.21020174232004,12.0,149.85014985014985,2097.902097902098,1,1,0,1,False,False,False,True
3168903,46482.13411649535,8172.0,3.77,104.33186490455213,89.0724424865394,0.0,34.629244444444446,0.0,0.0,195.7905041605482,0,0,0,0,False,False,False,True
3169000,21078.25509834681,16574.0,93.09,80.49957765174369,85.33848195969591,0.0,34.62920627595755,0.0,0.0,217.2076746711717,0,0,0,0,False,False,False,True
3169059,18136.70171838933,3899.0,33.36,100.41036163118748,78.30212875096178,0.0,52.93525301204819,0.0,0.0,615.542446781226,0,0,0,0,False,False,False,True
3169109,14201.43217079963,7541.0,52.74,219.57300092825886,86.16894311099324,0.0,24.55613425925926,0.0,0.0,477.3902665428988,0,0,0,0,False,False,False,True
3169208,15052.994597080124,8699.0,30.19,213.00149442464652,83.37739970111507,0.0,73.62175324675324,0.0,0.0,390.8495229336705,0,0,0,0,False,False,False,True
3169307,37896.89929430449,78079.0,91.16,188.18504335352657,62.06918633691517,34.71996311428169,53.048594788322255,39.0,49.949410212733255,422.6488556462045,1,1,1,0,False,False,False,True
3169356,105247.23493834998,29927.0,10.79,213.32910081197582,77.0374578140141,34.99181341263742,60.823326493972814,12.0,40.09757075550506,29284.592508437196,1,1,0,1,False,False,False,True
3169406,32893.423956837054,57086.0,80.1,123.54167396559576,67.23189573625757,30.44178958063273,55.626315028901736,18.0,31.531373716848265,147.14641067862524,1,1,1,0,False,False,False,True
3169505,13939.059099280094,5973.0,11.77,79.7923991294157,81.70098777833584,0.0,71.50012958963282,0.0,0.0,502.26017076845807,0,0,0,0,False,False,False,True
3169604,35732.42202250585,26482.0,13.98,140.83528434408277,72.13579034816101,3.5344762480175214,53.16224324324324,27.0,101.95604561589003,4063.1372252850992,1,1,1,1,False,False,False,True
3169703,21478.789346246973,20650.0,17.34,92.35835351089588,90.92978208232445,0.0,33.65351351351351,0.0,0.0,2692.4939467312347,0,0,0,1,False,False,False,True
3169802,27535.053170539584,5078.0,22.33,159.03899172902717,89.70066955494289,0.0,53.155,0.0,0.0,236.31350925561244,0,0,0,0,False,False,False,True
3169901,33181.28742235735,107222.0,253.69,143.60952043423924,69.05579078920371,35.64940030963795,84.77090118135378,75.0,69.94833149913264,339.48256887579043,1,1,1,0,False,False,False,True
3170008,9784.336645236704,11977.0,14.27,10.511814310762295,63.63864072806212,0.3924188027051849,52.64218556701031,3.0,25.04800868330968,150.28805209985805,0,0,0,0,False,False,False,True
3170057,12514.043060418684,13423.0,68.86,163.18259703494002,75.28868360277136,0.0,50.97030219780219,0.0,0.0,223.49698279073232,0,0,0,0,False,False,False,True
3170107,57559.5806202032,354142.0,74.68,191.89449429889706,64.14460865980313,35.89040554353903,89.86599743900004,504.0,142.31579422943338,7568.150628843797,1,1,1,1,False,False,False,True
3170206,56998.02239606652,754954.0,173.31,209.77807919422906,134.50038015561213,36.87469700140671,119.92826861313868,1422.0,188.3558468462979,2949.583683244277,1,1,1,1,False,False,False,True
3170305,16102.115244347193,2742.0,6.61,6.965718453683443,59.62800875273523,0.0,30.84921052631579,0.0,0.0,437.636761487965,0,0,0,0,False,False,False,True
3170404,47580.82756492218,90724.0,10.26,186.72677571535647,65.91089458136767,36.00260129623914,64.46957297641809,54.0,59.52118513293065,2100.877386358626,1,1,1,1,False,False,False,True
3170438,33887.733887733884,3848.0,3.34,130.27546777546777,65.54054054054055,0.0,35.44322580645161,6.0,155.92515592515593,3378.3783783783783,0,0,0,1,False,False,False,True
3170479,28895.53571428572,3360.0,5.49,58.30357142857143,105.92261904761905,0.0,29.11463333333333,0.0,0.0,5357.142857142857,0,0,0,1,False,False,False,True
3170503,22060.13793103448,10875.0,76.37,199.3287356321839,79.65977011494253,0.38620689655172413,48.45517695473251,69.0,634.4827586206897,1710.344827586207,1,1,1,1,False,False,False,True
3170529,10563.555847137935,18291.0,8.42,10.480564211907495,44.10365753649336,0.0,24.459236812570147,0.0,0.0,196.81810726586846,0,0,0,0,False,False,False,True
3170578,13260.027425437092,5834.0,49.54,0.7370586218717861,97.72026054165238,0.0,36.55718367346939,0.0,0.0,1508.3990401097017,0,0,0,0,False,False,False,True
3170602,39720.7615593835,2206.0,5.26,110.51677243880326,42.20308250226655,0.0,55.50777777777778,0.0,0.0,362.64732547597464,0,0,0,0,False,False,False,True
3170651,14413.370002115507,4727.0,9.43,45.37761793949651,71.52528030463296,0.0,48.36793333333333,0.0,0.0,719.272265707637,0,0,0,0,False,False,False,True
3170701,56676.40509236565,142802.0,345.14,185.95537877620762,67.249758406745,44.030895925827366,85.09140371487537,144.0,100.83892382459629,1310.9060097197519,1,1,1,0,False,False,False,True
3170750,43697.08684246859,7243.0,10.7,138.0643379814994,103.29973767775783,0.0,27.7100426742532,0.0,0.0,3175.4797735744855,0,0,0,1,False,False,False,True
3170800,31391.7838274777,34639.0,15.2,85.37197956061087,91.32480729813216,5.023239700915154,36.67844200807848,3.0,8.660758105026126,14428.823002973528,0,0,0,1,False,False,False,True
3170909,9742.635578224212,19214.0,23.12,57.79639845945665,69.06942854168835,5.527219735609451,29.64341516639389,6.0,31.227230144686168,551.6810658894556,0,0,0,0,False,False,False,True
3171006,57201.58567023932,20433.0,10.44,123.26628493123869,83.38961483874125,0.0,44.26723015873016,0.0,0.0,24372.338863602996,0,0,0,1,False,False,False,True
3171030,14857.142857142857,7770.0,4.88,29.678249678249678,74.54311454311454,0.0,32.31149,0.0,0.0,669.2406692406693,0,0,0,0,False,False,False,True
3171071,25318.62278866273,5257.0,8.2,80.65436560776108,98.68746433326993,0.0,53.5324907063197,0.0,0.0,913.068289899182,0,0,0,0,False,False,False,True
3171105,48970.11494252874,3480.0,3.31,73.1896551724138,63.160919540229884,0.0,55.3655091383812,0.0,0.0,30057.471264367818,0,0,0,1,False,False,False,True
3171154,12755.661501787845,5034.0,42.51,13.567739372268573,79.89670242352007,0.0,44.439230769230775,0.0,0.0,238.37902264600714,0,0,0,0,False,False,False,True
3171204,22065.353076169733,136826.0,1819.34,176.0798386271615,59.707950243374796,33.12162893017409,71.70908051471291,114.0,83.31749813631912,9800.768859719645,1,1,1,1,False,False,False,True
3171303,22864.51824642456,79221.0,255.26,163.02748008735057,75.46610116004595,43.22465002966385,46.27340312113721,33.0,41.65562161548075,545.309955693566,1,1,1,0,False,False,False,True
3171402,14136.507936507936,3780.0,32.83,70.95238095238095,89.86772486772487,0.0,46.440943396226416,0.0,0.0,1322.7513227513227,0,0,0,0,False,False,False,True
3171501,14331.378299120235,3069.0,17.63,47.05115672857608,311.0133594004562,0.0,54.71969491525424,0.0,0.0,586.5102639296188,0,0,0,0,False,False,False,True
3171600,11087.048116625938,11867.0,13.58,24.639757310187917,75.1495744501559,0.0,27.47525624178712,0.0,0.0,3943.7094463638664,0,0,0,1,False,False,False,True
3171709,19732.66243710348,9142.0,27.28,113.72784948588931,64.39509954058192,0.0,44.475686746987954,0.0,0.0,328.1557646029315,0,0,0,0,False,False,False,True
3171808,17489.49519916342,10519.0,23.45,75.21627531134138,81.58570206293373,0.0,45.111649746192896,0.0,0.0,494.3435687803023,0,0,0,0,False,False,False,True
3171907,13835.099337748345,4530.0,16.2,91.3907284768212,75.9823399558499,0.0,68.50261904761905,0.0,0.0,573.9514348785872,0,0,0,0,False,False,False,True
3172004,33225.940701339634,40608.0,160.92,174.90888494877856,88.65986997635933,9.355299448384555,36.61068602107776,12.0,29.55082742316785,975.177304964539,1,1,0,0,False,False,False,True
3172103,31265.81712497205,4473.0,21.61,1.2519561815336464,86.94388553543483,0.0,51.99371666666666,0.0,0.0,357.7017661524704,0,0,0,0,False,False,False,True
3172202,13854.21030582321,2387.0,22.99,99.79053204859656,104.65018852115627,0.0,55.01651162790698,0.0,0.0,837.8718056137411,0,0,0,0,False,False,False,True
3200102,17560.808728348642,32446.0,32.6,73.99679467422794,55.883622018122416,20.85619182641928,69.05038478166882,18.0,55.47679220859274,326.69666522837946,1,1,1,0,False,False,False,True
3200136,24298.893717898063,10124.0,21.37,65.30027657052548,78.96088502568155,0.0,28.062424503882657,0.0,0.0,39.51007506914263,0,0,0,0,False,False,False,True
3200169,14682.697667011706,12559.0,25.42,59.805717015685964,58.54765506807867,11.864001910980173,36.4342071197411,3.0,23.88725216975874,573.2940520742097,0,0,0,0,False,False,False,True
3200201,18707.68279989592,30744.0,38.55,166.70244600572468,63.254618787405676,25.087822014051522,59.1845399799264,21.0,68.30601092896175,1392.1415560759824,1,1,1,0,False,False,False,True
3200300,31846.03075210464,14373.0,22.47,134.8013636679886,72.99798232797606,0.0,20.524400699912512,0.0,0.0,236.55465108188966,0,0,0,0,False,False,False,True
3200359,14590.551181102364,7747.0,32.66,71.36956241125597,97.5345294952885,0.0,39.97018433179724,0.0,0.0,774.493352265393,0,0,0,0,False,False,False,True
3200409,176902.34470905966,32584.0,73.19,157.19371470660448,75.01841394549471,28.259268352565677,80.21063824008691,51.0,156.51853670513134,67014.48563712252,1,1,1,1,False,False,False,True
3200508,15813.620551244314,7474.0,37.24,79.90366604227991,93.88546962804388,0.0,36.651694117647054,0.0,0.0,294.35375970029435,0,0,0,0,False,False,False,True
3200607,51880.76359730495,102410.0,66.72,118.13885362757543,75.71819158285324,39.643589493213554,90.2159302887937,156.0,152.3288741333854,43056.34215408652,1,1,1,1,False,False,False,True
3200706,32767.5474439299,11013.0,45.26,197.82983746481432,95.17842549713974,0.0,28.60358087487284,0.0,0.0,345.0467629165532,0,0,0,0,False,False,False,True
3200805,28392.30439836056,32694.0,33.74,87.58793662445709,63.05438306722946,28.32323973817826,78.47187201093145,27.0,82.58396035969903,642.319691686548,1,1,1,0,False,False,False,True
3200904,25745.790055248617,45250.0,44.99,56.07292817679558,57.18674033149171,24.870718232044197,91.85309152053809,24.0,53.03867403314917,313.8121546961326,1,1,1,0,False,False,False,True
3201001,19251.793451239435,14079.0,31.74,134.16435826408124,122.74309254918673,0.0,34.52345441595442,0.0,0.0,383.54996803750265,0,0,0,0,False,False,False,True
3201100,17356.930509104423,10764.0,115.1,169.97398736529172,87.02155332590115,0.0,44.13234945705824,0.0,0.0,315.867707172055,0,0,0,0,False,False,False,True
3201159,21605.996188242192,13642.0,36.64,70.06304060988126,63.099252309045596,20.781410350388505,82.08032902467686,6.0,43.981820847383084,395.83638762644773,0,0,0,0,False,False,False,True
3201209,30994.715691069618,198323.0,214.89,181.11010825774116,74.12352576352717,36.07851837658769,102.07606362609847,255.0,128.57812759992538,1113.335316629942,1,1,1,0,False,False,False,True
3201308,36483.212378656935,375485.0,1263.74,137.85051333608533,75.45574390455012,37.42865893444478,115.43777168821846,450.0,119.8450004660639,1197.9173602141232,1,1,1,0,False,False,False,True
3201407,29713.270382779978,39396.0,55.66,217.4510102548482,59.81825566047314,29.343080515788404,93.03798203054806,21.0,53.304904051172706,345.2127119504518,1,1,1,0,False,False,False,True
3201506,34039.9776088072,128622.0,85.85,163.18436970347219,67.06317737245573,40.09656201893922,82.46341544462906,165.0,128.28287540234174,6986.363141608745,1,1,1,1,False,False,False,True
3201605,20967.22274030325,28953.0,23.22,112.01602597312886,75.87123959520602,27.710427244154317,49.22969447493597,15.0,51.80810278727593,5581.459606949194,1,1,1,1,False,False,False,True
3201704,22419.18380462725,12448.0,32.28,66.04273778920309,90.97847043701799,0.0,24.070493951612903,0.0,0.0,417.73778920308484,0,0,0,0,False,False,False,True
3201803,15409.03153573428,5359.0,29.21,123.69845120358276,81.73166635566336,0.0,33.71946341463415,0.0,0.0,186.6019779809666,0,0,0,0,False,False,False,True
3201902,25221.68966606973,37972.0,28.81,136.73232908458866,88.42831560096913,3.6316233013799644,40.80742694805195,12.0,31.602233224481196,421.3631096597493,1,1,0,0,False,False,False,True
3202009,23207.552650689904,6885.0,41.41,164.51706608569353,115.279593318809,0.0,30.593961267605632,0.0,0.0,377.6325344952796,0,0,0,0,False,False,False,True
3202108,18133.568592854,22670.0,9.62,36.11821790913101,80.76753418614909,0.0,36.52731256599789,0.0,0.0,608.7340097044553,0,0,0,0,False,False,False,True
3202207,24887.53718657033,18824.0,62.8,106.42796430089248,95.59604759881003,35.47598810029749,77.02137778455905,33.0,175.30811729706758,1158.09604759881,1,1,1,0,False,False,False,True
3202256,29155.40245923084,11467.0,30.58,20.53719368623005,86.67480596494288,0.0,34.66364888123925,0.0,0.0,191.8548879393041,0,0,0,0,False,False,False,True
3202306,19574.912112496004,31290.0,62.71,160.1118568232662,63.205496963886226,22.601470118248642,63.19108315863033,15.0,47.93863854266539,191.75455417066155,1,1,1,0,False,False,False,True
3202405,18803.926073037703,134944.0,211.34,191.04146905382973,81.23666113350723,45.01348707612046,101.52990346800142,252.0,186.74413089874318,423.87953521460753,1,1,1,0,False,False,False,True
3202454,16481.726966456717,27308.0,105.63,114.26321956935696,68.12655632049217,25.47971290464333,80.30456973293768,9.0,32.95737512816757,102.5340559542991,1,0,0,0,False,False,False,True
3202504,23612.511214419705,12261.0,58.25,93.50787048364734,104.95881249490253,0.0,30.897691415313226,0.0,0.0,407.79708017290596,0,0,0,0,False,False,False,True
3202553,17244.560312844682,9973.0,28.77,128.85791637421036,87.33580667803068,0.0,44.47530179445351,0.0,0.0,180.48731575253183,0,0,0,0,False,False,False,True
3202603,24611.03728601579,12793.0,60.56,201.04744782302822,97.0530759008833,0.0,33.76857305287095,0.0,0.0,922.3794262487298,0,0,0,0,False,False,False,True
3202652,16276.5107145318,14513.0,74.19,107.41404258251222,87.535313167505,0.0,28.91452965235174,0.0,0.0,151.5882312409564,0,0,0,0,False,False,False,True
3202702,23168.43227870601,14065.0,25.4,101.64948453608247,84.36544614290793,0.0,25.99026490066225,0.0,0.0,135.087095627444,0,0,0,0,False,False,False,True
3202801,132470.2965730363,43362.0,72.33,107.85019141183525,70.77856187445228,30.273050136063834,48.45605482593288,30.0,69.18500069185001,3016.4660301646604,1,1,1,1,False,False,False,True
3202900,24219.31900946832,10984.0,35.9,101.30189366351055,92.39803350327749,0.0,32.480420168067226,0.0,0.0,691.9155134741442,0,0,0,0,False,False,False,True
3203007,17686.3092891867,30444.0,62.07,95.68387859676784,59.60780449349625,20.023649980291683,44.35426535087719,6.0,19.70831690973591,144.52765733806334,0,0,0,0,False,False,False,True
3203056,30854.027920081968,31232.0,43.85,61.99090676229508,108.03662909836065,1.6585553278688525,31.010614113844493,12.0,38.42213114754098,5174.180327868852,1,1,0,1,False,False,False,True
3203106,14249.68954383641,12079.0,65.27,118.33761072936501,98.94858845930955,0.0,22.5152,0.0,0.0,115.90363440682175,0,0,0,0,False,False,False,True
3203130,44907.0252240984,14391.0,49.45,119.20644847474115,93.38475436036411,42.262525189354456,69.01181695373184,6.0,41.692724619553886,3974.706413730804,0,0,0,1,False,False,False,True
3203163,16218.976840649844,11572.0,24.2,156.4898029726927,69.83235395782924,0.0,24.320178117048343,0.0,0.0,138.26477704804702,0,0,0,0,False,False,False,True
3203205,44175.408988961695,181912.0,47.7,146.29930955626895,69.80023307973086,40.32004485685386,80.23409471919531,204.0,112.14213465851621,803.6852983860329,1,1,1,0,False,False,False,True
3203304,15415.850603507171,13173.0,39.73,44.181279890685495,77.15023153419874,0.0,42.801034482758624,0.0,0.0,334.016549001746,0,0,0,0,False,False,False,True
3203320,146631.09339909288,45418.0,321.87,174.5189132062178,72.5461270861773,34.532564181602005,50.11862314033924,48.0,105.68497071645604,303.84429080981107,1,1,1,0,False,False,False,True
3203346,27578.29589713493,18743.0,61.79,137.15520460972095,106.13562396628075,0.0,29.43895756457565,0.0,0.0,1910.0464173291361,0,0,0,1,False,False,False,True
3203353,24042.569540494853,13014.0,37.81,142.9844782541878,104.83325649300753,0.0,23.855835903763108,3.0,23.05209774089442,276.62517289073304,0,0,0,0,False,False,False,True
3203403,24123.396481194646,25179.0,28.15,80.31693077564637,59.80777632153779,23.515628102784067,64.09402177858439,9.0,35.74407244132015,405.099487668295,1,0,0,0,False,False,False,True
3203502,20782.80680437424,19752.0,17.2,92.04637505062779,64.11502632644796,25.855609558525718,101.27092857142858,6.0,30.37667071688943,202.5111381125962,0,0,0,0,False,False,False,True
3203601,17093.286219081274,5660.0,10.11,231.92579505300353,96.64310954063605,0.0,31.88320659062104,0.0,0.0,636.0424028268551,0,0,0,0,False,False,False,True
3203700,20378.342459199404,18811.0,26.74,68.04529264791877,73.2124820583701,0.0,24.25514893617021,0.0,0.0,1201.4246983148157,0,0,0,0,False,False,False,True
3203809,16486.174628860903,14213.0,42.0,128.27692957151902,82.02349961303032,0.0,38.331331338818245,0.0,0.0,182.93111939773448,0,0,0,0,False,False,False,True
3203908,25720.54757699101,52084.0,34.08,73.54273865294525,70.14438215190846,36.09169802626526,73.31714144898966,60.0,115.19852545887413,994.5472697949466,1,1,1,0,False,False,False,True
3204005,18603.995848469123,19270.0,22.55,75.88998443175922,71.37519460300986,0.0,27.652256055363324,0.0,0.0,280.2283341982356,0,0,0,0,False,False,False,True
3204054,18207.32039187228,22048.0,49.65,47.192489114658926,80.48802612481857,28.04789550072569,76.79870488322719,6.0,27.213352685050797,498.91146589259796,0,0,0,0,False,False,False,True
3204104,34710.53373615307,24825.0,24.58,109.38972809667673,67.85498489425981,27.532729103726084,45.061942876120895,9.0,36.25377643504532,853.9778449144009,1,0,0,0,False,False,False,True
3204203,36992.14593362047,23682.0,301.16,210.64521577569462,88.3793598513639,41.985474199814206,65.560488812883,27.0,114.01064099315936,244.91174731863862,1,1,1,0,False,False,False,True
3204252,16061.379928315411,6696.0,18.04,127.64336917562724,86.12604540023895,0.0,52.83103040540541,0.0,0.0,298.6857825567503,0,0,0,0,False,False,False,True
3204302,465066.0886188298,14647.0,23.02,71.69386222434628,62.31992899569878,0.0,32.055064540622624,0.0,0.0,1870.6902437359186,0,0,0,1,False,False,False,True
3204351,25986.504523209253,20229.0,30.03,37.59948588659845,111.49834396163924,0.0,22.393760947964967,0.0,0.0,1097.4343763903307,0,0,0,0,False,False,False,True
3204401,20026.22179632372,11479.0,54.14,91.38426692220577,95.60066207857827,0.0,36.592321826280624,0.0,0.0,1115.0797107762,0,0,0,0,False,False,False,True
3204500,24016.658179966536,13747.0,18.25,59.474794500618316,47.042991198079584,0.0,20.597920978363124,0.0,0.0,1294.8279624645377,0,0,0,0,False,False,False,True
3204559,36203.71932004793,45062.0,56.63,147.62549376414717,56.30908526030802,27.4111224535085,78.62184406779662,27.0,59.91744707292175,905.4192002130399,1,1,1,0,False,False,False,True
3204609,24256.093461085897,23796.0,33.39,178.16439737771054,69.31837283577072,32.0558076987729,79.97663630448926,9.0,37.821482602118,613.5484955454698,1,0,0,0,False,False,False,True
3204658,36782.637655417406,9008.0,28.77,61.90053285968028,114.04307282415631,0.0,40.9799009009009,0.0,0.0,333.0373001776199,0,0,0,0,False,False,False,True
3204708,22276.46886875183,34210.0,74.16,60.23384975153464,95.38731365097925,1.876644256065478,30.47831800580833,9.0,26.308097047646886,99.38614440222157,1,0,0,0,False,False,False,True
3204807,17901.52114657522,11373.0,39.77,159.21041062164775,93.88024268003166,0.0,35.21492245448415,0.0,0.0,105.51305724083355,0,0,0,0,False,False,False,True
3204906,22103.120149371247,133359.0,52.75,141.01260507352336,71.80542745521487,37.834716817012726,91.07919868536966,162.0,121.47661575146785,2015.611994691022,1,1,1,1,False,False,False,True
3204955,20316.29846508739,11271.0,31.84,113.27300150829562,105.00399254724515,0.0,30.40410736579276,0.0,0.0,1685.742170171236,0,0,0,1,False,False,False,True
3205002,65142.12422720585,572274.0,950.74,115.21491453394702,68.55230186938425,40.60677228041113,118.7627490202875,843.0,147.30705920590486,2488.668015670815,1,1,1,1,False,False,False,True
3205010,23461.638491547463,28453.0,45.15,120.16307594981197,89.57930622429973,33.27241415667944,55.02279224376731,12.0,42.174814606544125,449.86468913647064,1,1,0,0,False,False,False,True
3205036,21132.16724807154,20353.0,46.83,186.1691151181644,84.28241536874171,0.0,27.38145816072908,0.0,0.0,648.5530388640495,0,0,0,0,False,False,False,True
3205069,27898.521932612843,25168.0,128.19,142.58184996821362,71.24523204068659,40.09456452638271,91.93190351641964,12.0,47.679593134138585,365.54354736172917,1,1,0,0,False,False,False,True
3205101,53892.43007572474,78442.0,235.12,57.597970475000636,68.32564187552586,28.88631090487239,79.36027290061175,66.0,84.13859921980571,1160.092807424594,1,1,1,0,False,False,False,True
3205150,19427.94149279415,9298.0,20.57,21.520757152075713,97.13916971391697,0.0,24.48198773006135,0.0,0.0,494.73004947300495,0,0,0,0,False,False,False,True
3205176,30432.86826053425,14263.0,29.19,37.530673771296364,87.34487835658697,0.0,26.880894245723173,0.0,0.0,1472.3410222253383,0,0,0,0,False,False,False,True
3205200,32423.80875682791,502899.0,2224.86,132.3573918420995,68.24093903547234,51.68353884179527,129.28807288700887,924.0,183.73470617360545,1831.7793433671573,1,1,1,1,False,False,False,True
3205309,91668.54725787631,342800.0,3324.33,175.00875145857643,88.71732788798133,61.75904317386231,134.14596095947348,1338.0,390.3150525087515,70070.01166861143,1,1,1,1,False,False,False,True
3300100,62495.29365788298,179120.0,205.84,179.25301473872264,68.00859758820903,49.05203215721304,112.98400740588356,480.0,267.97677534613666,2205.2255471192498,1,1,1,1,False,False,False,True
3300159,21814.27320490368,11420.0,116.71,129.72854640980736,91.9001751313485,0.0,33.62844693281402,0.0,0.0,280.21015761821366,0,0,0,0,False,False,False,True
3300209,30733.285912334057,137773.0,203.16,191.14993503806986,82.63084929558042,39.74508793450095,49.45962868924052,138.0,100.16476377809876,767.9298556320905,1,1,1,0,False,False,False,True
3300225,34932.65773128474,12236.0,106.82,164.56358287021902,77.17391304347827,4.355998692383132,62.61600472813239,6.0,49.03563255966002,2108.532200065381,0,0,0,1,False,False,False,True
3300233,69984.8499128222,42442.0,563.65,407.2781678525988,88.39592856133076,59.05942227039254,91.87135743789962,249.0,586.6830026860185,1060.2704867819612,1,1,1,0,False,False,False,True
3300258,82498.32286393852,32794.0,203.71,303.43660425687625,102.30834908824785,41.35817527596512,46.10621516978737,48.0,146.36823809233397,414.71000792827954,1,1,1,0,False,False,False,True
3300308,27551.903026365213,98501.0,158.88,182.47632003736004,57.928345905117716,32.61692774692643,71.08554914108701,72.0,73.09570461213592,525.8829859595334,1,1,1,0,False,False,False,True
3300407,35496.40042270265,181688.0,310.52,122.15391220113601,59.094161419576416,32.72147857866232,69.51880416415209,135.0,74.30320109198186,922.4604817049008,1,1,1,0,False,False,False,True
3300456,17056.467469219297,518263.0,6116.19,66.0052907500632,55.75258121841613,25.58411462905899,115.88663016426082,828.0,159.76444392132953,394.3943519024125,1,1,1,0,False,False,False,True
3300506,29839.08393866021,29736.0,73.48,197.57869249394673,78.04008609093354,0.0,42.76920946490992,0.0,0.0,255.5824589722895,0,0,0,0,False,False,False,True
3300605,24431.18476272463,37172.0,58.95,178.59410308834606,62.536317658452596,19.1703432691273,63.06990521327014,33.0,88.77649843968578,516.5178091036264,1,1,1,0,False,False,False,True
3300704,51894.51475021624,238166.0,537.34,218.36534182041098,81.93234970566748,46.107336899473474,96.03539083783896,477.0,200.2804766423419,2295.877665157915,1,1,1,1,False,False,False,True
3300803,21817.571068068253,59837.0,59.64,160.54447916840752,71.14828617744874,19.31747915169544,45.81693414250393,42.0,70.19068469341711,227.2841218643983,1,1,1,0,False,False,False,True
3300902,26532.64764432648,15070.0,26.18,104.71134704711348,63.80889183808892,0.0,33.351477195371004,0.0,0.0,252.15660252156601,0,0,0,0,False,False,False,True
3300936,50733.40314136125,14325.0,45.42,51.32286212914485,92.23734729493891,0.0,29.999821276595743,0.0,0.0,935.4275741710296,0,0,0,0,False,False,False,True
3300951,66781.18089341,9044.0,80.46,167.84608580274215,86.93056169836356,0.0,34.626296296296296,0.0,0.0,773.9938080495356,0,0,0,0,False,False,False,True
3301009,71635.69943604278,519011.0,119.91,98.83355073399215,97.48329033488693,32.59160210477235,114.00937274280136,1074.0,206.93203034232414,2156.409016379229,1,1,1,1,False,False,False,True
3301108,42079.06581316263,19996.0,25.95,185.96719343868773,86.74234846969394,0.0,33.87859891598916,0.0,0.0,21004.200840168032,0,0,0,1,False,False,False,True
3301157,29506.528389166604,13403.0,24.8,130.34395284637768,73.04334850406626,0.0,34.60788423153693,0.0,0.0,149.22032380810268,0,0,0,0,False,False,False,True
3301207,31638.838782412626,17740.0,56.25,180.16910935738443,74.99436302142053,0.0,37.22365730337079,0.0,0.0,710.2593010146561,0,0,0,0,False,False,False,True
3301306,48434.9195889875,48563.0,99.61,141.84667339332412,74.60206329921957,28.45170191297902,62.168047092958375,39.0,80.30805345633507,308.8771286782118,1,1,1,0,False,False,False,True
3301405,19942.808581009693,21769.0,62.39,121.18149662363912,79.87964536726538,0.0,35.936082949308755,0.0,0.0,422.6193210528734,0,0,0,0,False,False,False,True
3301504,21272.523782876327,21444.0,183.84,202.90524155941057,89.30236896101474,0.0,36.35399957877001,0.0,0.0,1044.5812348442455,0,0,0,0,False,False,False,True
3301603,21949.44512946979,11354.0,28.92,155.46063061476133,72.69684692619342,0.0,46.53239590443687,0.0,0.0,70.45974986788796,0,0,0,0,False,False,False,True
3301702,61333.973569481976,866347.0,1729.36,83.02343056535084,68.33312748817737,36.60253916733134,116.39193352281116,1446.0,166.9077171156592,1203.9055944096303,1,1,1,0,False,False,False,True
3301801,32158.04870335231,12648.0,87.83,6.641366223908919,83.69702719797597,0.0,27.452209436133487,0.0,0.0,996.2049335863378,0,0,0,0,False,False,False,True
3301850,25119.558011049725,54300.0,144.22,123.55616942909761,71.84714548802947,21.447513812154696,70.96823960066556,33.0,60.773480662983424,261.51012891344385,1,1,1,0,False,False,False,True
3301876,21347.432126314365,29577.0,547.7,235.34503161240153,90.75971193833045,33.296142272711904,55.269980797469785,33.0,111.57318186428644,87.90614328701356,1,1,1,0,False,False,False,True
3301900,23498.90851524745,240040.0,521.6,54.300949841693054,67.51958006998834,33.36443926012331,82.82673779132533,306.0,127.47875354107649,1555.5740709881686,1,1,1,0,False,False,False,True
3302007,84712.71172769801,123980.0,413.44,115.28230359735441,69.28133569930634,39.65558961122762,56.66669123215846,135.0,108.88853040813035,13765.123407001129,1,1,1,1,False,False,False,True
3302056,28846.11145553489,14517.0,48.33,105.68988082937246,85.29999311152442,0.0,39.38767143933685,0.0,0.0,220.43121857133016,0,0,0,0,False,False,False,True
3302106,26895.40244469822,23643.0,52.91,136.75929450577337,94.51423254240156,0.0,26.05569514844316,0.0,0.0,279.1523918284482,0,0,0,0,False,False,False,True
3302205,31655.6328441154,107246.0,91.3,155.73914178617383,67.13910075900267,32.465546500568784,70.17738762559492,102.0,95.10844227290528,193.94662738004214,1,1,1,0,False,False,False,True
3302254,210846.271487123,32694.0,128.23,160.31076038416836,76.11182479965743,43.22505658530617,70.26277042040708,42.0,128.4639383373096,1994.2497094268062,1,1,1,1,False,False,False,True
3302270,14979.911697618183,102149.0,1178.61,35.86133980753605,55.88307276625322,22.533749718548396,65.36628127421045,42.0,41.11640838383146,336.7629639056672,1,1,1,0,False,False,False,True
3302304,24282.70042194093,7584.0,28.94,101.89873417721519,10.284810126582279,2.768987341772152,62.7817868852459,0.0,0.0,158.22784810126583,0,0,0,0,False,False,False,True
3302403,67187.5572617344,264138.0,202.46,82.16992632639,71.21618245008291,49.157258705676576,112.23788951719634,600.0,227.15398768825386,35808.55461917634,1,1,1,1,False,False,False,True
3302452,38362.79235850741,5601.0,69.1,266.79164434922336,127.06659525084807,0.0,45.04618935837246,0.0,0.0,749.8660953401178,0,0,0,0,False,False,False,True
3302502,19524.52763712043,244092.0,583.78,97.3993412319945,67.90062763220425,30.75766514265113,93.30597723279826,321.0,131.50779214394572,654.6711895514806,1,1,1,0,False,False,False,True
3302601,73626.00861910875,43624.0,112.13,253.73647533467815,79.98807995598753,47.99422336328627,81.18817778987056,165.0,378.2321657803044,2159.3618191821015,1,1,1,1,False,False,False,True
3302700,404810.6384383874,211986.0,545.61,149.02446387969016,74.98042323549669,50.1221778796713,76.22097246491438,240.0,113.21502363363618,296.2459785080147,1,1,1,0,False,False,False,True
3302809,19817.607623691063,18049.0,183.61,40.81112527009807,64.1531386780431,22.582968585517204,53.63619621342513,3.0,16.621419469222673,321.34744307163834,0,0,0,0,False,False,False,True
3302858,14648.590907311398,178803.0,4059.54,58.426312757615925,55.28430731028003,29.315503654860375,71.76140331469885,129.0,72.14644049596484,269.5704210779461,1,1,1,0,False,False,False,True
3302908,22490.41709632685,28123.0,92.32,167.6705899086157,76.05163033815738,24.975998293211962,70.48304246440844,9.0,32.00227571738435,376.9156917825268,1,0,0,0,False,False,False,True
3303005,23307.16975819225,28411.0,88.64,85.06564358875083,76.46334166344022,0.0,37.92700462249615,0.0,0.0,133.75101193199816,0,0,0,0,False,False,False,True
3303104,20852.79742765273,15550.0,38.94,141.43408360128618,75.21543408360128,0.0,35.74878103837472,0.0,0.0,270.09646302250803,0,0,0,0,False,False,False,True
3303203,19669.4118705961,155544.0,7568.4,129.6231291467366,54.02908501774417,30.11430849148794,83.61654677390366,123.0,79.0773028853572,27.002005863292702,1,1,1,0,False,False,False,True
3303302,128397.3680136244,516720.0,3601.67,160.3303529958198,68.94546369407028,63.44577333952624,117.74512462733388,1782.0,344.86762656758015,1738.2721783557827,1,1,1,1,False,False,False,True
3303401,31106.76837425244,203328.0,203.05,226.30478832231665,65.38056735914385,41.24714746616305,98.42137224863136,240.0,118.03588290840416,3453.5332074283915,1,1,1,1,False,False,False,True
3303500,21107.332221492063,843046.0,1509.6,56.66286299917205,66.30705797785649,34.96380980397274,112.22152961132534,1302.0,154.43997124712055,194.29544769799037,1,1,1,0,False,False,False,True
3303609,26637.23199560198,43656.0,216.68,217.76617188931647,88.78504672897196,3.612332783580722,52.12051847826087,6.0,13.743815283122595,2515.1181968114347,0,0,0,1,False,False,False,True
3303708,28178.581869701127,44467.0,73.65,142.28753907392,86.17176782782738,0.0,35.92305082379224,0.0,0.0,512.7397845593362,0,0,0,0,False,False,False,True
3303807,41065.23291468896,47614.0,48.95,213.98538245053976,76.31998991893141,57.02734489855925,110.24363994273442,165.0,346.53673289368675,3473.7682194312597,1,1,1,1,False,False,False,True
3303856,21848.8116126974,31345.0,94.23,122.82341681288882,85.54793427978944,0.0,24.857303574369958,0.0,0.0,1040.0382836178019,0,0,0,0,False,False,False,True
3303906,53106.00949885248,294983.0,352.5,196.08452012488854,87.4267330659733,44.785631714369984,110.88629447747049,633.0,214.58863731130268,1196.0011254885874,1,1,1,0,False,False,False,True
3303955,57908.63065577038,25085.0,295.4,134.8534981064381,105.15048833964521,0.0,45.70569984447901,3.0,11.95933824995017,526.2108829978074,0,0,0,0,False,False,False,True
3304003,84324.8089763888,29054.0,56.04,68.70654643078406,95.12287464720865,0.0,36.719158764148055,0.0,0.0,2030.7014524678186,0,0,0,1,False,False,False,True
3304102,23325.650515926423,17832.0,59.24,211.09241812471961,71.56796769851951,0.0,32.455778159931214,0.0,0.0,56.07895917451772,0,0,0,0,False,False,False,True
3304110,201563.09342954803,21064.0,400.32,183.12286365362704,67.60349411317888,35.53930877326244,71.56015482539136,12.0,56.969236612229395,9684.770224078997,1,1,0,1,False,False,False,True
3304128,21543.29707585817,14158.0,48.04,134.61647125300183,95.33832462212177,2.1825116541884446,46.799740740740745,3.0,21.189433535810142,946.4613645995197,0,0,0,0,False,False,False,True
3304144,29254.78728042229,149093.0,1850.76,88.12687383042798,61.99687443407806,29.224041370151514,78.81159139653165,129.0,86.52317680910572,245.48436210955578,1,1,1,0,False,False,False,True
3304151,259313.5864395053,23126.0,31.12,138.1172706045144,68.3300181613768,15.458790971201246,39.04986850545222,21.0,90.80688402663668,812.9378189051284,1,1,1,0,False,False,False,True
3304201,78149.84885039096,137612.0,117.9,159.6386942999157,71.20745283841525,42.15548062668953,91.69864761860224,162.0,117.72229166061099,7150.539197163038,1,1,1,1,False,False,False,True
3304300,30981.1885710419,59113.0,122.48,85.39915077901647,67.69746079542571,28.450594623856006,64.09430815027714,33.0,55.82528377852587,3471.3176458647,1,1,1,1,False,False,False,True
3304409,24287.40947075209,17950.0,20.55,26.144846796657383,81.55431754874652,0.0,39.87858171994597,0.0,0.0,189.41504178272982,0,0,0,0,False,False,False,True
3304508,31777.20207253886,9264.0,18.7,85.36269430051813,69.18177892918825,0.0,30.849781376518223,0.0,0.0,841.9689119170985,0,0,0,0,False,False,False,True
3304524,53236.46184688785,168099.0,686.23,194.726321988828,74.57450668951034,49.4250411959619,85.39660438648488,177.0,105.29509396248639,423.55992599599045,1,1,1,0,False,False,False,True
3304557,53438.085057506105,6729894.0,5174.6,83.05936170762868,76.22127480759727,52.58461723171271,124.42674939303492,19575.0,290.86639403235773,3125.220100049124,1,1,1,1,False,False,False,True
3304607,22173.64590225919,10579.0,12.62,87.69259854428584,63.35192362227053,0.0,41.13435724962631,0.0,0.0,756.2151432082427,0,0,0,0,False,False,False,True
3304706,29406.03396969281,43686.0,68.46,70.38639381037403,82.51613789314655,0.0,28.604921145799807,0.0,0.0,196.85940575928214,0,0,0,0,False,False,False,True
3304755,25006.607836514104,47368.0,40.3,118.89883465630805,87.06510724539774,0.0,24.717719449225477,6.0,12.66677926026009,158.33474075325114,0,0,0,0,False,False,False,True
3304805,20515.522974973905,41197.0,37.65,83.4915163725514,69.37641090370659,0.0,36.1211364673665,9.0,21.84625094060247,150.4963953685948,1,0,0,0,False,False,False,True
3304904,21157.24736949489,960652.0,3613.57,43.71374857909004,59.84498028422363,32.38727447608499,105.08654697587676,1947.0,202.67484999770988,389.31892089955574,1,1,1,0,False,False,False,True
3305000,255421.334091144,38708.0,80.84,57.339568047948745,99.589232200062,26.99700320347215,50.2443517932966,42.0,108.50470187041438,45375.63294409424,1,1,1,1,False,False,False,True
3305109,19213.342593068915,466536.0,12521.64,60.80045269818406,62.161762436339316,31.146792530479964,101.1347334451679,516.0,110.60239724265652,482.70658641562494,1,1,1,0,False,False,False,True
3305133,26911.414900888583,7315.0,28.32,47.067669172932334,71.97539302802461,0.0,38.26531767955801,0.0,0.0,1449.0772385509229,0,0,0,0,False,False,False,True
3305158,32647.659985087063,22799.0,100.28,101.57463046624852,72.69617088468793,3.0439931575946315,60.58412635735439,9.0,39.475415588403,464.93267248563535,1,0,0,0,False,False,False,True
3305208,24816.717319729367,110556.0,312.88,154.5045045045045,79.49093671985239,42.91490285466189,48.56977613225418,126.0,113.96939107782481,343.7172111870907,1,1,1,0,False,False,False,True
3305307,30163.895486935868,7999.0,19.51,102.70033754219277,62.40780097512189,0.0,42.13734479465139,0.0,0.0,800.1000125015627,0,0,0,0,False,False,False,True
3305406,54708.67734703921,18289.0,32.79,139.79441194160424,83.5857619334026,0.0,40.41589167767504,0.0,0.0,1585.6525780523812,0,0,0,0,False,False,False,True
3305505,443043.2348399702,95201.0,254.34,177.72187266940475,85.56632808478902,45.03524122645771,60.65236637551086,87.0,91.38559468913142,296.21537588890874,1,1,1,0,False,False,False,True
3305554,56374.48812207182,84737.0,303.92,156.18560959203182,66.18478350661458,38.1616059100511,54.99390554681993,135.0,159.31647332334163,2695.398704226017,1,1,1,1,False,False,False,True
3305604,27359.80205212022,22026.0,22.77,94.2068464541905,86.15272859348043,0.0,56.29997295968535,0.0,0.0,590.2115681467357,0,0,0,0,False,False,False,True
3305703,38256.85149776928,15690.0,36.78,101.82919056724027,88.88463989802422,0.0,44.85242557883132,0.0,0.0,752.0713830465264,0,0,0,0,False,False,False,True
3305752,21137.43989287236,32858.0,217.37,234.81343964940044,80.60137561628827,2.2429849656095926,44.44599843382929,3.0,9.130196603566864,121.73595471422485,0,0,0,0,False,False,False,True
3305802,33526.69617186969,176692.0,213.52,185.56244764901638,64.22928032961312,44.54304665746044,98.58328957810522,291.0,164.6933647250583,567.0884929708193,1,1,1,0,False,False,False,True
3305901,22719.95869320316,10652.0,17.43,16.654149455501315,63.70634622606083,0.0,23.99168511685117,0.0,0.0,619.6019526849418,0,0,0,0,False,False,False,True
3306008,77134.14337788579,82300.0,242.68,174.32199270959902,67.63426488456865,36.86148238153098,61.037734871674125,66.0,80.1944106925881,495.74726609963545,1,1,1,0,False,False,False,True
3306107,43695.8383476533,71462.0,52.34,183.47653298256415,74.30382580952114,12.920153368223671,55.713888785740814,108.0,151.12927150093756,299.4598527888948,1,1,1,0,False,False,False,True
3306156,25016.47883322284,10559.0,50.55,109.77365280803106,83.86210815418127,0.0,40.67205402650357,0.0,0.0,170.47068851216972,0,0,0,0,False,False,False,True
3306206,36799.632352941175,35904.0,63.38,193.54946524064172,92.68326648841355,0.0,42.010416204217535,21.0,58.48930481283423,746.4349376114081,1,1,1,0,False,False,False,True
3306305,70279.89839155693,279898.0,1436.33,204.5295071776147,107.06578825143445,42.969939049225076,101.34514593428756,393.0,140.40829159193706,38816.283074548584,1,1,1,1,False,False,False,True
3500105,38462.09528084844,35642.0,84.19,212.31692946523765,73.91560518489423,36.008080354637784,62.59036651095939,21.0,58.919252567196004,5717.973177711689,1,1,1,1,False,False,False,True
3500204,25790.531487271102,4478.0,20.62,254.97990174184903,104.5332737829388,0.0,55.98798429319372,0.0,0.0,982.5815096025011,0,0,0,0,False,False,False,True
3500303,39976.19192410606,32888.0,67.58,104.18693748479689,61.353685234736076,35.27426416930187,34.765652898922525,12.0,36.48747263439552,3879.8345901240573,1,1,0,1,False,False,False,True
3500402,27979.11646586345,7470.0,51.65,221.20481927710844,130.1338688085676,0.0,37.08063022866704,0.0,0.0,2248.995983935743,0,0,0,1,False,False,False,True
3500501,32096.684023020007,18245.0,298.21,154.39846533296793,80.08769525897506,51.038640723485884,80.97375276827059,33.0,180.87147163606468,7465.058920252124,1,1,1,1,False,False,False,True
3500550,29336.57351154313,7407.0,17.74,169.21830700688537,126.19144052922911,0.0,40.309884836852206,0.0,0.0,2322.127717024436,0,0,0,1,False,False,False,True
3500600,52264.05090137858,2829.0,769.66,202.33297985153766,176.35206786850478,69.28243195475433,47.57711066931743,6.0,212.08907741251326,1343.230823612584,0,0,0,0,False,False,False,True
3500709,67867.56346613853,38879.0,38.98,193.01679569947785,76.84868437974228,18.578152730265696,43.30611029948868,15.0,38.58123922940405,5756.320893027084,1,1,1,1,False,False,False,True
3500758,20440.758293838862,6330.0,38.48,125.2132701421801,94.23380726698262,0.0,38.65431955922865,0.0,0.0,1706.1611374407582,0,0,0,1,False,False,False,True
3500808,26416.81299385426,4556.0,37.38,80.70676031606672,87.66461808604039,0.0,43.071905882352944,0.0,0.0,790.1668129938543,0,0,0,0,False,False,False,True
3500907,32271.91721759126,3479.0,11.03,92.06668582926129,102.4719747053751,0.0,36.26436781609196,0.0,0.0,5921.241736131072,0,0,0,1,False,False,False,True
3501004,48577.5238983446,17156.0,18.1,213.22569363487992,92.43413383072978,0.0,39.65837075332348,0.0,0.0,5653.9986010725115,0,0,0,1,False,False,False,True
3501103,29251.86711305692,3883.0,12.06,82.59078032449138,101.26191089363894,0.0,49.067658959537575,0.0,0.0,412.05253669842904,0,0,0,0,False,False,False,True
3501152,226383.5484054346,17591.0,206.9,258.81985106020124,90.5860951622989,25.740435449945995,61.62373739017247,3.0,17.05417543061793,90932.8633960548,0,0,0,1,False,False,False,True
3501202,31259.678230266465,3978.0,10.8,70.58823529411765,79.76370035193564,0.0,39.42944244604317,0.0,0.0,955.253896430367,0,0,0,0,False,False,False,True
3501301,25128.353982300883,28250.0,78.4,196.28672566371682,71.87256637168142,3.8513274336283185,59.78308210931857,3.0,10.619469026548673,700.8849557522124,0,0,0,0,False,False,False,True
3501400,11966.09477124183,4896.0,31.29,211.54003267973857,56.658496732026144,0.0,46.42359649122807,0.0,0.0,20343.13725490196,0,0,0,1,False,False,False,True
3501509,19981.18371536093,2923.0,33.99,165.17276770441327,86.65754361956894,0.0,57.45564393939394,0.0,0.0,821.0742387957578,0,0,0,0,False,False,False,True
3501608,61694.59366321381,246655.0,1771.61,167.46427195880887,59.95540329610184,51.469055968863394,110.6333528238423,252.0,102.16699438486955,1487.0973627131013,1,1,1,0,False,False,False,True
3501707,36450.039991705424,33757.0,268.54,185.00755398880233,70.67274935568919,29.810113457949463,48.773005971087365,15.0,44.435228248955774,4236.1584264004505,1,1,1,1,False,False,False,True
3501806,21222.092050209205,5975.0,23.21,78.25941422594143,92.51882845188284,0.0,49.44345991561182,0.0,0.0,1271.9665271966528,0,0,0,0,False,False,False,True
3501905,73900.99975615703,69717.0,152.72,231.016825164594,72.73261901688254,42.25368274595866,71.95254932273264,66.0,94.66844528594173,4145.330407217752,1,1,1,1,False,False,False,True
3502002,44473.5269000854,4684.0,14.08,59.50042698548249,92.8266438941076,8.432963279248506,51.13887209302326,12.0,256.19128949615714,2177.6259607173356,1,1,0,1,False,False,False,True
3502101,46285.11704325476,61473.0,62.0,175.99433897808794,75.91462918679746,26.449010134530607,47.280193432298695,24.0,39.041530427992775,27407.154360450928,1,1,1,1,False,False,False,True
3502200,60140.01305483029,24512.0,23.38,181.86194516971278,68.86422976501305,23.796507832898172,31.762049600912203,12.0,48.9556135770235,6633.485639686684,1,1,0,1,False,False,False,True
3502309,29406.520985084982,5766.0,7.7,179.9687825182102,89.22996878251821,0.0,41.55471512770137,0.0,0.0,2740.20117932709,0,0,0,1,False,False,False,True
3502408,25711.051606621226,4108.0,12.54,144.59591041869524,80.91528724440117,0.0,49.856051660516606,0.0,0.0,146.0564751703992,0,0,0,0,False,False,False,True
3502507,31335.731270505374,33223.0,269.41,161.00893959004304,86.83442193661018,41.88965475724648,77.62676783845349,54.0,162.5380007825904,12407.067393071065,1,1,1,1,False,False,False,True
3502606,36745.8777885548,4124.0,22.83,35.83899127061106,93.28322017458778,0.0,36.3414652014652,0.0,0.0,1309.408341416101,0,0,0,0,False,False,False,True
3502705,36073.01293900185,24886.0,25.23,45.64011894237724,93.55059069356264,0.0,42.12683458944864,9.0,36.16491199871414,2161.858072812023,1,0,0,1,False,False,False,True
3502754,217182.60555756048,22168.0,148.22,169.4243955250812,91.21255864308914,54.989173583543845,37.88217496333362,21.0,94.73114399133887,22094.911584265607,1,1,1,1,False,False,False,True
3502804,43402.49308145831,207775.0,171.47,174.21730237035254,110.6095536036578,45.78029118036337,84.76442287527223,213.0,102.514739501865,4605.943929731681,1,1,1,1,False,False,False,True
3502903,35829.68861421441,33656.0,127.08,169.25659614927503,89.95721416686474,44.72010934157357,52.16002441576561,39.0,115.87829807463751,1717.3758022343713,1,1,1,1,False,False,False,True
3503000,27194.534925805285,5526.0,26.72,181.79515019905898,98.35323923271805,0.0,37.99862701500834,6.0,108.57763300760044,868.6210640608035,0,0,0,0,False,False,False,True
3503109,27633.758865248223,7050.0,24.08,158.4113475177305,81.20567375886525,0.0,49.63039848197344,0.0,0.0,1418.4397163120568,0,0,0,0,False,False,False,True
3503158,19349.46921443737,2355.0,14.85,186.36942675159236,87.77070063694268,0.0,58.142877697841726,0.0,0.0,594.47983014862,0,0,0,0,False,False,False,True
3503208,47373.69906229441,252318.0,241.35,187.79040734311465,251.45332477270745,49.60129677629023,105.32352261731978,327.0,129.59836396927687,11504.529997859843,1,1,1,1,False,False,False,True
3503307,51300.64065143981,135331.0,202.95,201.4667740576808,64.84397514242856,45.55053904870281,80.36731105241772,102.0,75.37075762389992,4460.175421743725,1,1,1,1,False,False,False,True
3503356,29782.254196642687,2085.0,7.72,140.57553956834533,74.91606714628297,0.0,44.03968253968254,0.0,0.0,1055.1558752997603,0,0,0,0,False,False,False,True
3503406,27425.0,8280.0,16.06,203.55072463768116,97.07729468599034,0.0,26.523087919942817,0.0,0.0,1811.5942028985507,0,0,0,1,False,False,False,True
3503505,16031.172413793103,3625.0,11.72,127.61379310344827,82.64827586206897,0.0,51.82166344294004,0.0,0.0,386.2068965517241,0,0,0,0,False,False,False,True
3503604,15897.435897435897,10257.0,117.92,176.95232524129864,92.25894511065614,2.1156283513697964,58.21623699683401,3.0,29.248318221702252,214.48766695914986,0,0,0,0,False,False,False,True
3503703,148557.55912713968,7653.0,57.32,124.34339474715797,96.34130406376585,0.0,51.6087457240593,0.0,0.0,179406.76858748205,0,0,0,1,False,False,False,True
3503802,32389.65705363357,53157.0,289.04,176.06712192185412,66.01388340199786,48.69537408055383,47.04619265123833,21.0,39.50561544105198,519.2166600823974,1,1,1,0,False,False,False,True
3503901,92206.9532926409,89943.0,901.33,273.4265034521864,78.74209221395773,53.78962231635592,79.43362830603418,105.0,116.74060238150828,1107.3679997331644,1,1,1,0,False,False,False,True
3503950,21113.721302722905,1873.0,26.55,48.585157501334756,79.39135077415911,0.0,43.20662817551963,0.0,0.0,427.12226374799786,0,0,0,0,False,False,False,True
3504008,39014.12434777623,104642.0,220.16,136.9488350757822,68.36547466600409,37.30146595057434,65.95933118033129,54.0,51.60451826226563,2526.7101163968578,1,1,1,1,False,False,False,True
3504107,50354.61898423902,166043.0,331.54,218.05676842745555,70.78106273676096,56.36732653589733,69.63935630432329,147.0,88.53128406497112,3249.760604180845,1,1,1,1,False,False,False,True
3504206,25844.73437612629,13873.0,31.51,28.804151949830604,99.61796294961435,0.0,46.32037699680511,0.0,0.0,691.991638434369,0,0,0,0,False,False,False,True
3504305,83225.0497897765,4519.0,8.29,163.84155786678468,99.8008408940031,0.0,35.451751207729465,0.0,0.0,1150.6970568709892,0,0,0,0,False,False,False,True
3504404,17432.155971323657,11438.0,33.29,63.58629130966952,90.32173456898059,2.3955236929533137,54.09623991393222,3.0,26.228361601678614,7273.998950865536,0,0,0,1,False,False,False,True
3504503,34120.606047992675,96098.0,76.51,210.09906553726404,73.62588191221461,32.151553622343854,46.83766162597114,33.0,34.33994463984682,4439.2182979874715,1,1,1,1,False,False,False,True
3504602,19089.1763810578,28909.0,246.98,257.8435781244595,81.02321076481373,30.125566432598845,42.36693034753527,6.0,20.754782247742916,318.2399944653914,0,0,0,0,False,False,False,True
3504701,16502.649507948525,3963.0,42.42,70.83017915720414,31.895029018420388,0.0,50.254733727810645,0.0,0.0,24678.274034822105,0,0,0,1,False,False,False,True
3504800,28277.044854881267,9854.0,64.02,239.52709559569718,97.25999594073473,0.0,70.77923076923078,0.0,0.0,446.51918002841484,0,0,0,0,False,False,False,True
3504909,21368.87921653972,10109.0,16.17,147.69017706993768,84.74626570382827,0.0,47.23408900722709,0.0,0.0,2235.631615392225,0,0,0,1,False,False,False,True
3505005,20717.523493642897,3618.0,23.06,119.32006633499171,88.0873410724157,0.0,33.50599201065246,0.0,0.0,276.3957987838585,0,0,0,0,False,False,False,True
3505104,19283.442304294043,5659.0,27.48,112.82912175295989,87.98374271072628,0.0,43.99954598370198,0.0,0.0,530.1289980561937,0,0,0,0,False,False,False,True
3505203,50097.39237771949,32405.0,71.1,218.15151982718717,94.04721493596668,0.0,34.29804359772852,0.0,0.0,17731.831507483414,0,0,0,1,False,False,False,True
3505302,43108.53551011121,35159.0,228.79,239.14502687789755,83.91876902073437,29.09923490429193,38.46853205849269,18.0,51.19599533547598,14528.28578742285,1,1,1,1,False,False,False,True
3505351,25444.82496194825,5256.0,12.77,25.45662100456621,79.52815829528159,0.0,23.25325136612022,0.0,0.0,1065.4490106544902,0,0,0,0,False,False,False,True
3505401,18176.971973418087,6922.0,6.82,115.67466050274487,96.67726090725223,0.0,28.066684350132626,0.0,0.0,3004.9118751805836,0,0,0,1,False,False,False,True
3505500,46631.24802527646,126600.0,78.21,251.28593996840442,68.89178515007899,47.816745655608216,99.63632032381447,183.0,144.54976303317537,2646.129541864139,1,1,1,1,False,False,False,True
3505609,18830.53554745185,33181.0,219.77,198.99038606431392,86.31747084174678,3.061993309424068,40.24460335676373,3.0,9.041318827039571,1615.3822970977367,0,0,0,0,False,False,False,True
3505708,175660.9634345324,330339.0,4816.87,133.85310241903014,242.99280436158008,58.846820992979936,103.23441655982464,558.0,168.91738486827168,9352.816349265451,1,1,1,1,False,False,False,True
3505807,48731.3698630137,21900.0,125.81,196.11415525114154,92.40182648401826,0.0,27.715877300613496,0.0,0.0,420.0913242009132,0,0,0,0,False,False,False,True
3505906,40365.49028777579,59873.0,68.75,224.2479915821823,60.76862692699547,42.75716934177342,89.6037439883851,54.0,90.19090408030331,1212.5665993018556,1,1,1,0,False,False,False,True
3506003,42684.86240874049,391740.0,567.85,203.0009700311431,209.57676009598202,52.59968346352172,118.9906385443556,444.0,113.34048093122989,2193.2914688313676,1,1,1,1,False,False,False,True
3506102,52173.44329369646,78210.0,111.79,213.84221966500448,63.522567446618076,46.53624856156502,62.83587633046123,51.0,65.20905255082471,3595.4481524101775,1,1,1,1,False,False,False,True
3506201,79659.34897804694,2642.0,8.64,33.72445117335352,99.65934897804694,0.0,47.13567769477054,0.0,0.0,152611.6578349735,0,0,0,1,False,False,False,True
3506300,31889.13263584205,11852.0,47.54,162.21734728315897,84.48363145460682,1.3584205197435033,45.17630669546436,3.0,25.31218359770503,7424.907188660141,0,0,0,1,False,False,False,True
3506359,30919.459273548367,66873.0,130.58,335.7722847786102,91.17132474989906,55.39305848399204,96.67123409164654,336.0,502.4449329325737,4940.708507170308,1,1,1,1,False,False,False,True
3506409,39245.74111334675,7455.0,46.32,32.756539235412475,95.97585513078471,0.0,49.92622877569258,0.0,0.0,724.3460764587525,0,0,0,0,False,False,False,True
3506508,32095.71665528344,122988.0,224.48,182.1519172602205,66.29589878687352,36.158812241844736,63.37617218934911,75.0,60.98155917650502,671.610238397242,1,1,1,0,False,False,False,True
3506607,31809.473891109217,30526.0,93.52,169.31468256568172,65.681713948765,26.27596147546354,64.73706168380106,21.0,68.79381510843216,1159.6671689707134,1,1,1,0,False,False,False,True
3506706,28987.666539779217,13135.0,18.79,69.85915492957747,92.20403502093643,0.0,40.95515420363329,0.0,0.0,10536.733917015606,0,0,0,1,False,False,False,True
3506805,24589.16891950816,11467.0,30.94,190.23284206854453,99.46803871980465,0.0,29.4458342217484,0.0,0.0,57504.142321444146,0,0,0,1,False,False,False,True
3506904,19875.935628742514,10688.0,16.01,163.7256736526946,122.80127245508982,0.0,30.765645043731777,0.0,0.0,1908.682634730539,0,0,0,1,False,False,False,True
3507001,53508.30245210124,63415.0,245.35,281.6005676890326,70.76874556492943,48.721911219742964,58.42187306145893,45.0,70.96112907040921,501.45864543089175,1,1,1,0,False,False,False,True
3507100,65020.93240300431,22501.0,203.07,212.18612506110838,80.54308697391227,36.89613794942447,61.21158314548292,9.0,39.99822230123106,328.87427225456645,1,0,0,0,False,False,False,True
3507159,17688.919667590028,3610.0,26.61,67.92243767313019,72.93628808864266,0.0,43.12753731343284,0.0,0.0,387.8116343490305,0,0,0,0,False,False,False,True
3507209,79951.50862068965,928.0,7.62,147.0905172413793,132.65086206896552,0.0,21.342,0.0,0.0,1508.6206896551723,0,0,0,0,False,False,False,True
3507308,107641.0947543023,4823.0,38.61,166.74269127099316,104.2089985486212,0.0,73.96950809464508,0.0,0.0,10035.247771096827,0,0,0,1,False,False,False,True
3507407,35947.415886229624,14415.0,25.76,224.19007977800902,109.3166840097121,0.0,42.03471191791634,6.0,41.62330905306972,1234.8248352410683,0,0,0,0,False,False,False,True
3507456,26531.39576605669,2787.0,7.8,190.81449587369931,93.93613204162182,0.0,34.591142857142856,0.0,0.0,645.8557588805166,0,0,0,0,False,False,False,True
3507506,39745.2772497042,150442.0,97.9,203.7768708206485,66.62833517235879,51.74419377567435,89.95338142064185,153.0,101.70032304808498,14300.52777814706,1,1,1,1,False,False,False,True
3507605,43081.44762069824,184634.0,344.94,172.01328032756697,66.78076627273417,50.067701506764735,71.55194789781325,180.0,97.49016974121776,2269.354506753902,1,1,1,1,False,False,False,True
3507704,22079.582875960485,5466.0,27.44,150.54884742041713,83.6077570435419,0.0,41.24432330827067,0.0,0.0,841.5660446395902,0,0,0,0,False,False,False,True
3507753,29049.90403071017,2605.0,24.27,62.14971209213052,96.1996161228407,0.0,31.514045584045583,0.0,0.0,101190.01919385797,0,0,0,1,False,False,False,True
3507803,34196.92742767608,26167.0,90.5,205.31203424160202,94.68796575839798,0.0,37.85883337356183,0.0,0.0,489.16574311155273,0,0,0,0,False,False,False,True
3507902,46021.65991073988,24423.0,21.7,185.4440486426729,64.82004667731238,46.665028866232646,64.0506913580247,24.0,98.2680260410269,27212.054211194365,1,1,1,1,False,False,False,True
3508009,33091.32243397504,20674.0,16.92,148.27803037631807,84.095965947567,0.0,45.35437201907791,0.0,0.0,599.7871722937023,0,0,0,0,False,False,False,True
3508108,35663.18122407229,17597.0,52.64,88.7878615673126,87.52628288912882,0.0,33.550018832391714,0.0,0.0,556.9131101892368,0,0,0,0,False,False,False,True
3508207,54978.18754216326,4447.0,16.35,173.30784798740723,102.09129750393524,0.0,52.479581211092245,6.0,134.922419608725,76770.85675736451,0,0,0,1,False,False,False,True
3508306,23585.969738651995,4362.0,17.91,164.8097203117836,87.34525447042641,0.0,67.00024439918535,0.0,0.0,733.6084364970197,0,0,0,0,False,False,False,True
3508405,122982.54698491943,48473.0,180.65,120.24219668681535,82.81723846264931,28.09605347306748,55.10709071949948,30.0,61.89012439915004,10471.809048336187,1,1,1,1,False,False,False,True
3508504,52313.9810188808,99678.0,260.72,119.1948072794398,61.9514837777644,43.61644495274785,56.894561796819865,57.0,57.184132907963644,716.3065069523867,1,1,1,0,False,False,False,True
3508603,20738.624468936643,32482.0,109.6,126.05443014592697,59.55914044701681,31.946924450464874,47.15392894056847,15.0,46.179422449356565,5202.88159596084,1,1,1,1,False,False,False,True
3508702,33267.40414687826,17266.0,36.52,166.15892505502143,84.93571180354454,0.0,41.18737094837935,0.0,0.0,961.427082126723,0,0,0,0,False,False,False,True
3508801,40375.27358769595,16905.0,18.1,165.7734398107069,71.73025732031944,25.93907128068619,42.58721774193548,6.0,35.4924578527063,1194.9127477077789,0,0,0,0,False,False,False,True
3508900,18639.786381842456,3745.0,14.65,66.86248331108145,93.53805073431242,0.0,36.336395939086295,0.0,0.0,427.2363150867824,0,0,0,0,False,False,False,True
3509007,49450.50225429232,98257.0,973.27,131.44508788177941,63.57409650203039,43.424895936167395,57.04314800547852,75.0,76.33043956155795,18032.30304202245,1,1,1,1,False,False,False,True
3509106,17234.55684870188,5585.0,9.92,44.63742166517457,37.188898836168306,0.0,28.40052995391705,0.0,0.0,25031.333930170098,0,0,0,1,False,False,False,True
3509205,233283.28009613507,97363.0,705.47,121.9169499707281,333.35250557193183,58.28086644824009,65.21854982742562,90.0,92.4375789570987,2990.86922136746,1,1,1,1,False,False,False,True
3509254,59993.3691082476,29257.0,62.75,56.90603958027139,79.85781180572171,30.143213589910108,40.17196457326892,9.0,30.761868954438253,24411.252008066447,1,0,0,1,False,False,False,True
3509304,18513.431542461007,9232.0,51.62,157.51733102253033,92.72097053726169,0.0,28.115666666666662,0.0,0.0,1408.1455805892547,0,0,0,0,False,False,False,True
3509403,31455.13482264525,24217.0,36.1,225.84548044761945,68.41062063839452,25.911549737787503,43.29486233016713,6.0,24.77598381302391,809.348804558781,0,0,0,0,False,False,False,True
3509452,24862.103011354287,6077.0,32.27,227.4312983379957,105.3151225933849,0.0,42.72513212795549,0.0,0.0,921.5073226921178,0,0,0,0,False,False,False,True
3509502,61507.86229412544,1185977.0,1433.54,161.64756989385123,260.7693066560313,59.951837177280844,123.01151253180394,2943.0,248.14983764440626,17898.154854605105,1,1,1,1,False,False,False,True
3509601,31770.709112134868,79663.0,977.7,138.61642167631146,58.46754453133826,36.654406688173935,66.69238044206296,51.0,64.01968291427639,469.4776747046935,1,1,1,0,False,False,False,True
3509700,30215.034491382365,47983.0,161.99,162.7930725465269,83.4316320363462,53.27303419961236,112.14319059884096,225.0,468.9160744430319,2338.3281578892525,1,1,1,1,False,False,False,True
3509809,39011.22019635344,4991.0,10.1,102.84512121819274,84.63233820877579,0.0,60.89773745997866,0.0,0.0,2324.183530354638,0,0,0,1,False,False,False,True
3509908,21171.43085915606,12489.0,9.93,83.06509728561134,105.9172071422852,0.0,30.0726517727052,0.0,0.0,35711.426054928335,0,0,0,1,False,False,False,True
3509957,25759.55634779164,5049.0,92.58,170.94474153297682,88.41354723707664,3.8621509209744502,36.5152612704918,3.0,59.41770647653001,1188.3541295306002,0,0,0,0,False,False,False,True
3510005,50323.04785894207,30172.0,49.43,143.2255070926687,65.51769852843697,30.200185602545407,62.63776526634907,18.0,59.65796102346547,1014.1853373989129,1,1,1,0,False,False,False,True
3510104,36295.49305320231,2951.0,40.75,128.66824805150796,90.9861064046086,0.0,53.49061349693251,0.0,0.0,1626.5672653337851,0,0,0,1,False,False,False,True
3510153,25186.84855916616,6524.0,109.35,146.62783568362968,90.74187614960147,0.0,51.95308375634518,0.0,0.0,3372.1643163703247,0,0,0,1,False,False,False,True
3510203,26772.503849967303,47403.0,28.25,127.65858700926101,56.77488766533764,27.458177752462923,81.89751686909581,48.0,101.2594139611417,540.0502077927557,1,1,1,0,False,False,False,True
3510302,16627.28312921134,23597.0,134.59,186.3372462601178,78.70068229012162,0.0,30.731909169800407,0.0,0.0,6551.68029834301,0,0,0,1,False,False,False,True
3510401,58279.94076152617,51318.0,155.07,183.56132351221794,57.07159281343778,42.495810436883744,60.06396607237254,45.0,87.6885303402315,9899.060758408355,1,1,1,1,False,False,False,True
3510500,32124.37980210371,141084.0,278.12,288.2219103512801,78.8275070170962,51.09154829746817,78.32584546306803,279.0,197.7545292166369,3576.5926681976694,1,1,1,1,False,False,False,True
3510609,17202.910189679318,398462.0,11201.99,128.86598973051383,67.82829981278014,40.999894594716686,105.1213324525505,387.0,97.12343962535951,178.18512179329522,1,1,1,0,False,False,False,True
3510708,27945.34853363502,11491.0,17.75,141.1626490296754,98.77295274562701,0.0,35.604526239067056,0.0,0.0,1148.7250892002437,0,0,0,0,False,False,False,True
3510807,40962.34280553047,28786.0,32.5,127.65927881609116,81.15403321058848,13.652469950670465,44.81307595227169,12.0,41.68693114708539,5968.178975891058,1,1,0,1,False,False,False,True
3510906,102665.84938704027,2855.0,14.6,184.86865148861645,73.0998248686515,0.0,31.6054132231405,6.0,210.15761821366024,5394.045534150613,0,0,0,1,False,False,False,True
3511003,67993.29023410716,20418.0,18.75,131.72690763052208,80.10089137035949,0.0,39.31917027417028,0.0,0.0,37104.51562346949,0,0,0,1,False,False,False,True
3511102,43788.48219380392,119172.0,398.46,210.6820394052294,66.84791729600913,46.97663880777364,91.1980878715156,132.0,110.76427348706072,11638.639948981305,1,1,1,1,False,False,False,True
3511201,21520.33779028853,7105.0,47.19,150.5277973258269,104.25052779732583,0.0,48.79332011331445,0.0,0.0,2646.023926812104,0,0,0,1,False,False,False,True
3511300,40509.422492401216,13160.0,63.78,196.60334346504558,104.2629179331307,0.0,38.3734109221128,0.0,0.0,455.9270516717325,0,0,0,0,False,False,False,True
3511409,43346.34897626381,22076.0,41.96,146.05906867186084,68.95723863018662,24.87316542851966,56.42827375352775,9.0,40.76825511868092,13734.372168871172,1,0,0,1,False,False,False,True
3511508,50715.23465391523,46217.0,349.72,231.7458943678733,75.12387216824978,30.61643983815479,49.74004415434825,24.0,51.92894389510354,2773.8710863967804,1,1,1,1,False,False,False,True
3511607,37807.27996732693,19588.0,100.05,161.660200122524,78.1345721870533,28.45619767204411,39.6331655011655,12.0,61.261997141106804,1929.7529099448643,1,1,0,1,False,False,False,True
3511706,32606.848968223825,15798.0,88.34,170.73047221167235,92.29649322699076,0.0,44.04126744186046,0.0,0.0,4494.2397771869855,0,0,0,1,False,False,False,True
3511904,26303.231268519827,7087.0,41.41,114.97107379709327,102.24354451813178,0.0,40.05314475873544,0.0,0.0,446931.00042331027,0,0,0,1,False,False,False,True
3512001,81821.09117928034,18842.0,43.77,105.26483388175353,69.2283197112833,22.78951279057425,75.94437745946797,3.0,15.921876658528818,26483.388175352935,0,0,0,1,False,False,False,True
3512100,55038.9323108686,6781.0,9.1,119.46615543430173,107.29980828786314,0.0,19.603588732394368,6.0,88.48252470137147,191446.68927886742,0,0,0,1,False,False,False,True
3512209,29595.439829165807,29034.0,153.73,158.43838258593374,90.2355858648481,0.8679479231246126,40.76503311258279,6.0,20.665426741062202,2424.7434042846317,0,0,0,1,False,False,False,True
3512308,28151.16052272284,15381.0,32.68,184.87094467199793,96.4501657889604,0.0,36.560569164265125,0.0,0.0,520.12222872375,0,0,0,0,False,False,False,True
3512407,163463.03223239156,25130.0,178.18,259.0569040986868,110.95901313171508,37.32988460007959,42.84145397740928,15.0,59.68961400716275,1599.6816553919618,1,1,1,0,False,False,False,True
3512506,39792.1062204438,5498.0,21.88,68.51582393597671,90.05092761004002,0.0,54.38190054495913,0.0,0.0,5965.805747544562,0,0,0,1,False,False,False,True
3512605,32865.65774155995,4295.0,14.09,128.0325960419092,77.48544819557625,0.0,57.01127358490566,0.0,0.0,1583.2363213038416,0,0,0,0,False,False,False,True
3512704,80519.48658109685,4285.0,15.06,195.9859976662777,105.97432905484247,0.0,42.72663205710578,3.0,70.01166861143524,3173.862310385064,0,0,0,1,False,False,False,True
3512803,34468.988954970264,61204.0,386.47,160.7264231096007,73.32854061826025,24.905234951963923,42.58432604646603,36.0,58.819684987909284,2891.9678452388735,1,1,1,1,False,False,False,True
3512902,56513.046387154325,8968.0,19.74,29.449152542372882,94.22390722569135,0.0,35.97739986422268,0.0,0.0,490.63336306868865,0,0,0,0,False,False,False,True
3513009,56146.133851793005,287004.0,846.97,189.4259313459046,73.35507519058967,51.03343507407562,115.79748752689156,438.0,152.6111134339591,3704.477986369528,1,1,1,1,False,False,False,True
3513108,51183.49293471914,34252.0,106.87,258.03748686208104,66.87492701156137,51.264159757094475,51.75176920992004,15.0,43.79306317879248,1874.343104052318,1,1,1,1,False,False,False,True
3513207,36316.252750707325,9543.0,24.07,98.02996961123337,92.4028083411925,0.0,50.97395756833945,0.0,0.0,3164.6232840825737,0,0,0,1,False,False,False,True
3513306,64661.34335368717,2129.0,14.12,20.573038985439172,102.81822451855331,0.0,28.8074025974026,0.0,0.0,1033.3489901362143,0,0,0,0,False,False,False,True
3513405,41592.57903885614,76513.0,245.21,107.30725497627854,56.85046985479592,31.939670382810764,67.25357623677743,27.0,35.28812097290656,1801.0011370616758,1,1,1,1,False,False,False,True
3513504,190702.90749204915,115082.0,787.21,120.67829895205158,73.8238821014581,45.45889018265237,69.6011324397683,129.0,112.09398515840878,6565.753115170052,1,1,1,1,False,False,False,True
3513603,14533.39864624154,22456.0,15.71,123.40577128607053,78.02369077306733,2.6718916993231208,36.89723679209426,3.0,13.359458496615604,944.0684004275026,0,0,0,0,False,False,False,True
3513702,63796.27245417203,32622.0,42.13,140.8098829011097,77.4201459138005,18.44460793329655,56.676657142857145,42.0,128.74747103181903,8852.921341426032,1,1,1,1,False,False,False,True
3513801,45739.9967336273,404118.0,12795.69,109.00157874680167,67.26104751582459,41.128086351016286,123.06385746138491,498.0,123.23133342241623,8643.515012941765,1,1,1,1,False,False,False,True
3513850,42551.492992078,1641.0,18.38,53.503960999390614,103.59536867763559,0.0,44.5090625,0.0,0.0,731.2614259597806,0,0,0,0,False,False,False,True
3513900,43437.95297861057,11314.0,49.87,104.66678451476048,110.86264804666784,0.0,31.75949036668738,0.0,0.0,1078.3100583348064,0,0,0,0,False,False,False,True
3514007,15508.70730073677,8958.0,58.5,156.9546773833445,88.18932797499441,0.0,50.67483883804218,0.0,0.0,870.7300736771601,0,0,0,0,False,False,False,True
3514106,33606.87990343995,24855.0,38.72,244.4015288674311,71.16877891772279,27.608127137396902,41.11603125,9.0,36.210018105009055,4353.248843291089,1,0,0,1,False,False,False,True
3514205,26198.666666666668,2250.0,28.32,58.13333333333333,105.64444444444445,0.0,38.68738095238095,0.0,0.0,1066.6666666666667,0,0,0,0,False,False,False,True
3514304,98008.67334473493,8186.0,39.33,148.21646713901782,92.29171756657708,13.278768629367212,82.33166993143976,3.0,36.64793549963352,5375.0305399462495,0,0,0,1,False,False,False,True
3514403,30965.58374764272,46664.0,93.24,167.77172981313217,70.52974455683182,33.35119149665695,72.368840019333,30.0,64.28938796502658,6917.5381450368595,1,1,1,1,False,False,False,True
3514502,20163.30114135206,12529.0,46.6,191.43586878442014,103.55175991699258,0.0,39.51390101117615,3.0,23.944448878601644,877.9631255487269,0,0,0,0,False,False,False,True
3514601,35222.96532565079,9719.0,85.04,116.9050313818294,98.49778783825496,0.0,31.38870852475753,0.0,0.0,23829.61210001029,0,0,0,1,False,False,False,True
3514700,24214.77362986497,6295.0,12.04,124.60683081810961,98.41143764892772,0.0,53.377686956521735,0.0,0.0,1810.9610802223988,0,0,0,1,False,False,False,True
3514809,25022.716912323354,13162.0,7.9,81.99361799118675,71.04543382464671,0.0,46.84148491879351,0.0,0.0,729.3724358000304,0,0,0,0,False,False,False,True
3514908,55496.60277302105,18103.0,87.46,124.21145666464122,102.25377009335469,2.1709108987460644,53.19556398416887,9.0,49.71551676517704,4054.57658951555,1,0,0,1,False,False,False,True
3514924,23847.91470680464,3189.0,33.39,115.33396048918156,103.16713703355283,0.0,67.29965034965035,0.0,0.0,1818.7519598620256,0,0,0,1,False,False,False,True
3514957,24309.39226519337,2353.0,27.94,84.4028899277518,90.22524436889078,0.0,60.12816393442623,0.0,0.0,2294.942626434339,0,0,0,1,False,False,False,True
3515004,55200.479710631145,259323.0,3561.05,97.8447727351604,68.10618417957528,37.395834538394205,114.60384621039476,276.0,106.4309760414618,1692.0982712678783,1,1,1,1,False,False,False,True
3515103,21163.06954436451,68805.0,430.29,160.64530194026597,66.6027178257394,35.63985175495967,64.54651456900041,48.0,69.76237192064531,874.9364145047598,1,1,1,0,False,False,False,True
3515129,25857.28282168517,3062.0,13.39,101.43696930111038,82.9523187459177,0.0,67.55230538922156,0.0,0.0,15871.979098628348,0,0,0,1,False,False,False,True
3515152,32824.51958885744,20139.0,177.97,175.2420676299717,67.94776304682456,41.8094244997269,76.3343854669316,9.0,44.68940861015939,1012.9599284969462,1,0,0,0,False,False,False,True
3515186,50781.05257982842,40681.0,102.29,217.7797989233303,60.41395245937907,43.986136034020795,94.36731800461452,27.0,66.37004990044493,1799.3657973009513,1,1,1,1,False,False,False,True
3515194,21762.390324875505,4217.0,21.46,182.07256343372066,104.41071852027508,0.0,36.04277879341865,0.0,0.0,1802.2290728005692,0,0,0,1,False,False,False,True
3515202,78017.29673744173,9655.0,31.78,70.12946659761782,88.62765406525116,0.0,54.71531422271224,0.0,0.0,2982.9104091144486,0,0,0,1,False,False,False,True
3515301,22715.896689705347,2749.0,10.2,95.59839941797017,86.24954528919608,0.0,31.16283618581907,0.0,0.0,1018.552200800291,0,0,0,0,False,False,False,True
3515350,17217.20484359233,7928.0,13.81,150.03784056508576,83.64026236125126,0.0,45.97103816793893,0.0,0.0,1135.2169525731583,0,0,0,0,False,False,False,True
3515400,27891.66274140368,16984.0,38.77,160.10362694300517,84.9917569477155,2.3551577955723033,49.30533673943335,3.0,17.663683466792275,317.9463024022609,0,0,0,0,False,False,False,True
3515509,33686.73416477908,73286.0,129.48,132.7988974701853,70.09933684469067,41.24525830308654,98.83693836384012,66.0,90.0581284283492,3708.7574707311082,1,1,1,1,False,False,False,True
3515608,33892.84536762282,6066.0,34.95,54.56643587207385,88.16353445433565,0.0,35.87568316831683,0.0,0.0,1022.090339597758,0,0,0,0,False,False,False,True
3515657,47930.13617525163,1689.0,16.48,116.87388987566608,89.69804618117229,0.0,47.31250517598343,0.0,0.0,3552.3978685612788,0,0,0,1,False,False,False,True
3515707,25539.391882427728,185622.0,6064.85,122.89707039036321,61.61284761504563,33.11568671816918,73.98111848291715,105.0,56.56657077286098,280.1392076370258,1,1,1,0,False,False,False,True
3515806,28254.691689008043,1492.0,6.62,97.85522788203754,82.77479892761394,0.0,43.556285714285714,0.0,0.0,402.1447721179625,0,0,0,0,False,False,False,True
3515905,29711.90130624093,2756.0,13.38,21.190130624092888,93.65021770682148,0.0,50.456526610644254,0.0,0.0,2975.326560232221,0,0,0,1,False,False,False,True
3516002,20107.88854301116,13171.0,24.72,115.07098929466251,68.87100447953839,0.0,45.64952941176471,0.0,0.0,4251.765241819148,0,0,0,1,False,False,False,True
3516101,43127.414095811386,3987.0,17.05,81.21394532229746,76.2979683972912,0.0,50.793177570093455,0.0,0.0,20516.679207424128,0,0,0,1,False,False,False,True
3516200,30950.114044646216,364331.0,582.05,171.439432823449,78.66143698998987,42.87639536575257,100.64487713452728,432.0,118.57349498121214,2616.30220870582,1,1,1,1,False,False,False,True
3516309,10943.25188332447,171107.0,3370.11,140.63480745965975,69.884925806659,37.94350903235987,79.37555831972841,111.0,64.87168847563221,392.73670860923283,1,1,1,0,False,False,False,True
3516408,28693.40926388314,149786.0,1090.94,132.14853190551855,64.61485052007531,39.55042527339003,86.72317625102065,114.0,76.1085815763823,3165.84994592285,1,1,1,1,False,False,False,True
3516507,33335.11205976521,2811.0,19.92,162.21985058697973,83.74244041266454,0.0,57.02693771626298,0.0,0.0,924.9377445748844,0,0,0,0,False,False,False,True
3516606,26840.55944055944,6435.0,17.93,167.2882672882673,90.11655011655012,0.0,33.257511961722486,0.0,0.0,16534.576534576536,0,0,0,1,False,False,False,True
3516705,40014.565696393365,43115.0,75.76,195.71146932622057,98.13753913951061,37.30952104835904,45.725587343441006,27.0,62.623216977849935,477.79195175692917,1,1,1,0,False,False,False,True
3516804,26531.066460587324,3235.0,18.01,20.587326120556416,93.69397217928902,0.0,56.21676056338028,0.0,0.0,927.3570324574962,0,0,0,0,False,False,False,True
3516853,246859.4955180321,4797.0,19.29,200.8963935793204,140.10840108401084,0.0,47.13541031036296,0.0,0.0,18261.413383364605,0,0,0,1,False,False,False,True
3516903,26327.782562924684,10449.0,20.86,55.593836730787636,96.88965451239353,0.0,31.93291443850268,0.0,0.0,1378.1223083548664,0,0,0,0,False,False,False,True
3517000,20858.32930951231,10355.0,15.12,30.989859971028487,73.62626750362143,0.0,28.5669646799117,0.0,0.0,6528.247223563496,0,0,0,1,False,False,False,True
3517109,30029.714833453152,4173.0,15.17,52.048885693745504,114.92930745267194,0.0,43.11984186046512,0.0,0.0,1198.1787682722263,0,0,0,0,False,False,False,True
3517208,20267.12627628938,11459.0,40.55,81.38581028012915,99.79055764028274,0.0,46.0055548302872,0.0,0.0,750.5017889868226,0,0,0,0,False,False,False,True
3517307,79015.69746699964,5606.0,25.31,37.13877987870139,95.32643596146985,0.0,54.961885714285714,0.0,0.0,12807.70602925437,0,0,0,1,False,False,False,True
3517406,66911.85929150999,40424.0,31.21,217.0245398773006,143.7141302196715,0.0,27.71214781199352,6.0,14.84266772214526,32762.71521868197,0,0,0,1,False,False,False,True
3517505,40169.16113998924,22316.0,66.78,120.7474457788134,101.90894425524287,0.0,33.23373238268944,0.0,0.0,1380.1756587202008,0,0,0,0,False,False,False,True
3517604,25446.91701437181,17256.0,41.81,47.49072786277237,75.33611497450163,0.0,37.3685974025974,0.0,0.0,220.21325915623552,0,0,0,0,False,False,False,True
3517703,32900.74507716871,18790.0,51.37,166.72698243746675,87.75412453432676,0.0,54.448938994837214,6.0,31.931878658861095,1500.7982969664715,0,0,0,0,False,False,False,True
3517802,43624.3654822335,7486.0,13.07,76.35586427998932,92.10526315789474,0.0,60.11098885793872,0.0,0.0,881.6457387122629,0,0,0,0,False,False,False,True
3517901,35614.968696642005,10542.0,16.13,137.6968317207361,106.51678998292545,0.0,19.083672376873665,0.0,0.0,18099.032441661922,0,0,0,1,False,False,False,True
3518008,18529.26463231616,1999.0,22.96,63.731865932966485,96.048024012006,0.0,56.05303571428571,0.0,0.0,17808.904452226114,0,0,0,1,False,False,False,True
3518107,30059.562088501,6531.0,13.92,220.74720563466545,90.20058184045322,0.0,31.54228225806452,0.0,0.0,1990.5068136579391,0,0,0,1,False,False,False,True
3518206,37640.499497991965,31872.0,32.48,156.31902610441767,74.76154618473896,19.46536144578313,52.321420510304215,9.0,28.237951807228917,2610.4417670682733,1,0,0,1,False,False,False,True
3518305,47685.935380441486,32436.0,115.34,240.76951535331114,87.60328030583302,30.51239363669996,54.718690209513774,21.0,64.74287828338883,49907.51017388087,1,1,1,1,False,False,False,True
3518404,64726.661736915616,121710.0,156.84,169.4503327581957,69.06006080026292,41.67940185687289,62.2618159899701,120.0,98.59502095144195,1695.8343603648016,1,1,1,1,False,False,False,True
3518503,20544.996070212208,15268.0,26.44,44.52449567723343,62.63426774954152,0.0,31.44612462006079,0.0,0.0,7152.213780455855,0,0,0,1,False,False,False,True
3518602,29400.761480483827,38609.0,138.73,96.42829392110647,67.593048252998,31.958869693594757,67.9050151194436,12.0,31.080836074490403,9961.407961874174,1,1,0,1,False,False,False,True
3518701,35576.99179246914,294973.0,1986.5,183.54493462113481,72.74123394344568,46.61138477080953,102.99293894726168,522.0,176.9653493709594,5744.93258705034,1,1,1,1,False,False,False,True
3518800,57513.37556230136,1345364.0,4053.57,130.20260687813857,80.24698148605135,49.359206876354655,118.90254089732716,2649.0,196.898385864346,7509.045879033481,1,1,1,1,False,False,False,True
3518859,32881.66711337443,7462.0,17.7,95.04154382203163,100.5762530152774,0.0,42.379759481961145,0.0,0.0,7531.492897346556,0,0,0,1,False,False,False,True
3518909,21886.108512628623,4276.0,16.82,46.81945743685687,112.09073900841908,0.0,47.48854285714286,0.0,0.0,935.4536950420954,0,0,0,0,False,False,False,True
3519006,38266.50182756397,9302.0,25.05,241.49645237583314,89.99139969898947,0.0,32.48168654173765,0.0,0.0,709.5248333691679,0,0,0,0,False,False,False,True
3519055,93831.815850218,15596.0,230.17,202.07104385739933,60.00256476019492,56.39907668632983,58.248202863961815,15.0,96.17850730956656,2539.112592972557,1,1,1,1,False,False,False,True
3519071,74304.56352014102,247331.0,3791.35,218.93171498922496,67.36842530859455,46.56836385248918,83.89977410330285,213.0,86.11941083002131,1441.7925775580093,1,1,1,0,False,False,False,True
3519105,61883.75811153954,10633.0,19.07,141.47465437788017,101.2132041756795,0.0,38.870573715810536,0.0,0.0,24094.799210006582,0,0,0,1,False,False,False,True
3519204,51038.343805381024,6207.0,19.04,181.6658611245368,99.62945062026743,0.0,47.8123347107438,0.0,0.0,644.4337038827131,0,0,0,0,False,False,False,True
3519253,20458.03560615236,8257.0,19.96,52.416131766985586,58.629042024948525,0.0,35.808464106844745,0.0,0.0,16834.201283759234,0,0,0,1,False,False,False,True
3519303,35012.17154938085,33110.0,110.59,129.22983992751435,62.0507399577167,38.604651162790695,77.3455067009363,9.0,27.18212020537602,11090.305043793416,1,0,0,1,False,False,False,True
3519402,26657.114127702363,11934.0,42.99,90.88319088319088,108.2704876822524,0.0,37.19414655172414,0.0,0.0,988.7715770068711,0,0,0,0,False,False,False,True
3519501,37860.08357839344,6461.0,27.98,137.6721869679616,95.14007119640922,0.0,38.29357340720222,0.0,0.0,619.0992106485064,0,0,0,0,False,False,False,True
3519600,31744.249531562964,61908.0,87.08,219.56451508690316,68.1850487820637,39.53608580474252,47.302834903727984,39.0,62.996704787749565,1163.0160883892227,1,1,1,0,False,False,False,True
3519709,30528.7246783686,77651.0,71.45,268.7421926311316,74.39698136533978,35.0362519478178,48.64852571802992,54.0,69.54192476593991,5395.938236468301,1,1,1,1,False,False,False,True
3519808,26262.89371313841,7969.0,21.58,14.493662943907642,76.87288241937507,0.0,25.695569547796225,0.0,0.0,8307.190362655288,0,0,0,1,False,False,False,True
3519907,56125.59762243184,7739.0,12.81,31.205582116552527,93.20325623465564,0.0,33.865094339622644,0.0,0.0,3566.3522418917173,0,0,0,1,False,False,False,True
3520004,16269.099445155784,23430.0,236.39,202.41570635936833,82.29193341869399,0.0,28.53922888344105,0.0,0.0,469.4835680751174,0,0,0,0,False,False,False,True
3520103,48575.48121846384,26755.0,55.97,110.50270977387405,91.72864885068212,5.628854419734629,44.32553315105947,6.0,22.425714819659877,24713.137731265186,0,0,0,1,False,False,False,True
3520202,22025.403521643435,10904.0,36.2,220.6529713866471,131.75898752751283,0.0,46.2842,0.0,0.0,1063.8297872340424,0,0,0,0,False,False,False,True
3520301,53164.88738663364,29881.0,14.71,198.52749238646632,84.26090157625246,3.3064489140256352,40.77695789729861,15.0,50.19912318864831,983.9028144975068,1,1,1,0,False,False,False,True
3520400,384172.91970602,36329.0,100.85,300.14313633736134,73.1234000385367,59.40983787057172,65.89113924050633,162.0,445.9247433180104,2626.0012662060612,1,1,1,1,False,False,False,True
3520426,97711.28627731996,13955.0,68.27,432.7767825152275,139.5198853457542,0.0,31.59527191794077,0.0,0.0,11494.088140451451,0,0,0,1,False,False,False,True
3520442,26908.346036585364,26240.0,39.15,147.85823170731706,66.47865853658537,40.91463414634146,72.26824386503067,21.0,80.03048780487805,716.4634146341464,1,1,1,0,False,False,False,True
3520509,85203.35255194252,267796.0,820.9,185.04010515466996,66.80532942986453,62.178673318496166,119.28707100828564,258.0,96.34199166529747,1377.9145319571614,1,1,1,0,False,False,False,True
3520608,16753.61202080524,5191.0,39.35,158.13908688114043,113.04180312078597,0.0,47.31367688022284,0.0,0.0,308.2257753804662,0,0,0,0,False,False,False,True
3520707,27038.93891457776,4109.0,14.43,0.9491360428328061,89.97322949622779,0.0,66.48783739837398,0.0,0.0,1557.5565831102458,0,0,0,0,False,False,False,True
3520806,37232.63415962953,3671.0,41.49,89.37619177335876,99.18278398256606,0.0,36.707700729927005,0.0,0.0,1961.31844184146,0,0,0,1,False,False,False,True
3520905,35821.35936266418,13933.0,65.43,186.6791071556736,92.62183305820713,0.0,37.53199613650998,0.0,0.0,48331.29979186105,0,0,0,1,False,False,False,True
3521002,25518.934708808127,37999.0,214.1,167.2570330798179,64.9043395878839,23.042711650306586,43.42298165137615,12.0,31.579778415221455,3357.983104818548,1,1,0,1,False,False,False,True
3521101,135435.34790684385,6999.0,35.95,202.25746535219318,99.04272038862695,0.0,35.366932880203905,0.0,0.0,914.4163451921703,0,0,0,0,False,False,False,True
3521150,17657.950831320166,7037.0,49.7,55.378712519539576,112.19269575103027,0.0,52.13836566440349,0.0,0.0,1051.5844820235895,0,0,0,0,False,False,False,True
3521200,15511.85529210462,4091.0,3.51,142.01906624297237,78.00048887802494,0.0,28.67157894736842,0.0,0.0,1955.5120997311171,0,0,0,1,False,False,False,True
3521309,30135.116738139,14691.0,30.99,138.94220951603023,71.09795112654005,5.717786399836634,50.80114807566863,21.0,142.94465999591586,1198.0123885371997,1,1,1,0,False,False,False,True
3521408,94848.45108090038,22435.0,190.82,163.23155783374193,76.01515489190996,25.411187876086473,42.834323421316405,6.0,26.74392689993314,7318.921328281703,0,0,0,1,False,False,False,True
3521507,26810.106536135907,6946.0,26.66,48.085228908724446,91.62107687877915,0.0,67.93641315519014,0.0,0.0,719.8387561186295,0,0,0,0,False,False,False,True
3521606,15338.698390482856,7145.0,33.04,66.21413575927222,71.68649405178446,0.0,44.68507889546351,0.0,0.0,7697.690692792163,0,0,0,1,False,False,False,True
3521705,55653.35743235842,18258.0,16.34,83.82626793734254,86.63599518019498,0.6955854967685399,44.5684505606524,9.0,49.29346040092015,2716.6173732062657,1,0,0,1,False,False,False,True
3521804,35668.99344388739,25930.0,23.04,126.263015811801,87.59737755495566,0.0,30.8800566572238,0.0,0.0,7180.8715773235635,0,0,0,1,False,False,False,True
3521903,53686.56716417911,17420.0,33.84,104.89667049368542,71.38346727898967,26.750861079219288,56.62848135964913,9.0,51.66475315729047,344.4316877152698,1,0,0,0,False,False,False,True
3522000,62738.24959481361,3702.0,15.71,179.3354943273906,97.24473257698541,0.0,28.689139072847684,0.0,0.0,432.1988114532685,0,0,0,0,False,False,False,True
3522109,20175.20330395538,117435.0,186.93,336.26005875590755,82.99314514412228,40.44790735300379,66.33908035511041,147.0,125.1756290714012,1825.6908076808447,1,1,1,1,False,False,False,True
3522158,15285.100286532952,3490.0,18.7,13.696275071633238,77.02005730659026,0.0,46.57492857142857,0.0,0.0,1031.5186246418339,0,0,0,0,False,False,False,True
3522208,29947.897857596017,163928.0,1051.61,100.38309501732468,74.00749109365087,39.28859011273242,74.20683071150238,132.0,80.52315650773511,3410.0336733199943,1,1,1,1,False,False,False,True
3522307,38832.31160013189,163774.0,88.18,133.01806147495938,64.87598764150597,41.534675833770926,63.628368176338896,147.0,89.75783701930709,5577.197845811912,1,1,1,1,False,False,False,True
3522406,41040.16290455353,92324.0,49.13,158.8882630735237,67.93683115982843,32.9795069537715,59.08364269372326,36.0,38.993111217018324,9007.408691131233,1,1,1,1,False,False,False,True
3522505,53136.501545940046,241924.0,2810.34,99.5130702203998,78.05054479919313,41.969378813181,95.69539805515704,228.0,94.24447347100742,1186.322977463997,1,1,1,0,False,False,False,True
3522604,64345.175124122354,73919.0,138.93,168.76986972226356,78.50349707111839,22.273028585343415,39.77096520891844,27.0,36.52646816109525,5741.419662062528,1,1,1,1,False,False,False,True
3522653,11938.706015891034,4405.0,10.59,52.25879682179342,76.64018161180476,0.0,51.02333333333333,0.0,0.0,1543.700340522134,0,0,0,0,False,False,False,True
3522703,40302.98536971135,40464.0,39.62,74.24377224199289,64.34361407671017,35.8565638592329,69.2602778696659,15.0,37.069988137603794,3188.0189798339266,1,1,1,1,False,False,False,True
3522802,21424.54417952314,14260.0,27.73,112.91023842917251,87.27910238429172,0.0,50.58375661375661,0.0,0.0,532.9593267882188,0,0,0,0,False,False,False,True
3522901,71776.95938215104,13984.0,97.55,162.0566361556064,92.89902745995424,3.589816933638444,39.53562571756601,3.0,21.45308924485126,1601.8306636155608,0,0,0,0,False,False,False,True
3523008,26065.76980568012,4014.0,13.19,140.0348779272546,85.62531141006477,0.0,78.60626843657818,0.0,0.0,548.0817140009965,0,0,0,0,False,False,False,True
3523107,24886.52387712047,382521.0,4469.45,112.75067251209738,69.99328141461514,34.1962924911312,110.93151462857142,375.0,98.03383343659564,1253.7873737651005,1,1,1,0,False,False,False,True
3523206,26086.526794184483,45327.0,44.27,118.2716703068811,87.77108566637986,3.9954111236128576,37.29140162795315,6.0,13.237143424449004,1411.9619652745605,0,0,0,0,False,False,False,True
3523305,27850.52658292095,15762.0,56.74,74.31797995178277,69.58507803578226,0.8374571754853445,52.77894849785408,3.0,19.03311762466692,1700.2918411369117,0,0,0,1,False,False,False,True
3523404,65231.82202954044,126403.0,377.29,192.67580674509307,68.91450361146492,51.934685094499336,62.08794243031518,111.0,87.81437149434744,4579.005245128676,1,1,1,1,False,False,False,True
3523503,20417.974983270706,19427.0,19.46,75.79142430637772,95.6709733875534,1.10155968497452,36.353059427732944,9.0,46.32727647089103,7154.990477170948,1,0,0,1,False,False,False,True
3523602,77477.27134424633,16433.0,28.6,35.81817075397067,99.50708939329398,3.316497292034321,34.46856712672522,15.0,91.279741982596,42451.16533803931,1,1,1,1,False,False,False,True
3523701,27612.18222146392,5861.0,35.87,165.91025422282888,101.67206961269407,0.0,58.04950424005219,0.0,0.0,1296.707046579082,0,0,0,0,False,False,False,True
3523800,24161.51035322777,8210.0,57.89,103.26431181485992,101.08404384896468,0.0,67.05380384360504,0.0,0.0,560.2923264311814,0,0,0,0,False,False,False,True
3523909,60384.69646713756,174561.0,262.58,150.80917272472087,69.13686333144288,50.69402672991104,75.68150236882775,294.0,168.42249987110523,27252.36450295312,1,1,1,1,False,False,False,True
3524006,113645.34060092554,74119.0,351.54,238.5150905975526,75.49616157800294,57.283557522362685,67.30440109722645,138.0,186.18707753747353,3426.9215720665416,1,1,1,1,False,False,False,True
3524105,49600.60856674729,38451.0,53.32,178.17221918805754,88.53605888013315,4.561649892070427,47.25603231597845,15.0,39.010688928766484,910.2494083378846,1,1,1,0,False,False,False,True
3524204,24356.904497060223,6293.0,22.75,76.05275703162243,82.56793262354998,0.0,61.31517799352751,0.0,0.0,8231.368186874304,0,0,0,1,False,False,False,True
3524303,49017.69501953258,73467.0,101.64,192.2727210856575,843.6835586045436,31.148678998734127,47.574639642067815,45.0,61.251990689697415,4121.578395742306,1,1,1,1,False,False,False,True
3524402,64330.21026691417,249968.0,517.53,149.48673430199065,64.96191512513602,46.29752608333867,95.84423375500052,306.0,122.41566920565832,8844.332074505537,1,1,1,1,False,False,False,True
3524501,85911.14496064991,7878.0,52.46,60.67529829906068,122.74689007362275,0.0,42.96239272227944,0.0,0.0,685.4531607006854,0,0,0,0,False,False,False,True
3524600,32674.357081333823,16254.0,22.86,89.36261843238587,85.01907222837455,0.0,39.16517308440296,3.0,18.456995201181247,6521.4716377507075,0,0,0,1,False,False,False,True
3524709,226230.99949839,61801.0,419.74,230.98493551884275,68.11054837300367,60.2061455316257,82.60367702869814,60.0,97.085807673015,3543.6319800650476,1,1,1,1,False,False,False,True
3524808,39629.02613111542,50017.0,132.34,128.62226842873423,70.88190015394765,36.85147050002999,76.06377684746997,39.0,77.97348901373533,3870.6839674510666,1,1,1,1,False,False,False,True
3524907,53673.61216730038,6575.0,34.69,142.60076045627378,133.03422053231938,0.0,32.572769151138715,3.0,45.627376425855516,3437.2623574144486,0,0,0,1,False,False,False,True
3525003,40236.41669672427,121988.0,6765.14,126.77394497819458,65.73843328852018,41.09748499852444,81.05060782168741,72.0,59.02219890481031,3970.882381873627,1,1,1,1,False,False,False,True
3525102,33727.916702227536,46868.0,90.23,199.2062814713664,63.10062302637194,33.54740974652215,43.93156065345847,6.0,12.801911752154988,1911.7521549884782,0,0,0,1,False,False,False,True
3525201,75824.03683185349,39531.0,180.85,165.56373479041764,78.77109104247299,49.88490045786851,63.389215666327566,30.0,75.88980799878577,1163.6437226480484,1,1,1,0,False,False,False,True
3525300,40651.56601588955,137323.0,194.29,193.09147047472018,63.66012976704558,43.59502778121655,56.16810157512875,135.0,98.30836786263045,4312.460403574055,1,1,1,1,False,False,False,True
3525409,42489.18511066398,3976.0,27.21,7.21830985915493,82.82193158953723,0.0,71.770221550856,0.0,0.0,1056.338028169014,0,0,0,0,False,False,False,True
3525508,19973.88316151203,13095.0,34.24,136.86903398243604,75.7770141275296,29.522718594883543,52.46373313343328,9.0,68.72852233676976,274.914089347079,1,0,0,0,False,False,False,True
3525607,33365.12567324955,4456.0,10.52,89.42998204667863,89.5197486535009,0.0,32.2844891122278,0.0,0.0,987.4326750448834,0,0,0,0,False,False,False,True
3525706,36497.29258564674,37859.0,42.59,170.43239388256424,82.49293430888297,23.537335904276393,49.87807622940964,12.0,31.696558282046542,3497.1869304524685,1,1,0,1,False,False,False,True
3525805,13659.006499535748,4308.0,33.19,67.29340761374188,80.71030640668523,0.0,48.33635208711434,0.0,0.0,1160.631383472609,0,0,0,0,False,False,False,True
3525854,68523.85526737112,3123.0,53.91,159.39801472942682,110.85494716618636,0.0,45.931692913385824,0.0,0.0,832.5328210054435,0,0,0,0,False,False,False,True
3525904,125286.25739442508,460313.0,1027.87,156.80569525518507,70.23525296917532,62.26936888595369,107.88893049383822,711.0,154.46011735493022,5224.705798011353,1,1,1,1,False,False,False,True
3526001,38695.22942810614,20878.0,35.1,50.56997796723824,65.6959478877287,21.49631190727081,48.23092105263158,3.0,14.369192451384233,11648.625347255484,0,0,0,1,False,False,False,True
3526100,21237.844103158503,17255.0,21.1,197.37467400753405,95.7983193277311,0.0,38.84141807494489,0.0,0.0,2619.530570849029,0,0,0,1,False,False,False,True
3526209,20494.769164851645,28007.0,52.48,278.5732138393973,84.735958867426,24.343914021494626,56.11413718126112,18.0,64.26964687399578,1363.9447281036885,1,1,1,0,False,False,False,True
3526308,14273.832497105364,5182.0,19.9,123.46584330374372,95.05982246236974,0.0,36.7220295202952,0.0,0.0,1042.0686993438826,0,0,0,0,False,False,False,True
3526407,52245.58480506498,27009.0,68.34,199.55940612388463,74.8158021400274,33.114887630049246,55.33345496246872,27.0,99.96667777407531,925.6173867969936,1,1,1,0,False,False,False,True
3526506,18659.400544959128,9909.0,18.02,31.51680290644868,48.50136239782017,0.0,53.388208440999136,0.0,0.0,26279.140175597942,0,0,0,1,False,False,False,True
3526605,18192.822052401745,7328.0,42.92,105.89519650655022,156.12718340611355,0.0,38.31830204422194,0.0,0.0,2237.991266375546,0,0,0,1,False,False,False,True
3526704,40485.87587350468,101316.0,243.65,237.33763670101465,63.49934857278219,38.79643886454262,97.63401248513676,63.0,62.18168897311382,1857.5545817047653,1,1,1,1,False,False,False,True
3526803,71996.90035821332,68395.0,82.15,215.4792016960304,75.91490606038452,37.944294173550695,57.84630378997237,36.0,52.635426566269466,23130.345785510635,1,1,1,1,False,False,False,True
3526902,53406.19762709159,300728.0,502.61,175.08712191748026,68.60950759490304,47.81663164055226,108.9298746050938,312.0,103.74823761006624,5549.865659333351,1,1,1,1,False,False,False,True
3527009,34445.08185252554,7147.0,143.86,182.38421715405065,107.13586120050371,0.0,52.97124381188119,0.0,0.0,3274.1010214075836,0,0,0,1,False,False,False,True
3527108,88152.97996846042,76729.0,131.18,206.44606341800363,69.86015717655646,41.65700061254545,80.4411672544764,45.0,58.64796882534635,15357.94810306403,1,1,1,1,False,False,False,True
3527207,44370.64209682958,87370.0,204.88,152.68856586929152,58.082865972301704,37.9169051161726,48.2810009733939,51.0,58.372439052306284,1252.1460455533936,1,1,1,0,False,False,False,True
3527256,22098.06910569106,1968.0,17.11,38.363821138211385,85.619918699187,0.0,69.97610738255034,0.0,0.0,101.6260162601626,0,0,0,0,False,False,False,True
3527306,363644.1943412615,54111.0,930.19,194.99547226996359,92.77226441943412,26.750568276320895,45.01262202552755,39.0,72.07406996728946,6660.38328620798,1,1,1,1,False,False,False,True
3527405,28680.10013744355,20372.0,63.72,156.0180640094247,75.93756135872766,0.0,61.28354661791591,0.0,0.0,9591.596308658944,0,0,0,1,False,False,False,True
3527504,29129.805704836708,2419.0,12.51,176.51922281934685,96.48615130219099,0.0,33.568413284132845,0.0,0.0,9425.382389417115,0,0,0,1,False,False,False,True
3527603,124220.49317692124,12531.0,20.5,186.3299018434283,98.02090814779348,0.0,32.266059891535015,0.0,0.0,19854.760194717102,0,0,0,1,False,False,False,True
3527702,19745.106293411915,4751.0,28.22,93.8960218901284,98.92654178067775,0.0,45.71927021696253,0.0,0.0,631.4460113660282,0,0,0,0,False,False,False,True
3527801,24480.209111277072,4017.0,25.66,154.1946726412746,98.9544436146378,0.0,69.40014124293786,0.0,0.0,796.6143888473986,0,0,0,0,False,False,False,True
3527900,37485.36494998147,2699.0,5.6,60.68914412745461,88.25490922563912,0.0,51.7715221987315,0.0,0.0,1407.928862541682,0,0,0,0,False,False,False,True
3528007,37604.147196261685,17120.0,74.96,202.77453271028037,91.4894859813084,1.536214953271028,38.56233692569484,6.0,35.046728971962615,7967.289719626168,0,0,0,1,False,False,False,True
3528106,25959.14063529722,7587.0,30.15,52.16818241729274,90.27283511269276,0.0,54.98658285714286,0.0,0.0,632.6611308817714,0,0,0,0,False,False,False,True
3528205,22463.191699604744,4048.0,12.1,70.03458498023716,93.15711462450592,0.0,62.55619909502263,0.0,0.0,494.0711462450593,0,0,0,0,False,False,False,True
3528304,32418.43088418431,3212.0,10.14,55.19925280199253,89.35242839352428,0.0,54.02391150442477,0.0,0.0,7222.91407222914,0,0,0,1,False,False,False,True
3528403,52170.26713124274,51660.0,238.05,208.63530778164923,69.06697638404955,42.073170731707314,44.51599414658447,45.0,87.10801393728222,8222.996515679442,1,1,1,1,False,False,False,True
3528502,23491.94550252056,97399.0,292.65,148.6586104580129,65.32407930266224,42.515836918243515,60.29767734777786,90.0,92.40341276604482,8747.523075185576,1,1,1,1,False,False,False,True
3528601,28924.69282600079,10092.0,43.1,135.58263971462546,91.36940150614348,1.7241379310344827,60.556702786377706,3.0,29.72651605231867,277.44748315497424,0,0,0,0,False,False,False,True
3528700,33933.650313378,4627.0,4.97,145.23449319213313,54.76550680786687,0.0,64.33,0.0,0.0,30041.063323968014,0,0,0,1,False,False,False,True
3528809,40339.77857477,12826.0,23.75,75.61203804771557,100.1637299235927,0.0,53.505436746987954,0.0,0.0,14345.859971932014,0,0,0,1,False,False,False,True
3528858,35287.1462264151,3392.0,29.59,55.925707547169814,95.19457547169812,0.0,41.92329643296433,0.0,0.0,67099.05660377358,0,0,0,1,False,False,False,True
3528908,21611.18960158237,3539.0,18.83,156.34359988697372,89.68635207685787,0.0,61.056982248520704,0.0,0.0,226.05255721955353,0,0,0,0,False,False,False,True
3529005,39557.73698743447,246627.0,203.01,124.82128882887923,64.50226455335385,46.05700105827829,124.91309086209124,351.0,142.32018392146844,1351.839011949219,1,1,1,0,False,False,False,True
3529104,21426.20320855615,1870.0,23.9,150.85561497326202,90.26737967914438,0.0,46.84815573770492,0.0,0.0,1283.4224598930482,0,0,0,0,False,False,False,True
3529203,29841.10043875252,25299.0,19.85,147.72915925530654,63.54006087197122,26.03264951183841,63.06208045254557,21.0,83.00723348748963,6711.727736274161,1,1,1,1,False,False,False,True
3529302,66132.1390651621,80998.0,150.57,190.62816365836193,67.58315020123953,43.694906047062894,40.59087044534413,30.0,37.03795155435937,11634.855181609422,1,1,1,1,False,False,False,True
3529401,48386.54105920164,429380.0,6753.01,109.33834831617682,64.45759001350785,38.53556290465322,115.3751674762194,474.0,110.39172760724766,2208.3003400251528,1,1,1,1,False,False,False,True
3529500,58845.187627571046,6369.0,31.56,184.0163290940493,125.0745799968598,0.0,42.14075657894737,0.0,0.0,3988.0672005024335,0,0,0,1,False,False,False,True
3529609,83849.69129231424,4697.0,20.04,23.653395784543324,102.53353204172876,0.0,39.875885860306646,0.0,0.0,42878.43304236747,0,0,0,1,False,False,False,True
3529658,41053.82293762575,1988.0,13.13,10.613682092555331,100.30181086519114,0.0,35.75942028985507,0.0,0.0,2112.676056338028,0,0,0,1,False,False,False,True
3529708,51698.651742559145,19655.0,23.68,73.65555838209107,85.74917323836173,0.0,35.36886228622862,3.0,15.263291783261257,3703.8921394047316,0,0,0,1,False,False,False,True
3529807,19936.293946603226,11349.0,52.66,194.20213234646224,94.58983170323377,0.0,33.740363329108575,0.0,0.0,254507.00502246895,0,0,0,1,False,False,False,True
3529906,24463.46164141549,18679.0,18.53,148.88377322126453,121.3662401627496,0.0,47.634,3.0,16.06081696022271,3661.866266930778,0,0,0,1,False,False,False,True
3530003,21994.998437011567,3199.0,14.42,42.79462331978743,97.03032197561738,0.0,45.46484848484848,0.0,0.0,437.636761487965,0,0,0,0,False,False,False,True
3530102,25706.99794689773,28737.0,30.49,101.32929672547587,79.40634025820371,0.0,54.340822637106186,0.0,0.0,19250.443678880885,0,0,0,1,False,False,False,True
3530201,37769.4318252536,16069.0,12.85,107.64204368660153,80.7704275312714,0.0,28.427744075829384,0.0,0.0,106640.11450619204,0,0,0,1,False,False,False,True
3530300,40625.08971520195,65485.0,260.4,220.15423379399863,65.84408643200733,51.54615560815454,67.73577424196938,39.0,59.555623425211884,329.84652973963506,1,1,1,0,False,False,False,True
3530409,44706.560469503245,4771.0,28.11,89.72961643261371,93.06225110039824,0.0,36.70457070707071,0.0,0.0,335.3594634248585,0,0,0,0,False,False,False,True
3530508,43905.31417690843,69324.0,79.14,211.4851999307599,57.300501990652585,38.32871732733253,61.54980109051254,21.0,30.292539380301193,3459.119496855346,1,1,1,1,False,False,False,True
3530607,41879.255319148935,468120.0,633.65,117.28616594035718,71.35435358455096,46.90933948560198,112.36297876782096,627.0,133.9400153806716,3774.2459198496113,1,1,1,1,False,False,False,True
3530706,42979.847873039726,159735.0,189.06,138.26650389707953,64.49807493661376,45.650608820859546,82.5431439013248,135.0,84.51497793220021,4979.497292390522,1,1,1,1,False,False,False,True
3530805,66087.08941319321,95534.0,185.97,175.4160822325036,61.19392048904055,43.786505327946074,65.50122088116137,51.0,53.38413549102937,5487.051730274038,1,1,1,1,False,False,False,True
3530904,32638.794233289645,3815.0,27.84,223.04062909567497,80.23591087811272,0.0,40.36359361135759,0.0,0.0,32346.00262123198,0,0,0,1,False,False,False,True
3531001,29816.786079836234,1954.0,18.56,80.0921187308086,98.15762538382805,0.0,67.17825892857142,0.0,0.0,535209.825997953,0,0,0,1,False,False,False,True
3531100,19445.512174708227,64519.0,433.97,368.65884468141167,72.04544397774299,35.064089648010665,78.59678828772543,78.0,120.89462018940158,1010.5550303011516,1,1,1,0,False,False,False,True
3531209,28425.3352868252,8873.0,78.21,171.4865321762651,92.38138171982419,0.0,35.451889055472265,0.0,0.0,247.94319846726023,0,0,0,0,False,False,False,True
3531308,49979.27142124166,48725.0,137.12,115.36993329912775,72.21754746023602,24.449461262185736,47.07656652360515,27.0,55.413032324268855,11164.699846074911,1,1,1,1,False,False,False,True
3531407,33845.474613686536,22650.0,44.96,63.18763796909492,101.9514348785872,0.0,38.879098504837295,0.0,0.0,24512.1412803532,0,0,0,1,False,False,False,True
3531506,34807.057670315306,18363.0,68.89,115.12280128519305,96.22610684528672,0.0,36.667689579923625,0.0,0.0,882.2087894134945,0,0,0,0,False,False,False,True
3531605,29780.981167170423,4301.0,18.08,118.69332713322483,84.18972332015811,0.0,44.71321266968326,0.0,0.0,930.0162752848175,0,0,0,0,False,False,False,True
3531704,19745.54102259215,4205.0,12.44,63.90011890606421,110.1307966706302,0.0,37.021188747731394,0.0,0.0,250749.10820451844,0,0,0,1,False,False,False,True
3531803,64160.78221588207,67296.0,268.79,164.61008083689967,62.84325962910128,42.02330004755112,58.13632313793666,33.0,49.03708987161198,915.359010936757,1,1,1,0,False,False,False,True
3531902,42922.796820839605,28561.0,20.12,132.28878540667344,89.91982073456812,0.0,36.59550761184272,0.0,0.0,13416.897167466124,0,0,0,1,False,False,False,True
3532009,44977.20332362758,14081.0,93.49,143.64746821958667,112.96072722107805,0.7953980541154747,56.918014070994566,6.0,42.610610041900436,5028.051984944251,0,0,0,1,False,False,False,True
3532058,29589.605295415546,4079.0,17.64,105.56508948271635,89.50723216474626,0.0,83.71366153846154,0.0,0.0,15346.898749693552,0,0,0,1,False,False,False,True
3532108,23392.771724687747,3763.0,14.9,103.40154132341218,85.51687483390911,0.0,40.379179104477615,0.0,0.0,850.3853308530428,0,0,0,0,False,False,False,True
3532157,52723.60133382734,2699.0,9.28,22.19340496480178,88.2919599851797,0.0,70.36606770833333,0.0,0.0,518.7106335679881,0,0,0,0,False,False,False,True
3532207,108171.2931618145,5908.0,15.99,131.68584969532836,117.78943805010155,0.0,34.87189090909091,0.0,0.0,5958.023019634394,0,0,0,1,False,False,False,True
3532306,13090.972806279788,7134.0,8.4,46.08915054667788,86.7255396691898,0.0,39.28554970375247,0.0,0.0,1710.1205494813569,0,0,0,1,False,False,False,True
3532405,24993.07196562836,18620.0,55.84,169.00107411385608,104.15682062298603,0.0,47.085496414782135,0.0,0.0,2255.6390977443607,0,0,0,1,False,False,False,True
3532504,27844.773712327387,9921.0,44.28,217.88126196955952,93.42808184658804,0.0,65.63613363792119,0.0,0.0,1612.7406511440379,0,0,0,0,False,False,False,True
3532603,36984.81496379727,9944.0,22.59,51.87047465808528,101.34754625905069,0.0,48.68308804204994,0.0,0.0,1126.3073209975864,0,0,0,0,False,False,False,True
3532702,19730.864197530864,4860.0,34.52,120.92592592592592,99.54732510288066,0.0,42.22109653233365,0.0,0.0,1316.8724279835392,0,0,0,0,False,False,False,True
3532801,47525.955088947216,6858.0,30.77,180.9711286089239,102.37678623505396,0.0,31.78875415282392,0.0,0.0,408.2822980460776,0,0,0,0,False,False,False,True
3532827,25614.52902328815,8631.0,22.05,57.0385818561001,89.09743946240296,0.0,60.47104364326376,0.0,0.0,31931.410033599816,0,0,0,1,False,False,False,True
3532843,22500.0,2058.0,16.32,0.6316812439261419,89.1156462585034,0.0,38.11762931034482,0.0,0.0,971.8172983479105,0,0,0,0,False,False,False,True
3532868,56485.10242085661,1074.0,5.79,92.27188081936686,37.89571694599628,0.0,26.63714285714285,0.0,0.0,1489.7579143389198,0,0,0,0,False,False,False,True
3532900,39904.95824082884,9459.0,58.1,204.3239243048948,107.42150333016176,0.0,31.645909333333336,0.0,0.0,233724.49518976637,0,0,0,1,False,False,False,True
3533007,25998.93536121673,19725.0,36.52,138.55006337135615,101.48542458808619,0.0,36.22595801222429,0.0,0.0,1774.3979721166033,0,0,0,1,False,False,False,True
3533106,16807.586837294333,2188.0,63.12,140.0822669104205,90.40219378427788,0.0,58.69408163265307,0.0,0.0,365.6307129798903,0,0,0,0,False,False,False,True
3533205,44453.59749739312,4795.0,17.39,155.82898852971846,122.1689259645464,0.0,45.41233160621761,0.0,0.0,69739.3117831074,0,0,0,1,False,False,False,True
3533254,17601.253076750952,4469.0,37.46,173.39449541284404,87.1559633027523,0.0,59.140882882882885,0.0,0.0,1253.0767509509958,0,0,0,0,False,False,False,True
3533304,21217.054263565893,2838.0,38.43,22.551092318534177,114.20014094432699,0.0,48.652972972972975,0.0,0.0,1761.8040873854827,0,0,0,1,False,False,False,True
3533403,62597.216167403625,64228.0,840.5,206.90975898362086,85.91891386934047,63.3212928940649,84.31014859021984,63.0,98.088061281684,678.8316622034004,1,1,1,0,False,False,False,True
3533502,40216.93926714848,39435.0,41.13,199.8427792570052,80.4868771395968,23.643971091669837,44.815335029686175,27.0,68.46709775580068,24222.13769494104,1,1,1,1,False,False,False,True
3533601,114979.07284768212,7550.0,21.22,129.53642384105962,103.27152317880795,0.0,34.790770932069506,0.0,0.0,1218.5430463576158,0,0,0,0,False,False,False,True
3533700,32041.251133272894,4412.0,14.39,73.39075249320037,85.24478694469629,0.0,59.51377118644068,0.0,0.0,3082.502266545784,0,0,0,1,False,False,False,True
3533809,50500.7874015748,2540.0,12.63,172.79527559055117,99.68503937007874,0.0,45.138765432098765,0.0,0.0,393.7007874015748,0,0,0,0,False,False,False,True
3533908,44992.94545069752,56701.0,68.62,149.65697254016683,72.2544575933405,49.475317895627946,88.03448040109389,75.0,132.27279942152697,22553.394120033157,1,1,1,1,False,False,False,True
3534005,41864.00651465798,4912.0,19.64,158.87622149837134,93.93322475570032,0.0,62.4092766726944,0.0,0.0,44177.52442996742,0,0,0,1,False,False,False,True
3534104,20997.24919093851,6180.0,27.83,174.36893203883494,90.77669902912622,0.0,29.90128421052632,0.0,0.0,2200.6472491909385,0,0,0,1,False,False,False,True
3534203,104286.57445077298,6145.0,24.35,67.46948738812043,114.25549227013832,0.0,37.862334558823534,0.0,0.0,268250.6102522376,0,0,0,1,False,False,False,True
3534302,65812.92577756233,39193.0,131.34,185.9974995534917,97.6092669609369,3.5312428239736686,29.105556064672385,6.0,15.308856173296252,4296.685632638481,0,0,0,1,False,False,False,True
3534401,113760.52906921443,756952.0,11217.4,119.91975713123158,87.48903497183441,51.57922827339118,117.29749032589568,1311.0,173.19460150709688,1805.3984929031167,1,1,1,1,False,False,False,True
3534500,45080.67092651757,2504.0,11.12,85.6629392971246,88.9776357827476,0.0,38.88193548387096,0.0,0.0,1198.0830670926518,0,0,0,0,False,False,False,True
3534609,33879.248574721954,32099.0,126.08,158.09838312720024,68.0768871304402,24.315399233620987,67.43489344262295,12.0,37.384342191345524,1887.909280662949,1,1,0,1,False,False,False,True
3534708,37066.6373494765,106877.0,351.47,235.43606201521376,68.41509398654529,41.63009815021005,72.2527523523011,78.0,72.98109041234316,5591.47431159183,1,1,1,1,False,False,False,True
3534757,51787.466968667424,10596.0,35.66,35.371838429596075,101.28350320875802,0.0,46.398737704918034,0.0,0.0,80879.57719894299,0,0,0,1,False,False,False,True
3534807,17084.672826224527,7901.0,29.16,108.36602961650424,82.19212757878749,0.0,52.55933471933472,0.0,0.0,253.13251487153525,0,0,0,0,False,False,False,True
3534906,14306.03929815338,15217.0,43.84,85.27962147598082,60.406124728921604,0.0,46.43337053571429,0.0,0.0,13195.767891174344,0,0,0,1,False,False,False,True
3535002,35967.148601249035,11689.0,16.45,56.00992386003935,100.18821113867739,0.0,27.845472779369626,0.0,0.0,29651.80939344683,0,0,0,1,False,False,False,True
3535101,14050.777629004016,9709.0,117.5,76.8565248738284,95.05613348439591,0.0,37.05624600638978,0.0,0.0,33371.09898032753,0,0,0,1,False,False,False,True
3535200,23910.38470091172,8994.0,27.93,109.85101178563487,92.61730042250389,0.0,44.58720394736842,0.0,0.0,1089.615299088281,0,0,0,0,False,False,False,True
3535309,45562.149036272574,19767.0,35.73,92.45206657560581,76.17240855972075,28.011332018009814,46.51990238611714,12.0,60.70723933829109,5767.187737137654,1,1,0,1,False,False,False,True
3535408,20890.36413829368,15214.0,42.03,114.23031418430394,95.87879584593138,0.0,33.74782075833014,0.0,0.0,657.2893387669252,0,0,0,0,False,False,False,True
3535507,42810.08387388029,42087.0,41.06,56.65407370446931,64.19084277805499,29.96412193789056,55.38551883439944,18.0,42.768550858935065,27215.054529902343,1,1,1,1,False,False,False,True
3535606,19632.200557103064,17950.0,21.82,196.27855153203342,71.57660167130919,22.350974930362117,41.28430545275105,6.0,33.42618384401114,5114.206128133705,0,0,0,1,False,False,False,True
3535705,44326.67847367574,6211.0,39.3,38.6894219932378,93.51151183384319,0.0,40.26528767123288,0.0,0.0,55417.80711640637,0,0,0,1,False,False,False,True
3535804,47737.00691954139,19799.0,19.04,161.16470528814585,104.21233395626042,0.0,31.49928394039735,0.0,0.0,4949.74493661296,0,0,0,1,False,False,False,True
3535903,32368.03697397227,4111.0,28.72,7.029919727560205,118.53563609827293,0.0,51.545656108597285,0.0,0.0,875.6993432254926,0,0,0,0,False,False,False,True
3536000,69138.40991704726,10729.0,28.85,154.42259297231803,88.60098797651226,0.0,39.70854060913706,0.0,0.0,1882.7476931680492,0,0,0,1,False,False,False,True
3536109,49887.6998103495,7382.0,34.08,321.44405310214034,105.86561907342184,0.0,39.65300548754749,0.0,0.0,4307.775670549987,0,0,0,1,False,False,False,True
3536208,29935.83980384144,19576.0,53.51,104.93972210870453,97.25173682059665,0.0,46.16344689378758,0.0,0.0,1501.838986514099,0,0,0,0,False,False,False,True
3536257,17867.377540819725,3001.0,34.13,72.60913028990336,100.46651116294568,0.0,46.91455938697318,0.0,0.0,1132.95568143952,0,0,0,0,False,False,False,True
3536307,91717.26090179956,14837.0,24.07,189.303767608007,76.42380535148615,7.953090247354586,53.777391720507296,3.0,20.219720967850645,3383.433308620341,0,0,0,1,False,False,False,True
3536406,24407.926829268294,8200.0,21.26,99.51219512195122,107.04878048780488,0.0,33.430297619047614,0.0,0.0,67926.82926829268,0,0,0,1,False,False,False,True
3536505,452843.2621661336,115690.0,796.51,210.61889532370992,77.90301668251361,67.36277984268303,83.96849116363698,141.0,121.87743106577923,7729.276514824099,1,1,1,1,False,False,False,True
3536570,22664.026095060577,2146.0,8.16,164.6318732525629,87.55824790307548,0.0,40.81041237113402,0.0,0.0,2143.5228331780054,0,0,0,1,False,False,False,True
3536604,36295.42395693136,7430.0,10.03,22.866756393001346,93.80888290713324,0.0,26.08821955719557,0.0,0.0,6890.982503364738,0,0,0,1,False,False,False,True
3536703,66336.26116868226,46223.0,61.62,220.93979187850204,72.03556670921402,24.88804274928066,51.74181929932391,24.0,51.92220323215715,2834.0869264219114,1,1,1,1,False,False,False,True
3536802,17576.064304852636,6718.0,41.35,80.96159571300983,93.86722238761536,0.0,55.90221698113208,0.0,0.0,2738.910389997023,0,0,0,1,False,False,False,True
3536901,28050.210674157304,2848.0,10.72,23.98174157303371,81.81179775280899,0.0,34.86459459459459,0.0,0.0,632.0224719101124,0,0,0,0,False,False,False,True
3537008,109983.7377715665,15742.0,21.79,42.15474526743743,98.26578579595986,0.0,35.370125,0.0,0.0,3684.411129462584,0,0,0,1,False,False,False,True
3537107,33880.89867364432,44332.0,396.19,216.92005774609763,71.298384913832,32.881440043309574,55.68142522817693,36.0,81.20544978796354,902.2827754218172,1,1,1,0,False,False,False,True
3537156,62245.24312896406,2838.0,18.41,55.461592670894994,109.72515856236787,0.0,43.27735294117647,3.0,105.70824524312897,4862.579281183932,0,0,0,1,False,False,False,True
3537206,15478.724326198111,11539.0,16.83,62.72640610104862,65.53427506716353,1.8719126440766098,48.6576084538376,3.0,25.998786723286248,1126.614091342404,0,0,0,0,False,False,False,True
3537305,32889.39779206216,63317.0,86.71,142.6631078541308,79.95956852030261,21.698753889160887,43.60984278779976,21.0,33.166448189269865,1500.3869418955414,1,1,1,0,False,False,False,True
3537404,44589.1590471114,24389.0,24.73,126.25773914469637,67.31313296978146,30.530157038008937,52.04069245822671,15.0,61.503136659969655,2648.73508548936,1,1,1,1,False,False,False,True
3537503,35451.443862192,8969.0,39.16,176.0173932433939,90.70130449325454,0.0,55.68833333333333,0.0,0.0,557.4757498048834,0,0,0,0,False,False,False,True
3537602,27873.027798647632,70543.0,209.53,279.9895099442893,84.89573735168621,46.19168450448662,102.51732725549488,102.0,144.5926597961527,819.3584055115319,1,1,1,0,False,False,False,True
3537701,21167.526231549,5623.0,23.74,121.74995553974746,87.37328828027744,0.0,41.693273381294965,0.0,0.0,462.3866263560377,0,0,0,0,False,False,False,True
3537800,29446.374246363182,54237.0,70.92,170.0057156553644,64.31218540848498,36.23172373103232,60.641608690192136,39.0,71.90663200398252,1618.8210999870937,1,1,1,1,False,False,False,True
3537909,44909.03332512229,28417.0,40.54,76.0319527043671,70.05313720660168,32.90635886969068,52.38885766092476,9.0,31.671182742724426,320.2308477319914,1,0,0,0,False,False,False,True
3538006,79885.70398832741,172027.0,226.19,99.02631563649892,66.22913844919692,38.93807367448133,51.98561652809272,174.0,101.14691298458963,16310.230370813884,1,1,1,1,False,False,False,True
3538105,33883.63562257999,14721.0,78.68,140.16710821275728,83.7578968820053,0.0,54.574945378151256,0.0,0.0,1739.0122953603695,0,0,0,1,False,False,False,True
3538204,20163.473245754565,15605.0,98.52,206.00448574174945,125.17141941685357,0.0,52.384041008116185,6.0,38.44921499519385,948.4139698814482,0,0,0,0,False,False,False,True
3538303,20355.885922330097,3296.0,6.76,111.46844660194175,95.11529126213593,0.0,74.42804761904762,0.0,0.0,4186.8932038834955,0,0,0,1,False,False,False,True
3538501,15740.175019888624,12570.0,70.97,136.11774065234687,71.84566428003183,4.303898170246619,54.3960554592721,3.0,23.86634844868735,1384.2482100238662,0,0,0,0,False,False,False,True
3538600,24723.35973696009,26764.0,67.51,246.71573755791363,94.19742938275296,30.31684352114781,63.14829920893439,18.0,67.254520998356,717.3815573157973,1,1,1,0,False,False,False,True
3538709,78745.6651482247,438827.0,307.19,167.3272155086173,77.95121995683948,51.304956167236746,96.10211962848176,489.0,111.43343504387833,9250.11450981822,1,1,1,1,False,False,False,True
3538808,30607.1511186015,30261.0,58.34,199.66293248735997,96.93334655166716,0.0,30.21597765363128,0.0,0.0,12312.877961732924,0,0,0,1,False,False,False,True
3538907,23746.11968517786,22743.0,27.23,185.3757200017588,61.007782614430816,22.477245745943808,31.43372607879925,12.0,52.76348766653476,11757.463835026161,1,1,0,1,False,False,False,True
3539004,32935.89743589744,11076.0,50.44,162.90176959191044,94.31202600216685,0.0,41.187526462395546,0.0,0.0,1444.564824846515,0,0,0,0,False,False,False,True
3539103,43887.874283287325,18836.0,169.33,68.19388405181567,112.26375026544915,1.4812062008919091,44.16409924487595,3.0,15.926948396687195,1783.8182204289658,0,0,0,1,False,False,False,True
3539202,35594.89737195473,26065.0,53.07,174.17609821599848,67.40840207174372,28.28697487051602,55.35420164430983,12.0,46.038749280644545,1120.2762324956839,1,1,0,0,False,False,False,True
3539301,43886.47896654521,75475.0,101.15,234.09870818151705,65.68797615104339,43.64756541901292,92.18679115300944,66.0,87.44617422987744,7133.487909903942,1,1,1,1,False,False,False,True
3539400,17903.240324032402,15554.0,37.54,201.87090137585187,70.23916677382024,32.28108525138228,50.59545749864645,9.0,57.862929150057866,32197.505464832197,1,0,0,1,False,False,False,True
3539509,40375.43584379359,34416.0,78.2,145.70548582054857,80.63981868898188,14.618200836820083,62.18749176335768,18.0,52.30125523012552,24907.019990702,1,1,1,1,False,False,False,True
3539608,43502.91872474181,4454.0,15.14,160.55231252806465,104.4005388414908,0.0,36.95798792756539,0.0,0.0,4310.7319263583295,0,0,0,1,False,False,False,True
3539707,39209.08199934662,3061.0,9.24,121.3655668082326,77.5890231950343,0.0,41.9270297029703,0.0,0.0,3593.59686377001,0,0,0,1,False,False,False,True
3539806,35415.8750739916,106431.0,6010.48,158.98375473311347,75.89612049121027,40.932623013971494,99.2650464896914,108.0,101.47419454858077,546.8331595117963,1,1,1,0,False,False,False,True
3539905,27110.779494382023,5696.0,41.39,30.214185393258425,1853.1074438202247,0.0,34.65095528455284,0.0,0.0,2387.6404494382023,0,0,0,1,False,False,False,True
3540002,95157.03003120126,20512.0,25.74,413.3629095163807,70.90971138845553,39.84496879875195,39.86614178595774,18.0,87.75351014040561,10988.689547581904,1,1,1,1,False,False,False,True
3540101,27417.659018298,3443.0,18.51,68.16729596282312,88.6726691838513,0.0,46.79598302687412,0.0,0.0,1626.4885274469939,0,0,0,1,False,False,False,True
3540200,38119.267250364814,38376.0,105.53,103.24421513445904,79.67479674796748,15.251719824890557,38.79066783831283,6.0,15.634771732332707,22680.842193037315,0,0,0,1,False,False,False,True
3540259,23362.72640610105,4196.0,19.7,105.60057197330791,87.65490943755958,0.0,61.88180904522613,0.0,0.0,1429.9332697807436,0,0,0,0,False,False,False,True
3540309,52448.44720496894,2415.0,10.97,59.62732919254658,120.24844720496894,0.0,27.382341197822143,0.0,0.0,127204.96894409938,0,0,0,1,False,False,False,True
3540408,28019.11589008363,4185.0,13.06,3.225806451612903,84.75507765830346,2.771804062126643,25.954894651539707,9.0,215.05376344086022,1362.0071684587813,1,0,0,0,False,False,False,True
3540507,21696.27773136545,10773.0,39.34,238.39227698876823,104.23280423280423,0.0,34.07595170003178,0.0,0.0,2599.090318388564,0,0,0,1,False,False,False,True
3540606,64352.83229068472,58345.0,101.48,111.78164367126574,66.41700231382295,46.41700231382295,74.96904835924008,90.0,154.2548633130517,17033.164795612305,1,1,1,1,False,False,False,True
3540705,46271.28290693363,53940.0,214.98,175.83055246570262,59.239896180941784,39.57916203188728,66.46840748482134,33.0,61.17908787541713,8783.83388950686,1,1,1,1,False,False,False,True
3540754,14853.324986757836,20767.0,456.78,125.71387297154139,58.915587229739494,5.215004574565416,52.686211750306,3.0,14.445996051427747,5017.575961862571,0,0,0,1,False,False,False,True
3540804,32650.78445824997,18994.0,54.0,137.8645888175213,96.8621670001053,0.0,51.77592486469277,0.0,0.0,11014.004422449194,0,0,0,1,False,False,False,True
3540853,15763.370527125817,2599.0,40.89,54.059253559061176,55.75221238938053,0.0,88.69192307692308,0.0,0.0,18160.83108888034,0,0,0,1,False,False,False,True
3540903,63350.04910740077,17309.0,102.03,88.80351262349068,103.0504361892657,0.0,37.38361083581104,6.0,34.66404760529205,304257.9005141834,0,0,0,1,False,False,False,True
3541000,23874.125013335084,365577.0,2338.32,230.38949386859676,78.20978890903969,51.82300855907237,105.5104172466814,411.0,112.42501579694564,1341.9881447684072,1,1,1,0,False,False,False,True
3541059,24088.25772016775,5246.0,29.27,160.8463591307663,104.19367136866184,0.0,38.09490107913669,0.0,0.0,800.6099885627144,0,0,0,0,False,False,False,True
3541109,20133.55896901849,3841.0,13.27,162.48372819578236,98.43790679510545,0.0,36.618182857142855,0.0,0.0,4113.512106222338,0,0,0,1,False,False,False,True
3541208,22469.13078797725,14772.0,19.34,128.32385594367722,80.90982940698619,0.0,59.9823151837096,0.0,0.0,11535.337124289195,0,0,0,1,False,False,False,True
3541307,32823.762474308496,40383.0,31.35,208.68682366342273,80.64036847188173,28.596191466706287,57.53629040805511,15.0,37.144342916573805,693.3610677760444,1,1,1,0,False,False,False,True
3541406,39482.52970100349,234083.0,402.52,235.09268080125426,190.48072692164746,46.65011982929132,103.44900290256614,300.0,128.15966986069043,6105.5266721632925,1,1,1,1,False,False,False,True
3541505,22927.134978552727,35902.0,46.61,160.44231519135425,72.96250905242047,18.19954320093588,57.093915282392025,15.0,41.780402206005235,9899.169962676175,1,1,1,1,False,False,False,True
3541604,58774.83259703815,35991.0,45.09,233.2194159651024,90.67544663943764,2.3644800088911118,49.96434721869444,3.0,8.335417187630242,17220.97190964408,0,0,0,1,False,False,False,True
3541653,41625.28801843318,3472.0,16.56,127.41935483870968,142.82834101382488,0.0,50.73515883977901,0.0,0.0,1612.9032258064517,0,0,0,0,False,False,False,True
3541703,61285.095902679306,13399.0,20.21,64.94514516008657,93.48458840211956,0.0,36.77468948035488,0.0,0.0,11165.012314351818,0,0,0,1,False,False,False,True
3541802,204336.9143539242,3351.0,13.9,167.08445240226797,112.80214861235451,0.0,19.098068669527898,0.0,0.0,3879.438973440764,0,0,0,1,False,False,False,True
3541901,42480.10059042205,9146.0,36.72,68.48895692105839,126.55805816750492,0.0,31.402685086787105,0.0,0.0,2011.8084408484583,0,0,0,1,False,False,False,True
3542008,38240.0,7225.0,22.07,92.41522491349481,91.83391003460207,0.0,40.11261613691932,0.0,0.0,27294.117647058825,0,0,0,1,False,False,False,True
3542107,48492.609219314574,9133.0,73.7,137.30428117814517,96.06919960582503,37.01959925544728,58.68126898579128,6.0,65.695828314902,25687.068871126685,0,0,0,1,False,False,False,True
3542206,47153.59153728033,29305.0,18.01,137.0209861798328,64.69203207643747,29.575157822897115,52.64984344422701,9.0,30.711482682136154,1153.3867940624466,1,0,0,0,False,False,False,True
3542305,14492.517891997397,4611.0,14.52,147.234873129473,91.3684667100412,0.0,54.44813810110974,0.0,0.0,4641.075688570809,0,0,0,1,False,False,False,True
3542404,47834.91368830537,20565.0,76.52,237.79236566982738,74.59761731096523,33.7223437879893,56.1742072147651,9.0,43.7636761487965,583.5156819839533,1,0,0,0,False,False,False,True
3542503,23677.638319672133,7808.0,18.67,72.09272540983606,71.69569672131148,0.0,25.564598540145983,0.0,0.0,17110.655737704918,0,0,0,1,False,False,False,True
3542602,38187.79563273505,61732.0,83.01,251.15823235923023,75.17332987753515,30.85757791744962,55.91840351100369,42.0,68.03602669604095,5663.1892697466465,1,1,1,1,False,False,False,True
3542701,32617.375231053604,6492.0,26.06,124.63031423290204,105.65311152187307,0.0,41.37713766469786,0.0,0.0,2741.8361059765866,0,0,0,1,False,False,False,True
3542800,19608.65445356917,3166.0,9.33,18.414403032217308,51.358180669614654,0.0,58.609009287925694,0.0,0.0,631.7119393556538,0,0,0,0,False,False,False,True
3542909,33556.99972921744,11079.0,23.3,179.8447513313476,86.09080241899089,0.0,34.526157205240175,0.0,0.0,2689.773445256792,0,0,0,1,False,False,False,True
3543006,31457.95034337031,18930.0,26.71,1.1516111991547808,78.57369255150554,0.0,54.86223277909739,0.0,0.0,1088.2197569994717,0,0,0,0,False,False,False,True
3543105,67798.13004674883,4706.0,31.07,152.61368465788354,91.16022099447514,0.0,50.35793139293139,6.0,127.49681257968551,1912.4521886952825,0,0,0,1,False,False,False,True
3543204,47055.99832214765,4768.0,23.02,97.6510067114094,88.38087248322148,0.0,70.91018774703558,0.0,0.0,36451.342281879195,0,0,0,1,False,False,False,True
3543238,22983.374083129584,2045.0,10.31,148.36185819070906,94.22982885085574,0.0,29.442447916666666,0.0,0.0,2053.789731051345,0,0,0,1,False,False,False,True
3543253,15454.689564068693,7570.0,22.35,136.7899603698811,93.61955085865257,0.0,36.21141141141141,0.0,0.0,11360.634081902246,0,0,0,1,False,False,False,True
3543303,32731.33575039747,118877.0,1167.59,177.7593647215189,62.53690789639712,36.12389276310809,80.93346657217104,105.0,88.32658966831262,1199.5592082572743,1,1,1,0,False,False,False,True
3543402,54853.522789676,728400.0,1073.32,181.59266886326193,461.8953871499176,60.23833058758924,126.29826150286556,990.0,135.91433278418452,3867.655134541461,1,1,1,1,False,False,False,True
3543501,16432.796174960156,5647.0,14.51,117.01788560297503,72.78200814591818,0.0,49.81875592417062,0.0,0.0,4143.793164512131,0,0,0,1,False,False,False,True
3543600,45973.54497354497,4158.0,24.92,135.44973544973544,137.27753727753728,0.0,38.16059618930547,0.0,0.0,1491.101491101491,0,0,0,0,False,False,False,True
3543709,24717.65992345544,9145.0,28.73,124.71295790049207,88.21213778020777,0.0,47.7993023255814,0.0,0.0,590.486604702023,0,0,0,0,False,False,False,True
3543808,37301.058031420325,9357.0,25.83,139.38228064550603,85.9890990702148,0.0,45.61633295194508,0.0,0.0,940.4723736240248,0,0,0,0,False,False,False,True
3543907,63418.20480041368,208857.0,404.11,139.33217464581028,60.16987699717989,48.007009580717906,117.33445139653618,207.0,99.11087490483919,1631.7384622014106,1,1,1,1,False,False,False,True
3544004,55402.76443425171,32267.0,138.22,137.88080701645643,61.976632472805036,24.00904949329036,47.65773428232503,18.0,55.78454768029256,799.57851675086,1,1,1,0,False,False,False,True
3544103,21200.145640708783,45317.0,1215.43,123.28044663150693,63.351501643974665,18.019727696008122,53.80413008778931,21.0,46.34022552243088,194.18761171304368,1,1,1,0,False,False,False,True
3544202,25730.69932076916,10453.0,16.31,10.064096431646417,77.594948818521,0.0,35.45527833001988,0.0,0.0,13565.483593226825,0,0,0,1,False,False,False,True
3544251,110749.55797638738,17533.0,23.44,57.56573318884389,81.79433069069754,0.0,24.12740301232314,0.0,0.0,3444.932413163748,0,0,0,1,False,False,False,True
3544301,33779.72059486255,11095.0,83.42,152.72645335736817,86.14691302388464,4.596665164488508,49.28028781038375,36.0,324.47048219918884,991.4375844975214,1,1,1,0,False,False,False,True
3544400,28803.356439255745,2741.0,11.42,75.51988325428675,69.28128420284568,0.0,48.38480446927374,3.0,109.44910616563298,3867.201751185699,0,0,0,1,False,False,False,True
3544509,25941.23581336696,3965.0,15.78,146.7843631778058,125.47288776796974,0.0,43.79342774146696,0.0,0.0,807.0617906683481,0,0,0,0,False,False,False,True
3544608,33843.008678881386,5185.0,16.75,41.85149469623915,92.18900675024108,0.0,59.02975240715268,0.0,0.0,385.7280617164899,0,0,0,0,False,False,False,True
3544707,21742.35807860262,2519.0,16.72,81.540293767368,90.5518062723303,0.0,68.3347001934236,0.0,0.0,1111.55220325526,0,0,0,0,False,False,False,True
3544806,25632.183908045976,6612.0,20.86,198.24561403508773,96.68784029038113,0.0,54.45281249999999,0.0,0.0,1240.1693889897156,0,0,0,0,False,False,False,True
3544905,35802.04221726446,11654.0,37.32,155.27715805731938,93.20405011154968,0.0,43.31877766765775,0.0,0.0,2454.0930152737255,0,0,0,1,False,False,False,True
3545001,16351.779683034554,15396.0,35.77,161.56144453104702,73.04494673941284,31.59262146011951,44.20796234028245,9.0,58.456742010911924,727.4616783580151,1,0,0,0,False,False,False,True
3545100,19843.334015973785,4883.0,27.8,91.09154208478394,100.88060618472251,0.0,67.40709401709402,0.0,0.0,450.54269916035224,0,0,0,0,False,False,False,True
3545159,45140.4850077649,8371.0,81.82,228.5509497073229,117.07083980408554,0.0,51.36271670702179,0.0,0.0,453.9481543423725,0,0,0,0,False,False,False,True
3545209,66394.19803746654,140125.0,1009.48,165.42943800178412,61.540767172167705,50.290811775200716,66.29450478273925,102.0,72.7921498661909,8515.254237288136,1,1,1,1,False,False,False,True
3545308,49215.22885373743,45138.0,156.01,216.31884443262882,75.3467145199167,37.48283043112234,57.68148301329395,18.0,39.87770836102619,36151.358057512516,1,1,1,1,False,False,False,True
3545407,29737.62483716891,9212.0,48.03,160.08467216673904,95.4190186712983,0.0,51.796440568475454,0.0,0.0,781.5892314372558,0,0,0,0,False,False,False,True
3545506,86188.15896188159,3699.0,8.0,115.0581238172479,104.37956204379562,0.0,25.28230563002681,0.0,0.0,25304.13625304136,0,0,0,1,False,False,False,True
3545605,26934.168837569527,14203.0,42.44,125.96634513835106,83.60909666971766,30.958248257410407,59.15622757560226,6.0,42.244596212067876,49482.50369640217,0,0,0,1,False,False,False,True
3545704,32827.6020174232,6543.0,23.44,5.318661164603393,90.17270365275867,0.0,55.80408060453401,0.0,0.0,43619.1349533853,0,0,0,1,False,False,False,True
3545803,41330.88445003116,189338.0,676.48,147.7357952444834,62.99739090937899,45.98284549324489,87.78475598885794,186.0,98.23701528483453,1304.54531050291,1,1,1,0,False,False,False,True
3546009,22010.90627638615,14212.0,51.33,213.98817900365887,87.30650154798762,0.0,31.833775692582662,0.0,0.0,2265.6909653813677,0,0,0,1,False,False,False,True
3546108,36153.53007097497,2677.0,14.16,135.74897273066867,88.08367575644378,0.0,33.41607508532423,0.0,0.0,3063.1303698169595,0,0,0,1,False,False,False,True
3546207,37033.44788087056,4365.0,28.49,210.03436426116838,139.83963344788086,0.0,69.42554028732042,0.0,0.0,10813.287514318443,0,0,0,1,False,False,False,True
3546256,29351.06382978724,2162.0,14.29,211.97964847363554,103.51526364477336,0.0,48.8174126778784,6.0,277.5208140610546,462.53469010175763,0,0,0,0,False,False,False,True
3546306,22217.57832345469,29525.0,97.73,128.12531752751906,84.66723116003386,7.281964436917867,34.91942456768038,3.0,10.160880609652837,1720.575783234547,0,0,0,1,False,False,False,True
3546405,58453.88761876796,47677.0,41.66,198.003230069006,68.89275751410533,38.65176080709776,52.736212389380526,30.0,62.92342219518846,1996.7699309939803,1,1,1,1,False,False,False,True
3546504,16683.66368286445,6256.0,45.51,31.809462915601024,99.8081841432225,0.0,55.35604726100967,0.0,0.0,195556.26598465472,0,0,0,1,False,False,False,True
3546603,37256.38539531276,36098.0,168.46,92.3790791733614,74.52767466341625,41.36517258573882,68.3769135577798,21.0,58.17496814227935,742.4234029586127,1,1,1,0,False,False,False,True
3546702,161605.25988302153,24107.0,240.22,254.10876508897832,63.62467333139752,37.19251669639524,37.14944224277117,9.0,37.33355456921226,141.0378728170241,1,0,0,0,False,False,False,True
3546801,30387.516945737003,54586.0,146.35,78.70882643901366,71.27468581687612,38.94588355988715,55.045132846715326,39.0,71.44689114424943,1337.3392444949254,1,1,1,0,False,False,False,True
3546900,18260.40941373068,7181.0,46.46,142.29215986631388,84.82105556329202,0.0,75.53611587982833,0.0,0.0,1141.9022420275728,0,0,0,0,False,False,False,True
3547007,28796.38690252164,5314.0,20.75,186.24388407978924,105.30673692133986,1.0161836657884833,43.158186666666666,36.0,677.4557771923222,677.4557771923222,1,1,1,0,False,False,False,True
3547106,22930.94289508632,3012.0,17.73,129.3492695883134,99.07038512616202,0.0,44.0341533180778,0.0,0.0,3320.0531208499337,0,0,0,1,False,False,False,True
3547205,23505.88928150765,1698.0,12.86,51.82567726737338,95.52414605418139,0.0,43.44742857142857,0.0,0.0,2709.0694935217903,0,0,0,1,False,False,False,True
3547304,71115.14035271434,162341.0,856.38,116.55465963619788,69.89977886054663,55.410524759610944,81.44249932070252,210.0,129.35734041308112,3089.7924738667375,1,1,1,1,False,False,False,True
3547403,24421.14695340502,2790.0,13.03,5.376344086021505,88.81720430107526,0.0,31.62662952646239,0.0,0.0,1433.6917562724013,0,0,0,0,False,False,False,True
3547502,32954.30965682362,25060.0,32.93,132.86911412609737,69.3096568236233,39.37350359138069,45.310325106382976,6.0,23.942537909018355,27501.99521149242,0,0,0,1,False,False,False,True
3547601,35129.35721812434,23725.0,81.13,178.46996838777662,93.59325605900948,0.0,42.95082647584973,3.0,12.644889357218124,2023.1822971549,0,0,0,1,False,False,False,True
3547650,24973.902728351128,1686.0,20.77,58.89679715302491,80.01186239620404,0.0,47.61409482758621,0.0,0.0,1660.73546856465,0,0,0,1,False,False,False,True
3547700,30800.831255195342,18045.0,32.49,176.62510390689943,94.4195067885841,0.0,34.47767352941177,0.0,0.0,775.8381823219728,0,0,0,0,False,False,False,True
3547809,41890.11712946138,778711.0,4260.5,129.0144867608137,61.16685137361614,50.97680654312062,131.25122672892718,1437.0,184.53572634777214,5076.851360774408,1,1,1,1,False,False,False,True
3547908,30580.02023998844,6917.0,21.83,186.07777938412607,103.007083995952,0.0,37.85043010752688,12.0,173.48561515107707,1561.3705363596935,1,1,0,0,False,False,False,True
3548005,78671.68510029858,23779.0,150.8,168.49320829303167,85.33580049623617,27.679885613356323,38.119959807073954,9.0,37.848521804953954,1799.9074813911434,1,0,0,1,False,False,False,True
3548054,33809.2903828198,8568.0,6.4,58.54341736694678,100.98039215686275,0.0,52.43904477611941,0.0,0.0,2987.861811391223,0,0,0,1,False,False,False,True
3548104,35727.59339426006,6237.0,55.71,168.44636844636844,74.76350809684143,0.0,66.01257929383603,0.0,0.0,160.333493666827,0,0,0,0,False,False,False,True
3548203,20349.46531395668,7294.0,53.63,313.3945708801755,110.36468330134358,0.0,46.42912070343725,0.0,0.0,1480.6690430490814,0,0,0,0,False,False,False,True
3548302,15433.561867450211,3063.0,31.76,72.80444009141365,101.56709108716944,0.0,58.64492631578948,0.0,0.0,1305.9092393078681,0,0,0,0,False,False,False,True
3548401,20506.737859140605,3933.0,30.45,137.80828883803713,96.9488939740656,0.0,61.79170395869192,0.0,0.0,1423.8494787693871,0,0,0,0,False,False,False,True
3548500,56080.12952577829,429567.0,1489.53,160.7590899673392,223.9473702588886,66.83893315827333,103.66296163537636,612.0,142.46904440983596,23872.41105578408,1,1,1,1,False,False,False,True
3548609,34034.733846668896,11948.0,46.22,176.75761633746234,81.58687646468029,0.0,31.699652247667515,0.0,0.0,451.9584867760295,0,0,0,0,False,False,False,True
3548708,69336.20860940941,840499.0,1979.65,110.69198178700987,68.60591148829445,52.59589838893324,129.49141028429833,1740.0,207.0198774775461,2044.9756632667022,1,1,1,1,False,False,False,True
3548807,90447.14686623012,172109.0,10805.23,143.60724889459587,57.455449744057546,56.42005938097368,119.5330482447382,252.0,146.41883922398014,9747.311296910679,1,1,1,1,False,False,False,True
3548906,53306.34692077469,265294.0,224.17,157.34430480900434,230.43076737506314,52.180976576929744,105.26680103089798,264.0,99.51223925154734,17119.874554268095,1,1,1,1,False,False,False,True
3549003,19462.913655382275,2629.0,34.43,133.77710155952835,90.1863826550019,0.0,84.64054545454546,0.0,0.0,760.7455306200076,0,0,0,0,False,False,False,True
3549102,43181.951087070025,95762.0,179.22,233.89862367118482,57.27741692947098,46.0516697646248,95.13585650830436,60.0,62.65533301309497,3247.6347611787555,1,1,1,1,False,False,False,True
3549201,20065.59877955759,2622.0,19.93,118.80244088482075,70.86193745232647,0.0,46.44261802575107,0.0,0.0,915.3318077803203,0,0,0,0,False,False,False,True
3549250,27381.91489361702,1880.0,10.35,14.946808510638299,95.0,0.0,46.48359550561798,0.0,0.0,638.2978723404256,0,0,0,0,False,False,False,True
3549300,25565.12237762237,2288.0,19.05,137.01923076923077,82.6486013986014,0.0,39.26572916666667,0.0,0.0,437.06293706293707,0,0,0,0,False,False,False,True
3549409,43984.46251129178,49815.0,118.19,213.42166014252734,67.38331827762723,31.980327210679516,36.92772697169512,15.0,30.111412225233362,21194.41935160092,1,1,1,1,False,False,False,True
3549508,30106.241872561768,7690.0,27.54,83.44603381014305,77.20416124837452,0.0,61.923981345115365,0.0,0.0,4005.2015604681405,0,0,0,1,False,False,False,True
3549607,16251.154438173422,3898.0,6.75,179.06618778860954,84.63314520266803,0.0,64.00560250391237,0.0,0.0,3181.118522319138,0,0,0,1,False,False,False,True
3549706,44465.45978732964,53416.0,124.39,180.61629474314813,58.806350157256254,40.5234386700614,74.88199725710986,30.0,56.16294743148121,606.559832259997,1,1,1,0,False,False,False,True
3549805,41791.747159572325,501597.0,1112.17,168.2480158374153,196.20193103228289,55.839050074063444,115.79024736762555,573.0,114.23513298524513,1431.4280189076092,1,1,1,0,False,False,False,True
3549904,62377.969965064105,724756.0,634.03,157.74729702134235,182.25126801295883,52.985556518331684,128.68719816539834,1140.0,157.29431698392287,8334.667115553373,1,1,1,1,False,False,False,True
3549953,17341.83983473083,16458.0,86.17,111.48985295904727,118.09454368696075,2.9408190545631303,50.9004525483304,12.0,72.91286912139992,22955.40162838741,1,1,0,1,False,False,False,True
3550001,19454.987139182624,10497.0,16.75,158.59769457940365,97.14204058302371,0.0,49.37694107814459,0.0,0.0,1810.0409640849766,0,0,0,1,False,False,False,True
3550100,35118.08939894147,38166.0,57.3,217.9138500235812,64.16181942042655,39.51684745585076,44.4412926713948,27.0,70.74359377456375,12833.411937326417,1,1,1,1,False,False,False,True
3550209,29000.27352297593,32904.0,34.44,92.99173352783856,66.80950644298565,31.689156333576467,45.71387349201174,18.0,54.70459518599562,741.5511791879406,1,1,1,0,False,False,False,True
3550308,69688.14352694758,11895578.0,7528.26,154.25516103547048,120.66810877117531,59.63253740171348,126.44993920781724,31152.0,261.8788258964802,8893.573729666603,1,1,1,1,False,False,False,True
3550407,22311.79358086847,39725.0,62.58,139.89175582127123,58.99056010069226,39.69288860918817,39.509215084142,33.0,83.0711139081183,1505.3492762743865,1,1,1,0,False,False,False,True
3550506,31960.31637801718,7333.0,9.87,69.03041047320333,86.02209191326878,0.0,39.987470355731226,0.0,0.0,927.3148779489977,0,0,0,0,False,False,False,True
3550605,42423.09016252367,81342.0,258.98,188.30862285166336,76.72051338791768,50.341766860908265,48.46846385275639,75.0,92.20328981338054,1789.9731995770942,1,1,1,1,False,False,False,True
3550704,190536.0097120889,84019.0,202.77,319.715778573894,79.12495983051453,56.30750187457599,125.26008094679842,402.0,478.46320475130625,12678.084718932623,1,1,1,1,False,False,False,True
3550803,40871.04158718047,10484.0,41.37,124.06524227394124,70.70774513544448,11.760778328882106,28.69228021978022,33.0,314.76535673407096,114.46012972148036,1,1,1,0,False,False,False,True
3550902,36889.403973509936,13590.0,21.78,210.09565857247978,113.12729948491538,0.0,47.02089279180388,0.0,0.0,1839.587932303164,0,0,0,1,False,False,False,True
3551009,18088.452662031224,338407.0,2226.86,155.66344667811245,66.17741358778039,40.37771086295496,112.3766058689014,366.0,108.15379114498222,1232.835018188158,1,1,1,0,False,False,False,True
3551108,19178.98796087284,10632.0,29.41,123.29759217456734,72.22535741158767,0.0,40.611667744020686,0.0,0.0,677.2009029345372,0,0,0,0,False,False,False,True
3551207,25618.997081453967,3769.0,26.16,165.95914035553196,83.31122313611037,0.0,56.053978494623664,0.0,0.0,265.32236667551075,0,0,0,0,False,False,False,True
3551306,131000.62754941951,3187.0,18.65,62.723564480702855,95.63853153435834,0.0,44.12583682008368,0.0,0.0,19767.806714778788,0,0,0,1,False,False,False,True
3551405,14973.426252105988,13058.0,45.02,59.73349670699954,57.50497779139225,0.0,62.33697510219249,0.0,0.0,20156.226068310614,0,0,0,1,False,False,False,True
3551504,29709.52255109232,45408.0,348.36,204.0719696969697,58.69670542635659,39.95771670190275,50.983403730538,9.0,19.82029598308668,3999.2952783650458,1,0,0,1,False,False,False,True
3551603,27332.53557567917,30920.0,146.73,223.8130659767141,63.534928848641655,35.0614489003881,87.99565155555555,30.0,97.02457956015525,2626.131953428202,1,1,1,1,False,False,False,True
3551702,54019.92401215805,131600.0,314.79,149.28267477203647,557.080547112462,46.4612462006079,81.89777649253732,117.0,88.90577507598785,26954.40729483283,1,1,1,1,False,False,False,True
3551801,29365.706319702604,12912.0,11.98,90.83023543990086,85.19206939281288,0.5188971499380421,50.82414125200642,9.0,69.70260223048327,898.3890954151177,1,0,0,0,False,False,False,True
3551900,18467.264330345013,14724.0,103.77,111.77669111654441,103.21244227112197,0.0,33.08642026825633,0.0,0.0,17372.996468350993,0,0,0,1,False,False,False,True
3552007,14661.650562331695,6313.0,14.91,127.89482021226041,86.10803104704578,0.0,35.61940412528648,0.0,0.0,1932.5201964200855,0,0,0,1,False,False,False,True
3552106,27055.162419997585,41405.0,89.35,151.65076681560197,69.66549933582901,32.40429899770559,60.48386495516089,30.0,72.45501750996256,1057.8432556454534,1,1,1,0,False,False,False,True
3552205,58793.14655974779,757459.0,1608.64,147.21509679071738,217.7754835575259,54.644013735396896,119.33323690057902,948.0,125.15528893313038,4537.011244172952,1,1,1,1,False,False,False,True
3552304,30375.569247254218,7466.0,12.37,2.585052236806858,83.81998392713635,0.0,57.79677534386144,0.0,0.0,8331.100991159925,0,0,0,1,False,False,False,True
3552403,55833.73995382815,289787.0,1821.56,193.55009023869255,57.80625079799991,39.181191702871416,92.29474159899964,279.0,96.27761079689566,4737.962710542571,1,1,1,1,False,False,False,True
3552502,46465.30829921729,318765.0,1490.67,136.44534374852947,65.85133248631438,40.37770771571534,106.01745329375976,291.0,91.2898216554515,1136.8876758740764,1,1,1,0,False,False,False,True
3552551,98724.30715935335,3464.0,10.31,38.135103926096996,87.7309468822171,0.0,25.65836575875486,0.0,0.0,102136.25866050809,0,0,0,1,False,False,False,True
3552601,24970.60613966432,11499.0,32.75,133.94208192016697,92.39064266457953,0.0,44.29630799220273,0.0,0.0,4435.1682755022175,0,0,0,1,False,False,False,True
3552700,22703.948245965054,14994.0,40.07,194.81792717086836,90.94304388422036,0.0,26.469127516778524,0.0,0.0,987.0614912631719,0,0,0,0,False,False,False,True
3552809,36201.24246325728,284274.0,13416.81,135.600512181909,64.64537734720727,44.454294096540664,114.12006683734734,306.0,107.64262648008611,1500.6648515164945,1,1,1,0,False,False,False,True
3552908,29131.426785435226,6399.0,10.31,113.45522737927801,97.29645257071418,0.0,36.01628336755647,0.0,0.0,1812.7832473824035,0,0,0,1,False,False,False,True
3553005,26405.35137628787,13006.0,87.17,156.87375057665693,89.6047977856374,0.0,52.10588504245591,0.0,0.0,615.1007227433493,0,0,0,0,False,False,False,True
3553104,19110.93722830812,5751.0,53.03,155.64249695705095,78.22987306555382,0.0,40.50325438596491,0.0,0.0,278.21248478525473,0,0,0,0,False,False,False,True
3553203,20741.27432051092,6733.0,49.43,83.33580870340116,77.42462498143472,0.0,32.371781674208144,0.0,0.0,12416.456260210902,0,0,0,1,False,False,False,True
3553302,32304.16935707038,21682.0,38.15,222.2673185130523,88.73720136518772,0.0,29.15046966235085,3.0,13.836361959228853,1983.2118808228024,0,0,0,1,False,False,False,True
3553401,50865.45482494908,26021.0,33.81,70.892740478844,90.06187310249413,15.645055916375235,40.09958963282938,3.0,11.529149533069443,722.4933707390185,0,0,0,0,False,False,False,True
3553500,22794.63186407289,8122.0,10.59,107.52277764097514,82.98448657966019,0.0,44.79525593008739,0.0,0.0,4284.658950997291,0,0,0,1,False,False,False,True
3553609,25233.327747989275,11936.0,53.25,159.03987935656838,85.8495308310992,0.0,32.434683908045976,0.0,0.0,4725.201072386059,0,0,0,1,False,False,False,True
3553658,17670.43740573152,2652.0,48.6,158.52187028657616,81.48567119155355,0.0,46.86624610591901,0.0,0.0,3770.739064856712,0,0,0,1,False,False,False,True
3553708,31131.87802408012,53322.0,87.93,125.70046134803646,70.98383406473876,29.770076141180002,53.687201900237525,30.0,56.26195566557894,446.34484828025955,1,1,1,0,False,False,False,True
3553807,39743.87644290713,24863.0,54.29,125.61235570928689,92.07255761573423,0.0,38.49916906820365,0.0,0.0,2807.384466878494,0,0,0,1,False,False,False,True
3553856,51648.481439820025,7112.0,29.66,108.30989876265467,79.16197975253094,0.5202474690663667,31.761555869872694,3.0,42.1822272215973,5736.782902137233,0,0,0,1,False,False,False,True
3553906,25373.02185380557,6635.0,32.46,131.60512434061795,94.22758100979654,0.0,40.19757621951219,0.0,0.0,633.0067822155237,0,0,0,0,False,False,False,True
3553955,58829.7481636936,15248.0,49.13,110.59155299055614,97.17995802728227,0.0,43.12356141334829,0.0,0.0,119687.8279118573,0,0,0,1,False,False,False,True
3554003,39485.01088985688,128560.0,236.64,235.05678282514,65.45970752955819,41.69026135656503,50.77238982264568,90.0,70.00622277535781,1190.1057871810829,1,1,1,0,False,False,False,True
3554102,50420.43834695516,321298.0,497.18,150.29972175363682,66.0866236328891,47.622145173639424,117.43782634077397,435.0,135.38833108204844,3286.668451095245,1,1,1,1,False,False,False,True
3554201,33345.243843553835,4142.0,13.93,116.68276195074843,106.78416224046354,0.0,40.39485875706215,0.0,0.0,2462.578464509899,0,0,0,1,False,False,False,True
3554300,27795.026375282592,22559.0,14.25,183.60299658672812,87.84077308391329,12.159226916086705,33.04212412360426,15.0,66.4923090562525,3431.003147302629,1,1,1,1,False,False,False,True
3554409,21907.952410770195,7985.0,35.68,71.73450219160927,89.54289292423293,0.0,56.35856711915536,0.0,0.0,876.6437069505322,0,0,0,0,False,False,False,True
3554508,55787.07676402171,38690.0,93.13,202.76298785215818,86.48746446110106,29.596795037477385,41.51967692569291,21.0,54.277591108813645,537.6066166968209,1,1,1,0,False,False,False,True
3554607,26626.907630522088,2490.0,12.52,122.48995983935743,89.51807228915662,0.0,66.32497695852535,0.0,0.0,1204.8192771084337,0,0,0,0,False,False,False,True
3554656,18301.987396994668,2063.0,28.68,53.80513814832768,101.98739699466796,0.0,65.27923208191126,0.0,0.0,1938.9238972370335,0,0,0,1,False,False,False,True
3554706,30007.591733445803,9484.0,29.61,193.0409110080135,95.10754955714889,0.0,52.20678509532062,0.0,0.0,801.3496415014762,0,0,0,0,False,False,False,True
3554755,26131.471785922047,1719.0,26.52,62.01279813845259,97.90575916230367,0.0,48.59342424242424,3.0,174.52006980802793,5933.68237347295,0,0,0,1,False,False,False,True
3554805,16891.1704312115,53083.0,267.79,162.17433076502834,57.52312416404499,12.36554075692783,52.12951785924791,21.0,39.560687979202385,6216.679539588946,1,1,1,1,False,False,False,True
3554904,17401.39740481962,7013.0,44.88,61.500071296164265,95.23741622700699,0.0,57.22002553191489,0.0,0.0,256.6661913589049,0,0,0,0,False,False,False,True
3554953,26168.13012811285,6947.0,53.48,139.41269612782497,95.50885274219087,0.0,62.218144796380095,0.0,0.0,259.10464948898806,0,0,0,0,False,False,False,True
3555000,33834.7957686193,65416.0,101.8,197.10009783539195,70.39409318821083,33.234988382047206,68.16148640483384,27.0,41.27430598018833,727.6507276507276,1,1,1,0,False,False,False,True
3555109,21001.912871775887,16206.0,64.77,127.14426755522646,93.07046772800197,0.0,41.0284765625,0.0,0.0,6836.973960261632,0,0,0,1,False,False,False,True
3555208,30682.436106579666,1839.0,11.86,15.823817292006526,95.43230016313214,0.0,58.03625468164794,0.0,0.0,1087.547580206634,0,0,0,0,False,False,False,True
3555307,44074.16267942584,1672.0,11.29,23.504784688995215,122.06937799043062,0.0,30.969443155452435,0.0,0.0,1913.8755980861245,0,0,0,1,False,False,False,True
3555356,38973.42375366569,5456.0,25.56,176.35630498533723,74.94501466275659,0.0,30.03854196301565,0.0,0.0,79178.88563049854,0,0,0,1,False,False,False,True
3555406,28012.39156090188,96598.0,131.31,308.16373009793165,87.644671732334,58.358351104577736,99.66083386992918,258.0,267.08627507815896,2931.737717137001,1,1,1,1,False,False,False,True
3555505,21741.31054131054,5265.0,18.19,96.10636277302945,91.88983855650523,0.0,61.25893917963225,0.0,0.0,455.84045584045583,0,0,0,0,False,False,False,True
3555604,37813.21163075186,10627.0,41.18,130.30017878987485,96.35833254916722,0.0,42.4019674239177,0.0,0.0,2201.938458643079,0,0,0,1,False,False,False,True
3555703,35377.76412776413,1628.0,20.28,25.675675675675677,104.42260442260442,0.0,48.16466666666666,0.0,0.0,1474.2014742014742,0,0,0,0,False,False,False,True
3555802,31874.958207957206,8973.0,42.21,68.91786470522679,99.26446004680709,0.0,62.68990689013036,0.0,0.0,1225.8999219881869,0,0,0,0,False,False,False,True
3555901,32693.446088794924,1419.0,9.44,95.91261451726568,130.72586328400283,0.0,38.44218045112783,0.0,0.0,2396.0535588442567,0,0,0,1,False,False,False,True
3556008,34429.762074369566,14038.0,42.43,137.89001282233937,105.82704088901554,0.0,25.208777022853614,0.0,0.0,1638.410029918792,0,0,0,1,False,False,False,True
3556107,30111.21051544973,14531.0,94.15,20.59734361021265,112.89656596242516,0.0,50.25232014388489,0.0,0.0,509.2560732227651,0,0,0,0,False,False,False,True
3556206,60705.22635343586,131277.0,850.78,179.24845936454977,55.451449987431154,53.00166822825019,91.37378505832712,144.0,109.69172056034188,1645.375808405128,1,1,1,1,False,False,False,True
3556305,50005.94588035432,24723.0,28.26,124.60057436395259,90.86275937386239,0.0,44.68136420136731,0.0,0.0,54928.60898758241,0,0,0,1,False,False,False,True
3556354,14197.223507635354,10805.0,73.72,154.55807496529386,122.62841277186487,0.0,44.50823756639305,0.0,0.0,981.027302174919,0,0,0,0,False,False,False,True
3556404,31226.386261097367,41226.0,150.21,127.8052685198661,62.16950468151167,35.002183088342306,50.275369413588216,12.0,29.107844564110028,305.6323679231553,1,1,0,0,False,False,False,True
3556453,55624.49379114447,52103.0,1186.54,113.12016582538433,72.33940464080763,50.277335278198954,56.33897778736252,51.0,97.88303936433603,1070.9556071627353,1,1,1,0,False,False,False,True
3556503,33165.844316585266,119576.0,3296.44,135.29888940924602,58.82451328025691,37.78099284137285,102.36732440584706,84.0,70.24821034321269,1363.1497959456747,1,1,1,0,False,False,False,True
3556602,23333.30095201088,10294.0,41.08,74.14999028560327,84.48610841266758,0.0,42.44073825503355,0.0,0.0,388.5758694385079,0,0,0,0,False,False,False,True
3556701,158489.41755537325,79235.0,945.52,224.51694327001957,74.47971224837508,68.02801792137313,49.01873659219061,75.0,94.65513977408973,2958.2886350728845,1,1,1,1,False,False,False,True
3556800,25094.96069226853,17681.0,79.98,169.76980939992083,92.1723884395679,0.0,37.82947095435685,0.0,0.0,19331.48577569142,0,0,0,1,False,False,False,True
3556909,51045.75477362796,8327.0,84.97,178.767863576318,92.27813137984869,0.0,22.72621359223301,0.0,0.0,156983.3073135583,0,0,0,1,False,False,False,True
3556958,24742.059145673604,1826.0,36.0,0.4928806133625411,105.85980284775465,0.0,78.42151428571428,0.0,0.0,1314.3483023001095,0,0,0,0,False,False,False,True
3557006,29501.43395885554,132849.0,694.53,159.5909641773743,54.738838832057446,42.96532153045939,105.33241705593484,105.0,79.03710227401034,1144.156147204721,1,1,1,0,False,False,False,True
3557105,38564.0831078585,100159.0,229.7,142.73704809353129,69.3527291606346,45.18216036501962,86.37012511584801,48.0,47.9238011561617,2090.675825437554,1,1,1,1,False,False,False,True
3557154,47152.84317276349,2761.0,8.44,122.05722564288301,101.19521912350598,0.0,22.64621848739496,0.0,0.0,651.9377037305325,0,0,0,0,False,False,False,True
3557204,21460.398034002093,12411.0,64.7,173.84578196760938,88.28458625412941,0.0,31.586658476658474,0.0,0.0,934.6547417613408,0,0,0,0,False,False,False,True
3557303,33670.41328030434,11566.0,152.34,130.81445616462045,116.95486771571848,2.766730070897458,52.92601792943898,6.0,51.87618882932734,1487.1174131073838,0,0,0,0,False,False,False,True
4100103,30507.0829321964,7271.0,31.66,69.70155411910329,78.98500893962316,0.0,50.09539634146342,0.0,0.0,412.59799202310546,0,0,0,0,False,False,True,False
4100202,58298.40366682472,6327.0,4.64,22.26963805911174,76.60818713450293,15.520783941836573,44.035696721311474,6.0,94.8316737790422,55381.69748696064,0,0,0,1,False,False,True,False
4100301,20374.2250610558,10646.0,53.22,213.49802742814202,68.20402028931053,14.944580123990232,38.98520319786809,45.0,422.6939695660342,263.0095810633102,1,1,1,0,False,False,True,False
4100400,15516.35573933391,124788.0,616.93,136.02269448985479,47.989390005449245,22.86598070327275,83.61240739894953,99.0,79.334551399173,504.85623617655546,1,1,1,0,False,False,True,False
4100459,27154.1066892464,3543.0,9.28,75.52921253175275,97.29043183742591,0.47981936212249504,30.09972727272727,0.0,0.0,790.2907140841095,0,0,0,0,False,False,True,False
4100509,24666.29333333333,18750.0,28.33,155.472,94.816,0.0,33.750340073529415,0.0,0.0,864.0,0,0,0,0,False,False,True,False
4100608,30857.33484226906,14138.0,34.11,142.5236950063658,81.35521290140048,0.035365681143018815,43.10732673267327,0.0,0.0,1202.4331588626396,0,0,0,0,False,False,True,False
4100707,41907.77392368904,9802.0,21.73,67.03733931850643,85.48255458069782,0.0,40.77016355140187,0.0,0.0,1265.047949398082,0,0,0,0,False,False,True,False
4100806,32292.32677991984,10478.0,24.34,112.10154609658332,79.26130941019278,0.0,27.33097375690608,0.0,0.0,439.01507921359035,0,0,0,0,False,False,True,False
4100905,25573.05743243244,4736.0,12.38,33.48817567567568,85.72635135135135,0.0,46.96885057471265,0.0,0.0,1097.972972972973,0,0,0,0,False,False,True,False
4101002,37148.57171147087,20199.0,65.76,161.9040546561711,87.62810040100995,0.0,29.673168654173768,0.0,0.0,603.9902965493342,0,0,0,0,False,False,True,False
4101051,38800.0,2965.0,28.36,141.48397976391232,78.7858347386172,0.0,25.64308108108108,0.0,0.0,337.2681281618887,0,0,0,0,False,False,True,False
4101101,40735.53182997405,20044.0,84.25,121.27818798642986,77.65914987028538,11.200359209738576,32.544338093400235,6.0,29.934144881261226,658.551187387747,0,0,0,0,False,False,True,False
4101150,46277.61104441777,3332.0,30.51,212.39495798319328,79.74189675870348,0.0,32.53925,0.0,0.0,180.0720288115246,0,0,0,0,False,False,True,False
4101200,38460.79130768809,18223.0,20.29,159.04077264994785,84.79942929265215,5.723536190528453,55.630744978388,9.0,49.38813587224936,2381.6056631729134,1,0,0,1,False,False,True,False
4101309,33000.282845424976,7071.0,14.94,23.688304341677274,75.39244802715316,0.0,45.04248275862069,0.0,0.0,1272.8044123886295,0,0,0,0,False,False,True,False
4101408,28845.17445236996,134306.0,233.64,186.16070763778237,71.2574270695278,37.459979449912886,50.06605152340847,129.0,96.04932020907479,988.7868002918708,1,1,1,0,False,False,True,False
4101507,39995.71300549801,123863.0,311.7,172.7618417122143,67.36717179464408,38.46911507068293,63.92077472283814,123.0,99.30326247547694,826.7198436982795,1,1,1,0,False,False,True,False
4101606,55014.48118586089,26310.0,18.98,140.51311288483467,68.55188141391106,22.884834663626,30.36727732793522,3.0,11.402508551881414,19589.50969213227,0,0,0,1,False,False,True,False
4101655,42582.14385670305,3573.0,16.23,87.74139378673384,99.97201231458159,0.0,23.393283950617285,0.0,0.0,1119.5074167366358,0,0,0,0,False,False,True,False
4101705,36923.434970318405,14824.0,29.37,122.26794387479762,84.83540205072855,0.0,30.773268744734622,0.0,0.0,634.1068537506745,0,0,0,0,False,False,True,False
4101804,157879.75980704583,160038.0,323.22,174.9253302340694,77.256651545258,44.35259125957585,83.02481492318947,153.0,95.60229445506693,5462.4526674914705,1,1,1,1,False,False,True,False
4101853,54859.20884729902,2351.0,9.95,24.41514249255636,90.08932369204594,0.0,26.28701030927835,0.0,0.0,255.21054870267972,0,0,0,0,False,False,True,False
4101903,39547.9000219893,13643.0,31.33,57.9344718903467,98.37279190793814,0.0,41.76560061601643,0.0,0.0,967.5291358205674,0,0,0,0,False,False,True,False
4102000,42862.09158903031,38105.0,37.53,80.17582994357696,58.87416349560425,26.44009972444561,41.14079985390796,24.0,62.98386038577615,320.1679569610287,1,1,1,0,False,False,True,False
4102109,33770.12813157392,26145.0,58.59,189.04188181296615,68.84299101166572,25.28590552686938,51.88121098626717,30.0,114.74469305794607,596.6724039013195,1,1,1,0,False,False,True,False
4102208,43832.88009888752,4045.0,28.91,182.34857849196538,93.49814585908528,0.024721878862793572,24.47113416320885,0.0,0.0,247.21878862793574,0,0,0,0,False,False,True,False
4102307,66771.32146204311,13871.0,38.39,227.65481940739673,96.25117150890347,21.526926681565858,61.2584317386231,6.0,43.25571335880614,1975.3442433854805,0,0,0,1,False,False,True,False
4102406,32491.841418555665,31807.0,70.25,189.70038041940452,74.07488917533877,21.114848932624895,62.24332486551106,6.0,18.86377212563272,2295.0922752853144,0,0,0,1,False,False,True,False
4102505,27998.784137673025,10692.0,20.04,133.23980546202768,73.50355405910962,0.0,29.525452352231603,0.0,0.0,542.4616535727647,0,0,0,0,False,False,True,False
4102604,26689.89898989899,9900.0,60.53,170.77777777777777,84.54545454545455,0.020202020202020204,25.18077712609971,0.0,0.0,222.22222222222223,0,0,0,0,False,False,True,False
4102703,52389.3928820656,2866.0,24.29,113.25889741800418,85.1360781577111,0.0,15.525640138408304,0.0,0.0,767.6203768318213,0,0,0,0,False,False,True,False
4102752,26079.024390243903,4100.0,27.22,92.26829268292683,50.63414634146341,0.024390243902439025,20.629836065573773,0.0,0.0,1512.1951219512196,0,0,0,0,False,False,True,False
4102802,34924.05654087212,14998.0,61.12,142.37898386451528,87.39831977597012,0.0,23.65832517672648,0.0,0.0,640.0853447126284,0,0,0,0,False,False,True,False
4102901,35205.68551214226,15689.0,12.58,35.82127605328574,69.8259927337625,16.266173752310536,14.682654784240151,3.0,19.12167760851552,3467.397539677481,0,0,0,1,False,False,True,False
4103008,61810.68801384682,4622.0,15.06,81.22025097360451,81.58805711813068,0.0,25.587991967871485,0.0,0.0,2855.906533967979,0,0,0,1,False,False,True,False
4103024,58254.49346405229,2448.0,16.17,106.37254901960785,85.04901960784314,0.0,30.72227586206896,0.0,0.0,1062.0915032679738,0,0,0,0,False,False,True,False
4103040,57893.97821909033,6244.0,10.28,2.5944907110826394,90.61499039077515,0.0,34.4568,0.0,0.0,6502.242152466368,0,0,0,1,False,False,True,False
4103057,23066.3430420712,8034.0,29.77,42.79312920089619,95.68085636046801,0.0,19.755848375451265,0.0,0.0,1443.86357978591,0,0,0,0,False,False,True,False
4103107,20307.66444508838,13804.0,16.11,162.16314111851636,56.61402492031295,11.96030136192408,42.75950842696629,3.0,21.732831063459866,304.25963488843814,0,0,0,0,False,False,True,False
4103156,28483.13223344004,4061.0,22.6,109.23417877370106,89.8300911105639,0.0,32.383382352941176,0.0,0.0,1231.2238364934744,0,0,0,0,False,False,True,False
4103206,23553.841545604315,6677.0,20.39,94.26389096899806,76.14197993110679,0.0,51.11317434210527,0.0,0.0,9255.653736708102,0,0,0,1,False,False,True,False
4103222,92781.6944959802,3234.0,16.34,6.400742115027829,67.16141001855287,0.0,36.6017868338558,0.0,0.0,1793.4446505875078,0,0,0,1,False,False,True,False
4103305,31399.923312883435,7824.0,23.13,40.375766871165645,87.89621676891616,0.0,39.75880418535127,0.0,0.0,562.3721881390593,0,0,0,0,False,False,True,False
4103354,50296.9596001666,4802.0,14.14,72.53227821740941,93.10703873386089,0.0,44.28539886039886,0.0,0.0,541.4410662224074,0,0,0,0,False,False,True,False
4103370,72086.99059561129,3828.0,12.74,40.464994775339605,83.22884012539186,0.0,30.1611072056239,0.0,0.0,783.6990595611285,0,0,0,0,False,False,True,False
4103404,42956.30885122411,2655.0,14.14,161.20527306967986,106.10169491525424,0.0,23.245310344827587,0.0,0.0,677.9661016949152,0,0,0,0,False,False,True,False
4103453,98227.47429953638,19844.0,69.1,212.0338641402943,77.49949606934086,26.788953839951624,74.14822628753231,6.0,30.23583954847813,8052.811933078008,0,0,0,1,False,False,True,False
4103479,32664.54724841044,4561.0,13.34,85.59526419644814,69.41460206095155,0.0,29.28325626204239,0.0,0.0,877.0006577504934,0,0,0,0,False,False,True,False
4103503,28383.02880842955,8921.0,61.42,51.967268243470464,87.7143817957628,0.0,29.91709828393136,0.0,0.0,1053.6935321152337,0,0,0,0,False,False,True,False
4103602,34956.72215108835,23430.0,63.39,147.25992317541613,72.73154075970977,15.757575757575758,31.633371496249502,3.0,12.804097311139564,460.94750320102435,0,0,0,0,False,False,True,False
4103701,45310.75858714158,111009.0,216.42,188.72433766631534,51.602122350440055,31.767694511255844,66.97061625955622,72.0,64.85960597789368,956.6791881739318,1,1,1,0,False,False,True,False
4103800,28307.00070714213,9899.0,57.41,69.82523487220931,64.23881200121224,16.23396302656834,33.08492594624246,21.0,212.14264067077482,666.7340135367209,1,1,1,0,False,False,True,False
4103909,36195.81951311096,15979.0,19.74,176.60679642030163,66.83146629951811,17.322736091119594,33.44523372287145,3.0,18.774641717253896,625.8213905751298,0,0,0,0,False,False,True,False
4103958,37847.97382330732,3973.0,8.78,33.752831613390384,101.66121318902593,0.0,18.44814126394052,0.0,0.0,704.757110495847,0,0,0,0,False,False,True,False
4104006,43545.73652718577,49971.0,88.69,156.33867643233074,73.77278821716595,38.002041183886654,65.36739935700308,27.0,54.031338176142164,1164.675511796842,1,1,1,0,False,False,True,False
4104055,55719.494047619046,4032.0,9.28,105.6795634920635,82.56448412698413,0.0,60.46287128712871,0.0,0.0,2083.3333333333335,0,0,0,1,False,False,True,False
4104105,34081.65927471954,7666.0,24.66,76.55883120271328,74.28906861466214,7.957213670753979,29.55450314465409,3.0,39.13383772501957,55778.76337072789,0,0,0,1,False,False,True,False
4104204,40177.910928904304,142695.0,109.63,254.66414380321666,59.29850380181506,38.946704509618414,85.1940204413029,135.0,94.6073793755913,1317.4953572304566,1,1,1,0,False,False,True,False
4104253,17163.714149897005,31555.0,109.53,189.55791475202028,49.542069402630325,7.799080969735383,54.542918280760006,3.0,9.50720963397243,310.56884804309936,0,0,0,0,False,False,True,False
4104303,49809.46390555448,103340.0,132.64,171.12831430230307,78.92297271143798,36.84246177665957,56.10006501640322,60.0,58.06077027288562,12982.388233017226,1,1,1,1,False,False,True,False
4104402,27639.26581448705,15255.0,10.09,39.16093084234677,64.91642084562439,0.0,22.6819587628866,0.0,0.0,1284.8246476565062,0,0,0,0,False,False,True,False
4104428,56020.03426914459,15174.0,9.9,261.39449057598523,70.23197574798998,0.0,39.57363365599405,0.0,0.0,1634.374588111243,0,0,0,1,False,False,True,False
4104451,31108.80637096028,10799.0,18.74,119.71478840633392,90.10093527178442,0.0,34.116058301647655,0.0,0.0,500.04630058338734,0,0,0,0,False,False,True,False
4104501,52644.46770050423,21022.0,48.88,118.41404243173818,77.30472837979259,0.0,42.43822383073497,0.0,0.0,637.4274569498621,0,0,0,0,False,False,True,False
4104600,84855.77183022439,14796.0,52.3,174.2903487429035,90.47039740470397,0.0,44.43833333333333,0.0,0.0,608.272506082725,0,0,0,0,False,False,True,False
4104659,65351.75296990769,24159.0,35.84,155.9294672792748,78.47593029512811,17.148888612939277,34.46005487804878,9.0,37.25319756612443,1928.8877850904425,1,0,0,1,False,False,True,False
4104709,26107.92964080378,17567.0,37.45,109.8593954573917,96.96020948369102,0.0,24.805696875,0.0,0.0,148.004781692947,0,0,0,0,False,False,True,False
4104808,43358.23006613495,364104.0,166.44,198.90223672357348,88.95507876870344,47.86269856963944,102.29148268839104,399.0,109.5840748797047,2628.369916287654,1,1,1,1,False,False,True,False
4104907,48228.28757753251,75291.0,28.87,126.72563785844258,70.67112935144971,29.380669668353455,56.358951371677634,39.0,51.79901980316372,3814.532945504775,1,1,1,1,False,False,True,False
4105003,33494.96565352404,10627.0,18.0,120.09033593676484,57.3539098522631,0.0,41.55972568578554,0.0,0.0,282.2998023901383,0,0,0,0,False,False,True,False
4105102,40279.71836137527,10936.0,29.13,132.22384784198977,80.15727871250914,0.0,25.983125548726957,0.0,0.0,713.2406730065837,0,0,0,0,False,False,True,False
4105201,24943.71921182266,16240.0,12.03,35.73891625615764,60.00615763546798,15.394088669950738,40.70447368421053,3.0,18.472906403940886,1305.4187192118227,0,0,0,0,False,False,True,False
4105300,83793.26282108256,11251.0,9.4,184.46360323526798,72.47355790596392,15.616389654252956,55.72448988021478,3.0,26.66429650697716,1102.1242556217226,0,0,0,0,False,False,True,False
4105409,42175.93580407254,21559.0,21.97,146.26374136091655,65.30451319634491,20.344171807597753,26.37689292543021,6.0,27.830604387958626,315.4135163968644,0,0,0,0,False,False,True,False
4105508,36908.1217596134,82359.0,97.98,106.13533432897437,77.52886751903253,26.87138017702983,48.062513135448654,48.0,58.28142643791207,3467.744873055768,1,1,1,1,False,False,True,False
4105607,36928.53474837384,11684.0,28.45,194.17151660390277,92.56247860321808,0.0,24.71351706036745,0.0,0.0,2447.7918521054435,0,0,0,1,False,False,True,False
4105706,55958.59766277129,14975.0,21.42,144.09348914858097,80.8347245409015,21.302170283806344,27.97438498957609,6.0,40.06677796327212,1161.9365609348915,0,0,0,0,False,False,True,False
4105805,23653.49783981389,240720.0,1175.28,190.3194582917913,72.10078099036225,42.995181123296774,116.39902026039442,261.0,108.42472582253241,245.9288800265869,1,1,1,0,False,False,True,False
4105904,34206.84766732537,23278.0,56.18,186.47650141764757,66.93014863819916,21.95205773691898,49.40261147770445,9.0,38.66311538791992,30389.20869490506,1,0,0,1,False,False,True,False
4106001,33832.85951196399,8442.0,15.52,94.12461502013741,62.556266287609574,0.011845534233593935,33.18169556840077,0.0,0.0,450.13030087656955,0,0,0,0,False,False,True,False
4106100,43724.899598393575,3486.0,16.91,95.26678141135973,93.1726907630522,0.0,48.34399463806971,0.0,0.0,172.1170395869191,0,0,0,0,False,False,True,False
4106209,28122.10621879256,19827.0,63.97,159.31305795127855,74.3027185151561,15.58480859434105,63.654591145833336,3.0,15.130882130428205,393.4029353911333,0,0,0,0,False,False,True,False
4106308,59577.70686373307,17862.0,33.02,166.6162803717389,77.26458403314298,17.629604747508676,45.12305585392052,3.0,16.795431642593215,1466.8010301198074,0,0,0,0,False,False,True,False
4106407,39541.828496617934,45830.0,71.18,228.46170630591317,81.1739035566223,27.121972507091424,59.93904434250764,18.0,39.27558367881301,1518.6559022474362,1,1,1,0,False,False,True,False
4106456,58686.72951414068,5516.0,3.63,123.65844815083393,64.5032632342277,0.0,36.3827485380117,0.0,0.0,2102.9731689630166,0,0,0,1,False,False,True,False
4106506,37189.69780795507,23859.0,34.09,208.34066809170542,80.5440295066851,0.0,31.138834586466167,0.0,0.0,1005.9097196026656,0,0,0,0,False,False,True,False
4106555,23196.56084656085,3780.0,22.88,80.1058201058201,99.62962962962963,0.0,30.36886699507389,0.0,0.0,846.5608465608466,0,0,0,0,False,False,True,False
4106571,42477.3435626948,4171.0,25.53,85.66291057300407,83.76888036442101,0.0,32.0154,0.0,0.0,1198.7532965715657,0,0,0,0,False,False,True,False
4106605,34902.444967914875,24622.0,30.71,131.5936966940135,80.73267809276257,0.0,43.04190655614168,0.0,0.0,2786.1262285760704,0,0,0,1,False,False,True,False
4106704,45161.86496591159,4547.0,17.34,100.41785792830437,67.31911150208929,0.0,20.9746568627451,0.0,0.0,263.9102705080273,0,0,0,0,False,False,True,False
4106803,31745.19170333124,15910.0,10.81,46.725329981143936,61.46448774355751,0.0,21.53050746268657,0.0,0.0,439.9748585795097,0,0,0,0,False,False,True,False
4106852,52197.8591160221,2896.0,9.26,30.35220994475138,66.26381215469613,0.0,32.84955789473684,0.0,0.0,414.3646408839779,0,0,0,0,False,False,True,False
4106902,53574.869685249214,1829225.0,4078.53,213.1246839508535,82.19557462859954,64.58472850524129,144.16238469495642,4176.0,228.29340294386967,8156.131695116785,1,1,1,1,False,False,True,False
4107009,19999.203014055933,13802.0,23.68,101.10128966816403,62.95464425445588,11.686712070714389,40.776944444444446,3.0,21.7359802927112,4187.798869729025,0,0,0,1,False,False,True,False
4107108,57747.28892331526,5164.0,21.17,44.1711851278079,107.55228505034857,0.0,30.86159904534606,0.0,0.0,3834.23702556158,0,0,0,1,False,False,True,False
4107124,23576.02523659306,3170.0,9.13,132.58675078864354,120.66246056782335,0.0,33.77383928571429,0.0,0.0,1009.4637223974763,0,0,0,0,False,False,True,False
4107157,28095.45753785385,4557.0,14.74,140.2457757296467,118.76234364713628,0.0,35.14497175141243,0.0,0.0,877.7704630239192,0,0,0,0,False,False,True,False
4107207,43103.05440932488,47014.0,107.18,200.487088952227,78.70421576551665,18.866720551325137,63.76176037680307,6.0,12.762155953545752,816.7779810269282,0,0,0,0,False,False,True,False
4107256,88317.90026246718,9525.0,21.78,146.48818897637796,90.63517060367454,0.0,33.986265193370166,0.0,0.0,692.9133858267717,0,0,0,0,False,False,True,False
4107306,30901.449722393583,6484.0,53.49,113.92658852560147,91.14743985194325,0.0,37.43374397797661,0.0,0.0,586.0579888957434,0,0,0,0,False,False,True,False
4107405,51288.46787479407,6070.0,31.21,174.0691927512356,75.7825370675453,0.0,30.537576791808878,0.0,0.0,2042.833607907743,0,0,0,1,False,False,True,False
4107504,45580.082052932186,12431.0,26.64,134.30938782077067,70.71032097176413,18.349288070147214,38.84627936507936,9.0,72.39964604617488,1657.1474539457806,1,0,0,1,False,False,True,False
4107520,35110.871905274485,1858.0,13.09,129.1173304628633,109.68783638320775,0.0,18.95572580645161,0.0,0.0,107.64262648008611,0,0,0,0,False,False,True,False
4107538,66217.59357157962,4729.0,37.82,199.5347853668852,91.11862973144429,0.0,31.811467181467183,0.0,0.0,507.5068724888983,0,0,0,0,False,False,True,False
4107546,33356.074574882194,4881.0,14.69,134.11186232329442,98.81171891005941,0.0,53.15501628664495,0.0,0.0,286.82646998565866,0,0,0,0,False,False,True,False
4107553,71363.54614621238,3023.0,10.51,148.13099569963612,79.12669533575918,0.0,24.80013953488372,0.0,0.0,926.232219649355,0,0,0,0,False,False,True,False
4107603,30095.19797809604,16618.0,22.89,39.5595137802383,94.51799253821157,0.006017571308220003,38.06645579886456,0.0,0.0,1925.6228186304008,0,0,0,1,False,False,True,False
4107652,20571.483412380963,161506.0,1275.93,186.59121023367553,59.998390152687826,33.38142236201751,88.13803068021261,93.0,57.583000012383444,335.5912473839981,1,1,1,0,False,False,True,False
4107702,47176.86170212766,4512.0,19.19,203.28014184397162,78.72340425531915,0.022163120567375887,28.79358208955224,0.0,0.0,398.93617021276594,0,0,0,0,False,False,True,False
4107736,39742.91529669642,6387.0,15.39,41.72537967746986,70.29904493502427,0.0,25.15840404040404,0.0,0.0,594.9585094723658,0,0,0,0,False,False,True,False
4107751,19829.567779960707,8144.0,62.13,39.61198428290766,81.05353634577604,0.02455795677799607,28.11090066225165,0.0,0.0,98.23182711198429,0,0,0,0,False,False,True,False
4107801,49586.94300518135,4825.0,25.07,111.81347150259067,103.29533678756476,0.02072538860103627,25.67866310160428,0.0,0.0,953.3678756476684,0,0,0,0,False,False,True,False
4107850,41823.44859171056,4367.0,17.07,118.77719258071903,88.71078543622625,0.0,16.425787671232875,0.0,0.0,824.3645523242501,0,0,0,0,False,False,True,False
4107900,24151.434170675217,11226.0,66.1,117.12096917869232,113.8161411010155,0.017815784785319793,34.314664359861595,0.0,0.0,801.7103153393907,0,0,0,0,False,False,True,False
4108007,34391.70031789673,11639.0,46.37,146.67926797834866,78.23696193831086,15.03565598419108,36.1608997534922,9.0,77.32623077583985,45691.21058510181,1,0,0,1,False,False,True,False
4108106,29797.70710059172,2704.0,31.93,170.52514792899407,89.94082840236686,0.0,22.996067415730337,0.0,0.0,369.8224852071006,0,0,0,0,False,False,True,False
4108205,47803.89375966993,7756.0,27.67,72.44713769984529,78.15884476534296,0.012893243940175348,32.05776523702031,0.0,0.0,850.9541000515729,0,0,0,0,False,False,True,False
4108304,64192.99153976311,295500.0,468.51,196.8517766497462,76.93570219966159,51.253807106598984,94.28957359217434,372.0,125.88832487309645,2602.3688663282574,1,1,1,1,False,False,True,False
4108320,34327.03213610586,8464.0,25.21,13.303402646502835,84.46361058601134,0.0,30.46675438596491,0.0,0.0,472.5897920604915,0,0,0,0,False,False,True,False
4108403,36470.54352332629,101302.0,131.5,199.22607648417602,120.07364119168427,37.10588142386133,84.48128050330452,60.0,59.228840496732545,1530.078379498924,1,1,1,0,False,False,True,False
4108452,37369.340101522845,4925.0,20.93,20.710659898477157,112.04060913705584,0.0,27.66938697318008,0.0,0.0,649.746192893401,0,0,0,0,False,False,True,False
4108502,41015.74440659239,10861.0,10.33,67.14851302826628,69.5055703894669,9.382193168216554,32.30535064935065,33.0,303.8394254672682,773.4094466439554,1,1,1,0,False,False,True,False
4108551,24385.858585858587,2970.0,22.72,29.764309764309765,86.5993265993266,0.0,6.655363636363637,0.0,0.0,269.36026936026934,0,0,0,0,False,False,True,False
4108601,37085.60579910252,28970.0,50.41,100.16223679668623,65.58853986882983,22.644114601311703,77.33624468085105,6.0,20.711080428028996,1221.9537452537106,0,0,0,0,False,False,True,False
4108650,47335.01760832951,6531.0,9.35,63.558413719185424,69.92803552289082,0.0,33.704166666666666,0.0,0.0,153.11590874291838,0,0,0,0,False,False,True,False
4108700,30921.58968850698,5586.0,17.95,26.40529896168994,96.58073755818117,0.0,25.758781512605044,0.0,0.0,1038.3100608664517,0,0,0,0,False,False,True,False
4108809,34579.081477886306,32966.0,56.94,277.7467693987745,71.6677789237396,30.06127525329127,45.59440295604824,21.0,63.70199599587454,1104.1679305951586,1,1,1,0,False,False,True,False
4108908,40655.87405317095,6733.0,13.34,48.29942076340413,92.9897519679192,0.0,20.99946372239748,0.0,0.0,1782.2664488341006,0,0,0,1,False,False,True,False
4108957,37063.81107901018,7961.0,32.09,62.63032282376586,101.84650169576686,7.750282627810576,48.2865857605178,21.0,263.78595653812334,2110.2876523049868,1,1,1,1,False,False,True,False
4109005,36926.54424040067,4792.0,24.46,84.57846410684473,76.14774624373956,0.0,18.679550321199144,0.0,0.0,667.779632721202,0,0,0,0,False,False,True,False
4109104,35245.37663509247,2217.0,10.89,66.21560667568787,70.8615245827695,5.412719891745602,77.68586466165414,21.0,947.2259810554804,541.2719891745602,1,1,1,0,False,False,True,False
4109203,47010.28979420412,4762.0,22.43,140.94918101637967,85.09029819403612,0.0,28.01741504854369,0.0,0.0,293.9941201175977,0,0,0,0,False,False,True,False
4109302,37064.86173447227,13814.0,11.09,118.50296800347473,75.09772694368033,0.0,40.79722673893406,0.0,0.0,767.3374837121761,0,0,0,0,False,False,True,False
4109401,44030.65020401675,188710.0,57.48,142.04493667532194,67.89730273965344,39.571829791743944,81.99526387321185,159.0,84.25626622860474,1688.3048063165704,1,1,1,1,False,False,True,False
4109500,15808.402461867809,7474.0,3.69,16.002140754616,58.32218356970832,12.295959325662295,22.05444330949949,3.0,40.13914905004014,401.3914905004014,0,0,0,0,False,False,True,False
4109609,22158.36021929924,44323.0,31.7,269.541772894434,84.79796042686641,40.3176680278862,105.83300014649151,87.0,196.28635245809173,2084.696433003181,1,1,1,1,False,False,True,False
4109658,61277.91461412151,4872.0,9.84,44.54022988505747,62.335796387520524,0.0,34.68756476683938,0.0,0.0,779.9671592775042,0,0,0,0,False,False,True,False
4109708,29838.11141304348,29440.0,32.1,128.8077445652174,72.07201086956522,16.47078804347826,26.34494120209059,3.0,10.190217391304348,1548.9130434782608,0,0,0,0,False,False,True,False
4109757,28819.50371424056,6327.0,42.75,107.096570254465,118.61861861861861,0.0,47.18064516129032,0.0,0.0,1106.369527422159,0,0,0,0,False,False,True,False
4109807,62453.23632525352,53054.0,173.31,153.3286839823576,80.80823312097108,19.561201794398162,53.68095420974889,15.0,28.27308025785049,1157.3114185546801,1,1,1,0,False,False,True,False
4109906,27306.05099026152,9139.0,13.32,202.88871867819236,97.27541306488675,0.0109421162052741,29.65656365883807,0.0,0.0,459.5688806215122,0,0,0,0,False,False,True,False
4110003,37954.0989462404,5599.0,32.35,104.51866404715128,105.50098231827111,0.0,33.39990365111562,0.0,0.0,4107.876406501161,0,0,0,1,False,False,True,False
4110052,38851.06382978724,2162.0,20.05,80.43478260869566,101.61887141535615,0.0,39.5918410041841,0.0,0.0,555.0416281221092,0,0,0,0,False,False,True,False
4110078,18640.296996287547,14815.0,43.08,84.63719203509956,62.213972325345935,10.307121160985488,23.77318045112782,6.0,40.49949375632804,1028997.6375295309,0,0,0,1,False,False,True,False
4110102,41967.35702441721,30757.0,39.55,93.49416393016224,65.1624020548168,26.59557173976656,47.84932986870897,18.0,58.52326299704132,955.8799622850083,1,1,1,0,False,False,True,False
4110201,27583.203571057824,9633.0,10.33,31.392089691684834,66.30333229523512,0.0,34.08758196721312,0.0,0.0,332.1914253088342,0,0,0,0,False,False,True,False
4110300,23231.87250996016,2510.0,13.02,176.17529880478088,98.48605577689243,0.0,41.12588709677419,0.0,0.0,398.40637450199205,0,0,0,0,False,False,True,False
4110409,111993.82034870888,4531.0,36.27,167.86581328625027,101.87596557051424,0.0,49.83703099510603,0.0,0.0,3796.071507393511,0,0,0,1,False,False,True,False
4110508,42906.26307713768,14338.0,15.7,155.0983400753243,65.33686706653647,0.0,27.61035037878788,0.0,0.0,104.61710140884364,0,0,0,0,False,False,True,False
4110607,37172.33221267588,16062.0,24.3,156.30681110696054,94.65819947702653,0.006225874735400324,44.975504629629626,0.0,0.0,647.4909724816337,0,0,0,0,False,False,True,False
4110656,82920.64846416382,2344.0,28.74,45.093856655290104,76.96245733788396,0.0,31.43087837837837,0.0,0.0,426.6211604095563,0,0,0,0,False,False,True,False
4110706,37604.62859398645,60796.0,59.28,162.41035594447004,71.17902493585105,30.49213764063425,49.49276397515528,39.0,64.14895716823476,2289.6243173893017,1,1,1,1,False,False,True,False
4110805,32662.82394171355,10843.0,18.73,76.26118232961358,76.39029788803836,0.0,21.699036259541984,3.0,27.66761966245504,479.57207414922067,0,0,0,0,False,False,True,False
4110904,26870.697263901147,4532.0,23.06,105.20741394527802,82.23742277140336,7.171226831421007,37.90968602825746,21.0,463.3715798764342,529.567519858782,1,1,1,0,False,False,True,False
4110953,43790.38718291055,11984.0,34.71,188.80173564753005,74.49098798397864,14.994993324432576,31.15408594815825,3.0,25.033377837116156,225.3004005340454,0,0,0,0,False,False,True,False
4111001,38069.799114742935,5874.0,28.49,192.45829077289753,84.43990466462377,0.0,51.20543071161049,0.0,0.0,408.58018386108273,0,0,0,0,False,False,True,False
4111100,36739.01850362028,6215.0,25.06,84.26387771520515,80.25744167337088,0.0,23.05164017800381,0.0,0.0,193.08125502815767,0,0,0,0,False,False,True,False
4111209,58985.90004699984,12766.0,48.6,187.5685414381952,82.64922450258499,16.39511201629328,58.73970915841584,3.0,23.499921666927776,516.9982766724111,0,0,0,0,False,False,True,False
4111258,19061.32563089085,32890.0,96.65,101.72392824566738,43.60291882031012,13.034356947400425,64.97321534548537,3.0,9.121313469139556,2584.372149589541,0,0,0,1,False,False,True,False
4111308,24240.331491712703,3620.0,27.72,36.10497237569061,84.00552486187846,0.0,19.004727272727276,0.0,0.0,441.9889502762431,0,0,0,0,False,False,True,False
4111407,36941.06731982483,13473.0,21.76,7.155050842425592,73.17598159281526,0.0,35.81957251908397,0.0,0.0,430.4906108513323,0,0,0,0,False,False,True,False
4111506,28268.692773420025,33529.0,74.88,141.08085537892572,73.55423663097616,23.287303528288945,55.87811749491964,3.0,8.947478302365116,1503.1763547973396,0,0,0,0,False,False,True,False
4111555,29844.8704814869,6833.0,16.65,187.5457339382409,98.4779745353432,0.0,40.72638766519824,0.0,0.0,3219.669252158642,0,0,0,1,False,False,True,False
4111605,53084.28835489834,2705.0,28.02,204.32532347504622,119.85212569316081,0.0,63.95267701260912,0.0,0.0,961.1829944547135,0,0,0,0,False,False,True,False
4111704,28703.55093256815,5576.0,38.97,63.23529411764706,67.43185078909613,0.0,33.4864657980456,0.0,0.0,35.86800573888092,0,0,0,0,False,False,True,False
4111803,38599.73429951691,41400.0,67.01,191.16666666666666,76.61111111111111,18.82367149758454,38.47882419022655,18.0,43.47826086956522,7661.83574879227,1,1,1,1,False,False,True,False
4111902,66758.82689738533,15719.0,31.84,172.50461225268782,99.94274444939245,0.0,40.853488437676255,3.0,19.085183535848337,610.7258731471468,0,0,0,0,False,False,True,False
4112009,49373.54751455935,36231.0,24.18,107.97659462890894,64.99682592255252,22.90027876680191,35.91489048338369,9.0,24.840606110789103,20562.50172504209,1,0,0,1,False,False,True,False
4112108,36161.04526108645,21851.0,114.12,139.54052446112306,77.12690494714201,24.49773465745275,40.980416083216646,6.0,27.45869754244657,283.7398746052812,0,0,0,0,False,False,True,False
4112207,41462.89631533848,5835.0,17.49,61.165381319622966,95.64695801199657,0.01713796058269066,21.829779411764704,0.0,0.0,1131.1053984575835,0,0,0,0,False,False,True,False
4112306,32296.04743083004,5060.0,26.47,136.95652173913044,90.47430830039525,0.0,18.80857843137255,0.0,0.0,118.57707509881423,0,0,0,0,False,False,True,False
4112405,34335.899080607225,9354.0,55.36,93.53217874706009,63.59846055163566,22.952747487705793,39.53119098712446,24.0,256.5747273893522,962.1552277100706,1,1,1,0,False,False,True,False
4112504,30840.80791426216,12130.0,29.04,61.6075845012366,85.09480626545755,0.0,40.5714598540146,0.0,0.0,379.2250618301731,0,0,0,0,False,False,True,False
4112603,42161.12342941611,1353.0,10.45,72.87509238728751,133.11160384331117,0.0,27.87815573770492,0.0,0.0,2069.4752402069475,0,0,0,1,False,False,True,False
4112702,23613.399047698604,11971.0,74.21,106.87494779049369,82.85857488931585,10.767688580736781,29.58048847609219,3.0,25.060563027316014,584.7464706373737,0,0,0,0,False,False,True,False
4112751,40697.23756906077,10860.0,42.45,44.88029465930018,85.4696132596685,0.0,35.950329444063144,0.0,0.0,902.3941068139964,0,0,0,0,False,False,True,False
4112801,55454.15309446254,12280.0,41.31,67.61400651465799,103.7214983713355,0.008143322475570033,26.62857661583152,0.0,0.0,6433.224755700326,0,0,0,1,False,False,True,False
4112900,38045.15745692216,3366.0,10.39,81.07546048722519,70.26143790849673,0.0,24.19371747211896,0.0,0.0,1307.18954248366,0,0,0,0,False,False,True,False
4112959,55828.18435046847,7898.0,21.93,81.17244872119524,91.80805267156242,0.0,35.2830637079456,0.0,0.0,1721.9549252975437,0,0,0,1,False,False,True,False
4113007,59622.22222222222,6795.0,31.73,172.71523178807948,73.7159676232524,15.658572479764533,41.11855747126437,6.0,88.30022075055187,22016.188373804267,0,0,0,1,False,False,True,False
4113106,35570.109512561736,4657.0,23.7,29.26776894996779,81.66201417221387,0.021473051320592657,17.962330383480825,0.0,0.0,171.78441056474125,0,0,0,0,False,False,True,False
4113205,61957.36746843448,45857.0,21.49,119.15083847613232,79.19837756503914,19.69601151405456,71.94669720252168,15.0,32.71038227533419,1051.093617114072,1,1,1,0,False,False,True,False
4113254,20271.92825112108,5575.0,10.01,33.47085201793722,76.53811659192826,13.757847533632287,35.0255,69.0,1237.6681614349775,89.68609865470852,1,1,1,0,False,False,True,False
4113304,31046.40062834184,33103.0,47.84,163.91867806543215,71.79409721173307,23.916261366039333,53.27245820153637,9.0,27.187868169048123,773.3438056973688,1,0,0,0,False,False,True,False
4113403,60616.36896827513,3751.0,10.88,127.77925886430285,73.71367635297254,0.0,40.13519434628975,0.0,0.0,3199.1468941615567,0,0,0,1,False,False,True,False
4113429,31506.89395838556,3989.0,26.0,61.41890198044623,94.4597643519679,0.0,31.3494921875,0.0,0.0,200.55151667084482,0,0,0,0,False,False,True,False
4113452,38436.85419058553,5226.0,14.91,76.23421354764638,100.91848450057405,0.0,25.576324786324783,0.0,0.0,2143.1305013394567,0,0,0,1,False,False,True,False
4113502,29309.62079536388,23813.0,32.15,160.46277243522445,83.79456599336497,18.6032839205476,50.34468198374896,9.0,37.79448200562718,663.5031285432327,1,0,0,0,False,False,True,False
4113601,45933.091838909015,4693.0,19.1,153.6117621990198,74.92009375665886,0.0,29.864500000000003,0.0,0.0,127.84998934583422,0,0,0,0,False,False,True,False
4113700,40885.0893268528,577318.0,336.42,173.02387938709688,100.92323468175252,54.35496554758383,121.24177099448151,912.0,157.9718629940518,1311.9286078036714,1,1,1,0,False,False,True,False
4113734,81669.35483870968,6696.0,7.3,29.33094384707288,76.62783751493428,0.0,25.59441416893733,0.0,0.0,746.7144563918757,0,0,0,0,False,False,True,False
4113759,29010.60791513668,4902.0,24.46,51.20359037127703,78.98816809465524,0.0,18.900656565656565,0.0,0.0,163.19869441044472,0,0,0,0,False,False,True,False
4113809,26776.21665648544,4911.0,39.76,181.0425575239259,76.46100590511098,0.0,43.73318783068783,0.0,0.0,610.8735491753207,0,0,0,0,False,False,True,False
4113908,55539.87550347858,13655.0,17.66,54.119370194068104,85.85865983156353,0.007323324789454412,41.20872167592988,0.0,0.0,380.81288905162944,0,0,0,0,False,False,True,False
4114005,58442.16033009136,13572.0,17.07,145.13704686118479,89.61833185971118,0.0,34.7886143187067,0.0,0.0,1252.5788387857353,0,0,0,0,False,False,True,False
4114104,20376.06660346053,33752.0,106.99,126.28881251481394,72.70383977245793,12.668878881251482,30.231955473098328,3.0,8.8883621711306,681.4410997866793,0,0,0,0,False,False,True,False
4114203,48244.5729303548,38050.0,109.33,198.5729303547963,71.0197109067017,24.367936925098554,41.454876325088335,27.0,70.9592641261498,904.0735873850197,1,1,1,0,False,False,True,False
4114302,23122.04026285595,28761.0,72.36,229.01846250130384,74.14206738291436,24.547129793818016,67.92422924901186,6.0,20.86158339417962,250.33900073015542,0,0,0,0,False,False,True,False
4114351,29508.14922129664,2761.0,12.84,40.92720028975009,75.84208620065193,0.0,27.391445086705204,0.0,0.0,796.8127490039841,0,0,0,0,False,False,True,False
4114401,105778.33452636602,16764.0,15.73,90.84943927463613,64.65640658554044,15.998568360773085,38.425132809577256,9.0,53.686471009305656,2493.438320209974,1,0,0,1,False,False,True,False
4114500,36463.22722283205,14576.0,24.93,20.643523600439078,56.62733260153677,17.220087815587267,27.893852631578948,3.0,20.58177826564215,480.2414928649835,0,0,0,0,False,False,True,False
4114609,50288.08049535604,58140.0,74.87,228.41073271413828,78.9576883384933,20.23219814241486,47.84062944374739,9.0,15.479876160990711,2569.659442724458,1,0,0,1,False,False,True,False
4114708,22652.56950294861,5935.0,12.06,121.61752316764954,77.2535804549284,0.0,42.19564136125655,0.0,0.0,471.7775905644482,0,0,0,0,False,False,True,False
4114807,60193.954374348046,44098.0,88.0,205.15669644881854,65.23651866297791,32.972016871513446,63.02199804432855,33.0,74.83332577441153,1628.1917547281055,1,1,1,1,False,False,True,False
4114906,53160.81604741281,8774.0,22.57,27.296558012309095,85.2746751766583,0.0,35.689235048678725,0.0,0.0,3259.630727148393,0,0,0,1,False,False,True,False
4115002,23551.086516398973,7409.0,31.21,66.98609798893239,67.26953704953435,6.856525846942907,31.36836347197107,21.0,283.4390606019706,350.9245512214874,1,1,1,0,False,False,True,False
4115101,28624.82383732636,9934.0,22.73,114.85806321723375,75.37749144352728,0.0,29.01518573551263,0.0,0.0,2033.4205758002818,0,0,0,1,False,False,True,False
4115200,53184.60595845374,425983.0,841.16,208.6630217637793,104.88775373665146,61.59870229563152,99.62443002345582,498.0,116.90607371655676,1922.6119352180722,1,1,1,1,False,False,True,False
4115309,67939.92277992278,6475.0,27.66,105.25096525096525,79.3976833976834,0.015444015444015444,39.62733245729304,0.0,0.0,216.21621621621622,0,0,0,0,False,False,True,False
4115358,70653.1697945914,6767.0,23.1,135.3923452046697,95.28594650509827,0.0,36.755025125628144,0.0,0.0,531.9934978572484,0,0,0,0,False,False,True,False
4115408,38758.94055901379,16386.0,41.02,146.66788722079824,79.06139387281826,0.0,46.36257278983589,0.0,0.0,488.22165263029416,0,0,0,0,False,False,True,False
4115457,24652.510506525105,4521.0,8.94,7.58681707586817,86.46317186463172,0.0,19.234928229665076,0.0,0.0,309.66600309666,0,0,0,0,False,False,True,False
4115507,21651.527835914607,4778.0,22.54,86.5634156550858,91.02134784428631,11.406446211804102,22.942382978723405,21.0,439.5144411887819,460.4437002930096,1,1,1,0,False,False,True,False
4115606,57636.73641047208,19022.0,28.84,172.45294921669645,79.06634423299337,13.53170013668384,47.73313040585496,6.0,31.54242456103459,683.4191988224162,0,0,0,0,False,False,True,False
4115705,21543.17172107398,41416.0,332.99,209.45528298242226,92.61879466872706,45.37376859184856,100.3816394627706,87.0,210.06374348078037,2129.6117442534287,1,1,1,1,False,False,True,False
4115739,38055.91597157862,3237.0,8.28,67.99505715168365,113.22211924621563,0.0,9.704285714285714,0.0,0.0,926.7840593141798,0,0,0,0,False,False,True,False
4115754,38813.668466971336,9628.0,86.62,86.79891981719983,77.39925218113835,13.948899044453677,44.84037507749535,3.0,31.15911923556294,1682.5924387203988,0,0,0,1,False,False,True,False
4115804,42752.80112044818,57120.0,165.39,208.86379551820727,71.09593837535014,36.66316526610644,63.51087475149106,21.0,36.76470588235294,864.8459383753501,1,1,1,0,False,False,True,False
4115853,45340.77574967405,6136.0,30.09,201.53194263363756,92.47066492829205,0.03259452411994785,29.017531914893617,0.0,0.0,1564.5371577574967,0,0,0,0,False,False,True,False
4115903,56082.81665190434,2258.0,10.09,19.796279893711247,89.68113374667848,0.0,16.200410958904108,0.0,0.0,531.4437555358725,0,0,0,0,False,False,True,False
4116000,26057.76892430279,2008.0,21.77,141.43426294820716,82.4203187250996,0.0,32.399875776397515,0.0,0.0,1095.617529880478,0,0,0,0,False,False,True,False
4116059,41272.45376515353,11301.0,34.11,186.1428192195381,91.70869834527917,10.556587912574109,42.84878612716763,3.0,26.54632333421821,389.34607556853376,0,0,0,0,False,False,True,False
4116109,27488.910837748048,11137.0,31.59,157.18775253658976,80.03052886773817,0.0,27.68142088266954,0.0,0.0,1292.9873394989675,0,0,0,0,False,False,True,False
4116208,20584.461603554053,18908.0,26.74,181.48402792468795,74.49227840067697,22.022424370636767,70.23744630475224,12.0,63.465199915379735,1279.8815316268247,1,1,0,0,False,False,True,False
4116307,33851.42150803461,4045.0,28.84,163.68355995055623,81.85414091470952,0.0,26.73436363636364,0.0,0.0,247.21878862793574,0,0,0,0,False,False,True,False
4116406,27005.427408412485,3685.0,19.75,182.41519674355496,89.52510176390773,0.0,38.843266533066135,0.0,0.0,54.274084124830395,0,0,0,0,False,False,True,False
4116505,39130.36925395629,1327.0,10.08,96.30746043707612,180.63300678221552,0.0,24.95794871794872,0.0,0.0,1205.7272042200452,0,0,0,0,False,False,True,False
4116604,29584.72264322522,3299.0,25.33,22.218854198241893,74.44680206123067,0.0,16.645243362831856,0.0,0.0,424.37102152167324,0,0,0,0,False,False,True,False
4116703,57652.08523806175,14219.0,29.25,77.12216048948589,64.2309585765525,21.12666150924819,33.23282688766114,3.0,21.098530135733878,548.5617835290808,0,0,0,0,False,False,True,False
4116802,51196.79364612443,6799.0,12.22,81.51198705692013,64.31828210030886,0.0,24.93858505564388,0.0,0.0,676.5700838358582,0,0,0,0,False,False,True,False
4116901,34749.87104855943,27142.0,66.2,217.86530100950557,69.75167636872743,26.412939355979663,54.91837837837838,6.0,22.105961240881292,980.0309483457372,0,0,0,0,False,False,True,False
4116950,28689.41504178273,5744.0,26.85,171.44846796657382,103.8474930362117,0.0,28.47934523809524,0.0,0.0,1392.757660167131,0,0,0,0,False,False,True,False
4117008,43733.92584363283,7201.0,25.49,164.87987779475074,87.96000555478406,0.0,37.97178837555887,0.0,0.0,472.1566449104291,0,0,0,0,False,False,True,False
4117057,25090.257996256205,12287.0,9.98,27.9319606087735,45.91031171156507,0.0,25.39277202072539,0.0,0.0,113.94156425490355,0,0,0,0,False,False,True,False
4117107,33850.59228123806,13085.0,47.97,121.87237294612152,81.77302254489874,22.835307604126864,32.61402118003026,45.0,343.90523500191057,3867.0233091325945,1,1,1,1,False,False,True,False
4117206,18323.322147651008,5960.0,42.78,123.75838926174497,81.3758389261745,0.0,63.383878923766815,0.0,0.0,1409.3959731543623,0,0,0,0,False,False,True,False
4117214,25874.29906542056,4280.0,54.42,24.7196261682243,98.41121495327103,0.0,42.983120567375884,0.0,0.0,607.4766355140187,0,0,0,0,False,False,True,False
4117222,51522.7885178676,8535.0,40.66,199.7188049209139,97.1294669009959,0.0,41.44072289156627,0.0,0.0,374.92677211482135,0,0,0,0,False,False,True,False
4117255,37321.764170960894,13196.0,36.02,143.26311003334342,75.12882691724765,0.0,30.61710928319624,0.0,0.0,378.90269778720824,0,0,0,0,False,False,True,False
4117271,27625.61863173217,6870.0,12.55,10.043668122270743,63.56622998544396,0.0,19.59622857142857,0.0,0.0,669.5778748180495,0,0,0,0,False,False,True,False
4117297,28475.70093457944,3210.0,19.36,27.66355140186916,78.03738317757009,0.0,13.531368421052631,0.0,0.0,436.13707165109037,0,0,0,0,False,False,True,False
4117305,110708.97795102936,24627.0,9.96,81.27258699801031,81.34161692451374,8.774921833759695,30.921153454249037,3.0,12.181751735899622,141194.62378690057,0,0,0,1,False,False,True,False
4117404,51995.00935745477,3206.0,18.06,42.76356830941984,87.18028696194635,0.031191515907673113,68.99640562248996,0.0,0.0,998.1285090455397,0,0,0,0,False,False,True,False
4117453,45316.74015076092,7031.0,23.15,171.09941686815532,79.78950362679562,0.0,37.79500920810313,0.0,0.0,625.8000284454558,0,0,0,0,False,False,True,False
4117503,21940.714004190264,48207.0,268.19,162.3457174269297,90.78557056029207,0.004148775074159354,45.36914661691054,9.0,18.669487833717096,95.42182670566515,1,0,0,0,False,False,True,False
4117602,32401.13447315147,49891.0,30.97,131.55078070193022,57.128540217674534,24.112565392555773,40.024696287964005,24.0,48.1048686135776,1186.586759134914,1,1,1,0,False,False,True,False
4117701,47176.52128943286,34806.0,23.03,153.55685801298625,73.11670401654887,20.125840372349597,26.22280793546981,6.0,17.238407171177382,1706.602309946561,0,0,0,1,False,False,True,False
4117800,25513.765712963675,12967.0,15.94,31.410503586026067,69.66144829181769,8.745276471041876,37.86529666254636,6.0,46.27130407958664,107.96637618570217,0,0,0,0,False,False,True,False
4117909,76886.51940037681,36623.0,53.76,115.93807170357425,87.33036616333997,34.022335690686184,80.14567595940744,18.0,49.14944160773285,4887.638915435655,1,1,1,1,False,False,True,False
4118006,27668.989291477188,13634.0,64.75,81.74416898929148,80.78333577820156,15.094616400176031,31.42763747454175,21.0,154.0266979609799,1540.2669796097991,1,1,1,0,False,False,True,False
4118105,33919.141398353655,9597.0,27.41,126.17484630613734,86.80837761800562,24.71605710117745,69.274633611233,9.0,93.77930603313536,2500.781494216943,1,0,0,1,False,False,True,False
4118204,91089.3010899819,149819.0,177.23,205.75227441112276,72.7411076031745,43.826884440558274,77.81165091744217,156.0,104.12564494490017,36548.101375659964,1,1,1,1,False,False,True,False
4118303,38696.80403700589,2378.0,13.63,94.40706476030277,90.11774600504626,0.0,37.3908064516129,0.0,0.0,10428.931875525652,0,0,0,1,False,False,True,False
4118402,33287.60010468464,95525.0,76.52,162.09578644333945,66.30934310389951,38.380528657419525,73.30543936683472,60.0,62.81078251766553,1053.127453546192,1,1,1,0,False,False,True,False
4118451,40997.30594376157,5939.0,42.28,195.2348880282876,92.17039905708032,0.0,27.49036585365854,0.0,0.0,101.02710894089914,0,0,0,0,False,False,True,False
4118501,47080.6608558829,96602.0,170.35,239.10685078983872,75.91043663692263,43.99908904577545,95.0150213623047,69.0,71.42709260677833,652.1604107575413,1,1,1,0,False,False,True,False
4118600,76144.34060228453,5778.0,13.45,125.26825891311873,71.82416060920734,0.13845621322256838,33.929898198903686,0.0,0.0,796.123226029768,0,0,0,0,False,False,True,False
4118709,62289.8414193751,6369.0,17.46,79.5572303344324,85.11540273198304,0.0,21.81155297532656,0.0,0.0,942.0631182289213,0,0,0,0,False,False,True,False
4118808,33656.56490812093,13496.0,28.48,169.75400118553645,91.19739181979845,0.0,32.75703643061809,3.0,22.228808535862477,177.83046828689982,0,0,0,0,False,False,True,False
4118857,37604.455709711845,7496.0,17.57,132.24386339381005,91.15528281750267,0.0,21.06766116941529,0.0,0.0,533.6179295624333,0,0,0,0,False,False,True,False
4118907,29302.24032586558,12275.0,50.29,121.05906313645622,90.35437881873727,0.0,30.914441489361703,0.0,0.0,325.86558044806515,0,0,0,0,False,False,True,False
4119004,38163.91339214114,6235.0,30.31,127.52205292702486,66.81635926222935,0.0,33.58061135371179,0.0,0.0,32.076984763432236,0,0,0,0,False,False,True,False
4119103,64865.57585161154,14179.0,53.59,190.88088017490657,64.04541928203682,13.724522180689753,49.4676486805829,6.0,42.31610127653572,41173.56654206926,0,0,0,1,False,False,True,False
4119152,60693.709555713074,131199.0,2086.76,202.6448372319911,66.39074992949641,43.51024016951349,101.50585191452198,129.0,98.32392015183042,469.51577374827554,1,1,1,0,False,False,True,False
4119202,37494.40882659907,6707.0,29.76,118.96526017593558,98.74757715819294,0.0,30.835265060240964,0.0,0.0,715.6701953183241,0,0,0,0,False,False,True,False
4119251,28466.12273855977,2819.0,28.33,82.51152891096133,98.58105711245122,0.0354735721887194,15.448543689320388,0.0,0.0,851.3657325292656,0,0,0,0,False,False,True,False
4119301,58899.08768705697,30472.0,14.93,92.98044106064584,64.57403517983722,13.625623523234445,23.03896870189841,9.0,29.535311105276975,866.3691257547913,1,0,0,0,False,False,True,False
4119400,49652.91666666666,24000.0,17.58,78.05416666666666,83.18333333333334,0.0,39.991417661097856,0.0,0.0,3266.6666666666665,0,0,0,1,False,False,True,False
4119509,12357.300654745706,124934.0,522.94,135.04010117341957,51.57283045447996,25.86245537643876,98.8260546850016,78.0,62.432964605311604,6819.600749195575,1,1,1,1,False,False,True,False
4119608,33053.92171065975,34513.0,20.18,56.43960246863501,73.10288876655173,19.80123431750355,32.06297494780794,42.0,121.6932749978269,614.2612928461739,1,1,1,0,False,False,True,False
4119657,39039.73085549504,3121.0,24.72,121.14706824735661,81.06376161486703,13.713553348285807,23.34557071960297,21.0,672.8612624158924,833.0663248958667,1,1,1,0,False,False,True,False
4119707,25203.492602473925,4123.0,11.43,48.70240116420082,85.90831918505943,0.02425418384671356,21.01578475336323,0.0,0.0,1503.7593984962407,0,0,0,0,False,False,True,False
4119806,29006.75168792198,14663.0,41.51,132.35354293118735,53.43381299870422,0.0,46.76039215686274,0.0,0.0,143.21762258746506,0,0,0,0,False,False,True,False
4119905,52314.10879263049,372562.0,174.41,190.02286867689136,88.99350980507943,44.64733386657791,106.16507993675332,387.0,103.87532813330398,5081.033492412002,1,1,1,1,False,False,True,False
4119954,20147.93684080676,32426.0,151.81,280.36760624190464,94.52599765620181,44.63085178560414,83.94142110402665,48.0,148.02935915623266,1844.199099488065,1,1,1,1,False,False,True,False
4120002,48452.17695401294,11438.0,39.85,140.8812729498164,89.70973946494142,0.008742787200559538,30.380981713185754,0.0,0.0,192.34131841230985,0,0,0,0,False,False,True,False
4120101,39797.75555013418,4099.0,21.96,173.8716760185411,107.51402781166138,0.0,20.96191117092867,0.0,0.0,10539.155891680897,0,0,0,1,False,False,True,False
4120150,55234.89278752437,3078.0,8.61,79.14230019493178,91.09811565951917,0.0,20.22311111111111,0.0,0.0,1364.522417153996,0,0,0,0,False,False,True,False
4120200,32753.618817852835,3316.0,14.62,168.42581423401688,186.30880579010855,0.0,34.431729807005,0.0,0.0,2171.2907117008444,0,0,0,1,False,False,True,False
4120309,27821.35812905044,3549.0,16.72,95.46351084812623,112.98957452803607,0.0,23.53612765957447,0.0,0.0,901.6624401239786,0,0,0,0,False,False,True,False
4120333,44992.62963937879,3799.0,24.26,130.48170571202948,78.5733087654646,0.026322716504343247,20.652097902097903,0.0,0.0,105.29086601737299,0,0,0,0,False,False,True,False
4120358,56479.17023829933,5833.0,25.37,179.18738213612207,84.09051945825476,0.0,14.830521126760564,0.0,0.0,891.4795131150352,0,0,0,0,False,False,True,False
4120408,33994.464944649444,4336.0,27.84,166.62822878228783,97.8090405904059,0.0,34.15896648044693,0.0,0.0,1060.8856088560885,0,0,0,0,False,False,True,False
4120507,36682.34364193262,10121.0,24.33,62.32585712874222,92.38217567434047,0.0,35.25027935222672,0.0,0.0,553.3050093864242,0,0,0,0,False,False,True,False
4120606,31167.80360117395,50428.0,21.98,80.26096612992782,58.34853652732609,20.573887522804792,35.80399805762383,24.0,47.59260728166891,345.0464027920996,1,1,1,0,False,False,True,False
4120655,87051.07913669065,4170.0,13.05,125.34772182254197,73.30935251798562,0.0,25.571346153846157,0.0,0.0,1630.695443645084,0,0,0,1,False,False,True,False
4120705,25381.596266602846,8357.0,71.87,143.60416417374657,98.15723345698217,0.011966016513102789,48.16701634877384,0.0,0.0,311.1164293406725,0,0,0,0,False,False,True,False
4120804,77307.73826118125,25109.0,134.04,208.82153809391056,79.54916563781912,29.45557369867378,63.68896573807237,12.0,47.79162849974113,1800.151340156916,1,1,0,1,False,False,True,False
4120853,54695.21138912856,4636.0,39.16,204.24935289042278,92.19154443485763,19.56427955133736,26.506574074074077,3.0,64.71095772217429,905.95340811044,0,0,0,0,False,False,True,False
4120903,46696.92724088521,31405.0,37.42,138.97786976596083,55.37653239929948,13.679350421907339,66.93956183562355,3.0,9.55261900971183,624.1044419678395,0,0,0,0,False,False,True,False
4121000,24428.691667446,10693.0,11.68,67.81071729168615,72.00037407649864,0.0,34.1003216374269,0.0,0.0,1066.1180211353221,0,0,0,0,False,False,True,False
4121109,50883.59683794466,5060.0,15.33,118.14229249011858,67.03557312252964,0.0,28.94052325581396,0.0,0.0,237.15415019762847,0,0,0,0,False,False,True,False
4121208,27048.663868671305,18823.0,41.16,176.5924666631249,59.310418105509214,9.30244913138182,70.35214899713466,3.0,15.937948254794666,382.510758115072,0,0,0,0,False,False,True,False
4121257,26502.21290472863,4293.0,17.8,166.78313533659446,65.85138597717214,0.0,21.948235294117648,0.0,0.0,745.3994875378523,0,0,0,0,False,False,True,False
4121307,53027.99200228506,3501.0,20.95,89.57440731219651,94.05884033133391,0.0,19.44334987593052,0.0,0.0,571.2653527563554,0,0,0,0,False,False,True,False
4121356,89009.47687642153,2638.0,10.85,51.78165276724791,94.579226686884,0.0,20.163636363636364,0.0,0.0,1971.1902956785443,0,0,0,1,False,False,True,False
4121406,37335.17560166809,19903.0,54.46,177.30492890519017,76.27493342712154,23.770285886549765,53.7957906899967,3.0,15.073104557101944,532.5830276842687,0,0,0,0,False,False,True,False
4121505,36358.41127829741,14754.0,30.12,112.57963941981835,83.9433374000271,0.0,23.83637465051258,0.0,0.0,379.5580859427952,0,0,0,0,False,False,True,False
4121604,60829.68615030233,6946.0,16.1,98.35876763604952,98.92024186582205,7.299164987042903,30.81686458333333,27.0,388.7129283040599,719.8387561186295,1,1,1,0,False,False,True,False
4121703,30476.761498531247,24851.0,15.02,96.22148002092472,75.8721983018792,14.615106031950425,33.28923558897243,9.0,36.21584644481107,1070.3794615910829,1,0,0,0,False,False,True,False
4121752,39741.4030261348,6543.0,7.86,47.34831117224515,74.23200366804218,0.0,19.6515625,0.0,0.0,978.1445819960263,0,0,0,0,False,False,True,False
4121802,30046.28034455756,12770.0,19.65,182.0595144870791,68.51996867658575,8.081440877055599,24.341021560574948,3.0,23.492560689115113,2380.579483163665,0,0,0,1,False,False,True,False
4121901,25648.027314112293,13180.0,34.85,139.78755690440062,93.67981790591806,0.015174506828528073,33.51354093771868,0.0,0.0,1016.6919575113809,0,0,0,0,False,False,True,False
4122008,51327.14225411566,14214.0,23.41,98.74067820458703,65.9772055719713,0.0,28.73928821470245,0.0,0.0,703.5317292809906,0,0,0,0,False,False,True,False
4122107,32380.390940117904,3223.0,17.98,26.745268383493638,76.85386286068879,0.0,17.886359832635986,0.0,0.0,1054.9177784672665,0,0,0,0,False,False,True,False
4122156,31018.266123366586,14234.0,20.44,65.57538288604749,54.404945904173104,0.0,28.780816125860373,0.0,0.0,660.3906140227624,0,0,0,0,False,False,True,False
4122172,30014.02597402597,3850.0,10.12,117.45454545454545,80.20779220779221,0.0,40.53991011235955,0.0,0.0,779.2207792207793,0,0,0,0,False,False,True,False
4122206,34996.285648866615,39307.0,46.29,79.28358816495789,75.67354415244104,23.61157045818811,60.939736263736265,6.0,15.26445671254484,9535.19729310301,0,0,0,1,False,False,True,False
4122305,40583.70842710678,31992.0,51.85,168.58277069267317,63.48462115528882,22.930732683170792,79.51291687406669,24.0,75.01875468867217,987.7469367341836,1,1,1,0,False,False,True,False
4122404,47707.27964235671,74935.0,156.14,168.0910122105825,65.79035163808634,33.798625475412024,55.15476549835094,57.0,76.0659238006272,1334.4898912390738,1,1,1,0,False,False,True,False
4122503,52597.92454489491,11371.0,15.16,44.32327851552194,69.53654032187143,0.0,28.81866432337434,0.0,0.0,439.7150646381145,0,0,0,0,False,False,True,False
4122602,37885.71428571428,9240.0,16.39,125.7034632034632,78.05194805194805,18.928571428571427,37.58487205731832,3.0,32.467532467532465,3506.4935064935066,0,0,0,1,False,False,True,False
4122651,23651.065379712258,5491.0,14.4,9.870697505008195,99.65397923875433,0.0,16.553894967177243,0.0,0.0,528.1369513749772,0,0,0,0,False,False,True,False
4122701,75677.89699570816,9320.0,46.35,122.85407725321889,90.25751072961373,0.0,30.696498929336187,0.0,0.0,236.05150214592274,0,0,0,0,False,False,True,False
4122800,30349.279960947035,4097.0,22.51,57.72516475469856,75.93360995850622,0.0,15.352780487804878,0.0,0.0,1610.9348303636807,0,0,0,0,False,False,True,False
4122909,19680.273400417696,5267.0,25.89,84.79210176571102,105.05031327131194,0.0,27.580386996904025,0.0,0.0,341.7505221188532,0,0,0,0,False,False,True,False
4123006,33889.16602711691,15636.0,48.68,183.38449731389102,65.82885648503454,0.0,31.324598930481283,0.0,0.0,2046.5592223074955,0,0,0,1,False,False,True,False
4123105,29786.17838157117,3386.0,43.49,120.67336089781453,84.81984642646191,0.0,30.784697986577186,0.0,0.0,177.20023626698168,0,0,0,0,False,False,True,False
4123204,45484.444444444445,3375.0,32.02,32.355555555555554,107.31851851851852,0.0,37.9894003868472,0.0,0.0,1896.2962962962963,0,0,0,1,False,False,True,False
4123303,42595.5030660913,8806.0,19.49,71.30365659777425,85.88462411991824,7.199636611401317,39.56219015280136,9.0,102.20304337951397,386.1003861003861,1,0,0,0,False,False,True,False
4123402,27395.149541520263,11669.0,41.19,183.74325134973006,76.4161453423601,21.22718313480161,30.86693961105425,3.0,25.709143885508613,1542.5486331305167,0,0,0,0,False,False,True,False
4123501,55623.97023651342,26341.0,33.78,205.90334459587714,75.87411260012908,12.850689039899777,34.00165115139637,3.0,11.38908925249611,728.901712159751,0,0,0,0,False,False,True,False
4123600,29252.840909090908,1760.0,11.14,113.06818181818181,116.36363636363636,0.0,25.51157024793389,0.0,0.0,340.90909090909093,0,0,0,0,False,False,True,False
4123709,27941.605033668176,9059.0,25.5,85.60547521801523,68.57269014239982,0.011038745998454575,31.230648918469218,0.0,0.0,861.0221878794569,0,0,0,0,False,False,True,False
4123808,32463.816475495307,14385.0,43.81,110.29544664581161,70.5457073340285,0.0,43.47397759103641,0.0,0.0,180.74383037886687,0,0,0,0,False,False,True,False
4123824,38312.27782335247,3657.0,28.74,61.8813234891988,106.61744599398413,0.0,41.15873846153846,0.0,0.0,765.6549083948591,0,0,0,0,False,False,True,False
4123857,26771.156735102653,9985.0,11.87,28.02203304957436,65.52829243865799,0.0,38.97455284552846,0.0,0.0,200.300450676014,0,0,0,0,False,False,True,False
4123907,44686.06126518035,11034.0,25.9,166.33133949610294,69.47616458220047,18.92332789559543,32.897016706443914,3.0,27.18868950516585,906.289650172195,0,0,0,0,False,False,True,False
4123956,26981.618737029352,3373.0,12.91,98.04328490957604,78.68366439371479,0.0,24.848484848484848,0.0,0.0,711.5327601541654,0,0,0,0,False,False,True,False
4124004,30490.582800284294,5628.0,21.94,64.96090973702914,77.23880597014926,0.0,19.640104166666667,0.0,0.0,106.60980810234541,0,0,0,0,False,False,True,False
4124020,42337.26089170121,13749.0,40.39,186.79903993017675,89.75925521856135,0.0,37.02810615989515,3.0,21.81976871045167,1221.9070477852936,0,0,0,0,False,False,True,False
4124053,27433.127120335263,25055.0,90.44,195.76531630413092,75.13071243264817,18.32368788664937,75.19070076223261,6.0,23.94731590500898,1812.0135701456795,0,0,0,1,False,False,True,False
4124103,33065.33579303377,45534.0,61.5,185.89844951025609,79.35608556243686,22.844467870162955,51.74149800159872,9.0,19.765449993411515,759.8717441911539,1,0,0,0,False,False,True,False
4124202,21657.05128205128,2496.0,11.38,147.39583333333334,71.11378205128206,0.0,32.52556650246305,0.0,0.0,480.7692307692308,0,0,0,0,False,False,True,False
4124301,50516.06805293006,2116.0,12.72,81.28544423440454,99.9054820415879,0.0,22.4906,0.0,0.0,945.179584120983,0,0,0,0,False,False,True,False
4124400,26306.200292160363,24644.0,72.69,142.78120434994318,56.646648271384514,7.360818049018016,20.95293103448276,39.0,158.2535302710599,852.1343937672456,1,1,1,0,False,False,True,False
4124509,83181.49132405815,6397.0,22.06,138.94012818508676,88.2601219321557,0.0,22.638557213930348,0.0,0.0,66656.24511489761,0,0,0,1,False,False,True,False
4124608,59002.68176400477,6712.0,29.27,139.40703218116806,88.55780691299165,0.0,45.086,0.0,0.0,50953.51609058403,0,0,0,1,False,False,True,False
4124707,29587.73939338404,10913.0,13.15,40.06231100522313,71.52020525978192,0.009163383121048292,25.0331918997107,0.0,0.0,714.7438834417667,0,0,0,0,False,False,True,False
4124806,72822.40392477515,12230.0,30.63,189.41946034341782,90.44971381847915,0.0,18.201444866920152,0.0,0.0,196.23875715453804,0,0,0,0,False,False,True,False
4124905,27507.47330960854,5620.0,18.35,101.72597864768683,76.53024911032028,0.0,48.22674927113703,0.0,0.0,71.17437722419929,0,0,0,0,False,False,True,False
4125001,33756.72897196261,10700.0,30.19,82.53271028037383,85.82242990654206,0.0,18.68737335834897,0.0,0.0,373.8317757009346,0,0,0,0,False,False,True,False
4125100,41625.727213962506,13923.0,19.05,50.829562594268474,56.45335057099763,0.0,27.123765996343693,0.0,0.0,229.83552395317102,0,0,0,0,False,False,True,False
4125209,49563.76963350785,9550.0,24.71,160.1675392670157,81.04712041884817,0.0,34.12841688654353,0.0,0.0,3392.670157068063,0,0,0,1,False,False,True,False
4125308,77279.99229732332,5193.0,16.4,106.18139803581745,93.2216445214712,0.0,34.57966360856269,0.0,0.0,770.2676680146351,0,0,0,0,False,False,True,False
4125357,21830.15467787956,6659.0,16.0,131.46118035741102,92.86679681633879,0.0,21.85815277777778,0.0,0.0,390.4490163688242,0,0,0,0,False,False,True,False
4125407,37918.316831683165,6060.0,15.11,57.31023102310231,68.86138613861387,0.0,28.868222222222222,0.0,0.0,165.01650165016503,0,0,0,0,False,False,True,False
4125456,24571.71215880893,4030.0,21.69,158.75930521091811,75.48387096774194,0.0,43.72108504398827,0.0,0.0,2431.761786600496,0,0,0,1,False,False,True,False
4125506,78140.83276434713,345644.0,348.28,205.9928712779623,73.75565610859728,48.17905127819375,106.33652344796138,393.0,113.70080198122925,2629.294881438706,1,1,1,1,False,False,True,False
4125555,28687.52876208008,2173.0,22.42,38.15002300966406,95.99631845375058,0.0,15.143658536585365,0.0,0.0,920.3865623561896,0,0,0,0,False,False,True,False
4125605,34940.1792089927,43413.0,31.58,183.82972842236197,75.5004261396356,15.817842581715155,40.25667383652719,18.0,41.4622348144565,2059.2909957846728,1,1,1,1,False,False,True,False
4125704,48681.40274190344,30198.0,34.18,150.79475461951122,71.0510629843036,16.45804357904497,26.717140009965124,3.0,9.934432743890325,860.9841711371614,0,0,0,0,False,False,True,False
4125753,42841.74033628012,5769.0,18.76,120.12480499219969,86.58346333853355,0.0,19.93657043879908,0.0,0.0,1074.7096550528688,0,0,0,0,False,False,True,False
4125803,42982.348159331086,8611.0,26.93,112.20531877830682,87.38822436418535,0.0,28.39014787430684,0.0,0.0,4366.507954941354,0,0,0,1,False,False,True,False
4125902,33182.58633357825,2722.0,10.62,53.19617927994122,68.0382072005878,0.036737692872887584,25.77533697632058,0.0,0.0,2424.6877296105804,0,0,0,1,False,False,True,False
4126009,37055.8024691358,8100.0,35.54,79.25925925925925,82.35802469135803,0.0,43.861094452773614,0.0,0.0,1604.9382716049383,0,0,0,0,False,False,True,False
4126108,30900.37807183365,5290.0,23.93,16.729678638941397,97.31568998109641,0.0,18.611730769230768,0.0,0.0,1247.6370510396976,0,0,0,0,False,False,True,False
4126207,22682.783018867925,6784.0,9.88,49.248231132075475,85.83431603773585,0.0,14.352007389162562,0.0,0.0,117.9245283018868,0,0,0,0,False,False,True,False
4126256,16478.395675159994,125785.0,1144.48,153.12954644830464,55.82144134833247,27.919863258735145,65.83067706450446,33.0,26.23524267599475,442.0240887228207,1,1,1,0,False,False,True,False
4126272,123985.80889309366,6342.0,40.16,161.77861873226112,79.54903815830968,0.0,30.05797235023041,0.0,0.0,3532.008830022075,0,0,0,1,False,False,True,False
4126306,38329.68173431735,17344.0,11.98,54.918127306273064,82.73178044280442,0.0,40.72983347940403,0.0,0.0,32160.9778597786,0,0,0,1,False,False,True,False
4126355,56700.8563643441,5138.0,10.38,155.95562475671468,106.63682366679642,0.0,27.93216814159292,0.0,0.0,77.85130400934216,0,0,0,0,False,False,True,False
4126405,73487.03017469561,5667.0,12.63,105.0644079760014,86.92429857067232,0.0,37.04442986054143,0.0,0.0,1058.7612493382742,0,0,0,0,False,False,True,False
4126504,42685.53420255824,16183.0,31.51,130.85954396589014,88.24692578631898,15.213495643576593,28.02288071664309,6.0,37.07594389173824,605.5737502317246,0,0,0,0,False,False,True,False
4126603,29797.402159244262,23712.0,82.04,98.46069500674764,80.94635627530364,0.32473009446693657,27.86361186546897,3.0,12.651821862348179,455.4655870445344,0,0,0,0,False,False,True,False
4126652,45356.223175965664,3495.0,20.15,56.223175965665234,68.12589413447783,0.0,33.72258426966292,0.0,0.0,743.9198855507868,0,0,0,0,False,False,True,False
4126678,36785.43917332081,10645.0,22.68,50.52137153593236,68.7646782527008,3.757632691404415,48.58121229698376,15.0,140.91122592766558,1953.9689995302958,1,1,1,1,False,False,True,False
4126702,25369.752962442257,4979.0,25.24,133.9224743924483,58.02369953805985,0.0,15.03631991051454,0.0,0.0,281.180960032135,0,0,0,0,False,False,True,False
4126801,30553.67579206398,16255.0,26.83,112.88219009535527,74.94309443248231,16.462626884035682,37.34467302452316,6.0,36.91171947093202,1439.5570593663488,0,0,0,0,False,False,True,False
4126900,26393.0844658524,5813.0,13.23,174.90108377773956,69.70583175640805,0.0,21.083186813186813,0.0,0.0,309.65078272836746,0,0,0,0,False,False,True,False
4127007,64336.08182861914,9581.0,10.57,44.076818703684374,59.77455380440455,14.946247782068678,36.75724137931034,3.0,31.311971610479073,1168.9802734578855,0,0,0,0,False,False,True,False
4127106,63660.45191884118,77182.0,54.27,198.61107512114222,68.75955533673654,35.782954574900884,53.58978606588413,45.0,58.30374957891736,19538.234303334975,1,1,1,1,False,False,True,False
4127205,31550.08865248227,18048.0,54.75,150.3269060283688,92.29277482269504,0.005540780141843972,32.700961158657016,0.0,0.0,598.4042553191489,0,0,0,0,False,False,True,False
4127304,25095.403295750217,14989.0,21.18,99.0993395156448,92.54786843685369,0.006671559143371806,25.222309479553903,0.0,0.0,3856.161184868904,0,0,0,1,False,False,True,False
4127403,48312.75609230105,18548.0,22.63,230.17036877291352,82.29997843433254,0.0,22.560174741858617,0.0,0.0,1434.1168859176191,0,0,0,0,False,False,True,False
4127502,70924.94089834516,20304.0,6.7,68.74507486209613,80.56540583136328,7.722616233254531,33.38232744783306,3.0,14.775413711583925,3073.2860520094564,0,0,0,1,False,False,True,False
4127601,31532.57836861973,18279.0,26.23,187.48290387876798,87.98074292904425,10.930576070901035,60.93699551569507,9.0,49.23682914820286,678.3740904863505,1,0,0,0,False,False,True,False
4127700,47170.533350145,158620.0,125.6,228.6874290757786,68.818560080696,40.41798007817425,78.25282638555045,126.0,79.4351279788173,2273.3577102509144,1,1,1,1,False,False,True,False
4127809,38158.44614479105,8495.0,14.25,94.27898763978811,52.442613301942316,0.0,32.399288437102925,0.0,0.0,164.802825191289,0,0,0,0,False,False,True,False
4127858,38935.07189425739,11197.0,22.03,73.09100651960347,75.96677681521837,0.0,29.88807467911319,0.0,0.0,446.54818254889705,0,0,0,0,False,False,True,False
4127882,22870.35861631228,6302.0,9.3,53.332275468105365,67.99428752776896,12.361155188828944,47.81749464668094,3.0,47.60393525864805,2697.5563313233893,0,0,0,1,False,False,True,False
4127908,28872.2668313774,8095.0,11.54,104.15071031500926,78.18406423718345,0.0,24.473286384976525,0.0,0.0,568.2520074119827,0,0,0,0,False,False,True,False
4127957,52587.3963920039,8204.0,26.94,98.20819112627986,93.40565577766942,0.0,38.13918981481482,0.0,0.0,853.2423208191126,0,0,0,0,False,False,True,False
4127965,41654.91933808765,14443.0,15.16,15.052274458215052,70.15855431697015,0.0,29.017177974434613,0.0,0.0,2367.9291006023677,0,0,0,1,False,False,True,False
4128005,67168.63267625505,25517.0,37.92,184.38687933534507,67.09252655092683,20.997766195085628,69.68051580698835,6.0,23.513735940745384,1191.3626209977663,0,0,0,0,False,False,True,False
4128104,33643.86908470796,121972.0,94.85,221.22208375692782,71.42950841176663,41.75794444626636,63.06207187407188,123.0,100.84281638408815,803.4630898894828,1,1,1,0,False,False,True,False
4128203,34738.63858006631,56397.0,76.43,201.21105732574426,89.80264907707857,33.18970867244712,43.73928720238095,24.0,42.55545507739773,599.3226590066847,1,1,1,0,False,False,True,False
4128302,47090.05186232909,2121.0,22.53,169.07119283356906,96.79396511079679,0.0,30.853362831858405,0.0,0.0,660.0660066006601,0,0,0,0,False,False,True,False
4128401,35346.01710387239,10407.0,43.76,179.31200153742674,94.95531853560104,0.0,32.52868825910931,0.0,0.0,864.8025367541078,0,0,0,0,False,False,True,False
4128500,36604.271744724654,19430.0,48.22,110.9933093154915,75.72310859495626,22.532166752444674,24.26150867189356,45.0,231.60061760164695,1060.2161605764281,1,1,1,0,False,False,True,False
4128534,35545.86358523367,9779.0,11.82,50.0562429696288,58.01206667348399,16.382043153696696,24.759206927985414,3.0,30.677983433888947,2024.7469066366705,0,0,0,1,False,False,True,False
4128559,41462.01531542482,8227.0,25.12,132.01653093472711,87.94214172845508,0.012155099064057371,39.510313225058006,0.0,0.0,1142.579312021393,0,0,0,0,False,False,True,False
4128609,62070.301825860144,8051.0,25.44,202.34753446776799,72.76114768351758,0.0,27.689977578475336,0.0,0.0,149.049807477332,0,0,0,0,False,False,True,False
4128625,36938.90152746181,3077.0,3.16,333.18167045823856,99.67500812479688,0.0,32.26981452859351,0.0,0.0,97.49756256093598,0,0,0,0,False,False,True,False
4128633,17184.65269357353,5773.0,7.33,5.109994803395115,54.581673306772906,11.467174779144292,26.58256484149856,3.0,51.96604884808592,796.8127490039841,0,0,0,0,False,False,True,False
4128658,49382.61322228006,3842.0,15.3,133.26392503904216,86.80374804789172,0.0,35.42709239130435,0.0,0.0,676.730869338886,0,0,0,0,False,False,True,False
4128708,48476.0700389105,10280.0,31.49,164.23151750972764,62.762645914396884,0.0,34.13853749072012,0.0,0.0,194.55252918287937,0,0,0,0,False,False,True,False
4128807,20446.24850452914,5851.0,16.12,105.67424371902239,89.60861391215177,0.0,28.25358273381295,0.0,0.0,683.6438215689626,0,0,0,0,False,False,True,False
4200051,28534.37143942271,2633.0,10.94,43.25864033421952,83.89669578427649,1.7470565894417014,65.03462962962963,12.0,455.75389289783516,7595.89821496392,1,1,0,1,False,False,True,False
4200101,44311.456923770864,17736.0,18.23,115.79837618403248,74.61096075778079,0.005638249887235002,27.24515596988168,0.0,0.0,2762.7424447451513,0,0,0,1,False,False,True,False
4200200,34474.632320946825,11491.0,53.14,176.22487163867373,107.1534244191106,1.4794186754851624,23.07983465132998,0.0,0.0,174.04925593943085,0,0,0,0,False,False,True,False
4200309,36423.67844854552,6394.0,46.66,83.98498592430404,45.98060681889271,7.2724429152330305,45.18941492938803,12.0,187.67594619956208,250.23459493274945,1,1,0,0,False,False,True,False
4200408,98278.03773584904,6625.0,4.93,148.5132075471698,73.40377358490566,4.286792452830189,36.93091633466136,15.0,226.41509433962264,10113.207547169812,1,1,1,1,False,False,True,False
4200507,22471.76892950392,6128.0,43.27,142.68929503916448,48.3355091383812,0.08159268929503917,28.76379076086957,0.0,0.0,1436.0313315926892,0,0,0,0,False,False,True,False
4200556,55037.1245359433,2963.0,37.05,176.8140398245022,111.54235572055349,0.06749915626054674,45.50045112781955,0.0,0.0,877.4890313871076,0,0,0,0,False,False,True,False
4200606,28182.71674668173,7082.0,20.64,237.37644733126237,108.76870940412313,35.66789042643321,75.07090909090908,3.0,42.360914995763906,1355.549279864445,0,0,0,0,False,False,True,False
4200705,30976.70778862088,10862.0,14.29,76.18302338427546,60.246731725280796,16.71883631007181,76.75260837070255,15.0,138.0961148959676,626.0357208617197,1,1,1,0,False,False,True,False
4200754,42470.967741935485,1860.0,17.94,161.55913978494624,119.24731182795699,0.0,15.708728813559324,0.0,0.0,2365.5913978494623,0,0,0,1,False,False,True,False
4200804,34058.32219251337,5984.0,25.58,138.1851604278075,65.30748663101605,0.0,23.548857142857145,0.0,0.0,4679.144385026738,0,0,0,1,False,False,True,False
4200903,31900.76754385965,5472.0,10.72,217.56213450292398,38.41374269005848,12.171052631578947,40.507134502923975,9.0,164.47368421052633,913.7426900584795,1,0,0,0,False,False,True,False
4201000,27669.057009680888,8367.0,14.05,96.25911318274173,65.96151547747101,3.3345285048404447,38.8501447368421,6.0,71.71029042667622,9585.27548703239,0,0,0,1,False,False,True,False
4201109,22696.725711218463,3726.0,6.65,104.88459473966721,70.71926999463231,1.556629092860977,38.09450980392157,6.0,161.0305958132045,429.41492216854533,0,0,0,0,False,False,True,False
4201208,65731.22627496287,12118.0,47.88,232.24954612972437,75.7055619739231,14.944710348242284,46.62031864046734,15.0,123.7828024426473,363.0962204984321,1,1,1,0,False,False,True,False
4201257,44157.68463073852,10020.0,19.88,195.3992015968064,87.36526946107784,11.147704590818364,79.45817060085837,9.0,89.82035928143712,2335.329341317365,1,0,0,1,False,False,True,False
4201273,63386.226877646535,4487.0,32.97,124.20325384443949,100.62402496099844,0.08914642299977714,38.52759183673469,0.0,0.0,1292.6231334967683,0,0,0,0,False,False,True,False
4201307,149228.74566543105,50178.0,117.1,183.1858583442943,83.2237235441827,42.440910359121524,49.41120468759488,60.0,119.57431543704412,1243.5728805452588,1,1,1,0,False,False,True,False
4201406,31552.442557244336,75597.0,238.3,178.9317036390333,83.75067793695517,22.896411233249996,53.378876248815,21.0,27.77888011429025,2103.2580657962617,1,1,1,1,False,False,True,False
4201505,29615.367871136263,9188.0,50.78,183.22812363952983,82.72747061384415,0.0544188071397475,35.47422147651007,0.0,0.0,2829.77797126687,0,0,0,1,False,False,True,False
4201604,34716.923925027564,3628.0,38.02,212.12789415656007,77.01212789415656,0.4685777287761852,13.68671052631579,0.0,0.0,441.0143329658214,0,0,0,0,False,False,True,False
4201653,78412.30769230769,2600.0,27.73,179.76923076923077,130.76923076923077,0.0,40.52766666666667,0.0,0.0,1153.8461538461538,0,0,0,0,False,False,True,False
4201703,28371.858714533875,8635.0,73.7,209.7394325419803,59.212507237984944,16.386797915460335,41.15523206751055,27.0,312.68094962362477,2408.8013896931093,1,1,1,1,False,False,True,False
4201802,38526.299694189605,3270.0,34.19,128.9296636085627,31.743119266055047,0.8868501529051988,55.189192546583854,6.0,183.4862385321101,244.64831804281346,0,0,0,0,False,False,True,False
4201901,57095.27150273608,7127.0,32.75,157.1208081941911,61.807212010663676,4.6302792198681075,30.29908443540183,12.0,168.3737898133857,701.5574575557738,1,1,0,0,False,False,True,False
4201950,12890.328202149289,17215.0,167.45,308.42869590473424,106.29683415625908,0.7377287249491722,37.2364413938754,12.0,69.70665117629974,1173.3952948010456,1,1,0,0,False,False,True,False
4202008,49467.38326678229,148758.0,3077.7,237.2188386506944,87.82855375845332,75.52602212990226,82.19256444249423,417.0,280.3210583632477,1653.6925745170008,1,1,1,1,False,False,True,False
4202057,15564.731051344745,16360.0,136.92,177.59779951100245,101.43031784841075,16.87041564792176,41.10508996971316,12.0,73.34963325183374,1210.2689486552567,1,1,0,0,False,False,True,False
4202073,12538.714896567664,17306.0,106.71,185.7448283832197,86.53068300011557,6.18860510805501,34.85677057070823,9.0,52.005084941638735,1120.9984976308795,1,0,0,0,False,False,True,False
4202081,31517.7304964539,3243.0,21.23,69.04101140918903,85.3222325007709,0.0,50.26796380090497,0.0,0.0,740.0555041628122,0,0,0,0,False,False,True,False
4202099,31456.67870036101,1662.0,18.02,254.33212996389892,96.81107099879664,0.06016847172081829,15.247647058823528,0.0,0.0,1684.7172081829121,0,0,0,1,False,False,True,False
4202107,46766.114725014784,50730.0,326.52,327.0392272816874,84.03114527892765,56.946579932978516,84.10699302505812,72.0,141.92785334121822,2680.8594520007887,1,1,1,1,False,False,True,False
4202131,33083.529411764706,5950.0,10.96,63.142857142857146,43.983193277310924,0.2857142857142857,32.1989534883721,6.0,100.84033613445378,4436.9747899159665,0,0,0,1,False,False,True,False
4202156,21281.653746770025,2709.0,28.32,97.48984865263935,101.29198966408269,0.11074197120708748,22.60155172413793,0.0,0.0,1624.2155777039497,0,0,0,1,False,False,True,False
4202206,43784.6898863848,10738.0,27.09,233.53510895883778,23.002421307506054,30.49916185509406,49.217720588235295,27.0,251.44347178245482,3259.452411994785,1,1,1,1,False,False,True,False
4202305,32553.250109718632,82028.0,209.9,255.73462720046814,72.3326181303945,49.94635977958746,91.02095001380832,75.0,91.43219388501487,1899.3514409713757,1,1,1,1,False,False,True,False
4202404,54071.60329692562,380597.0,696.58,191.2505878921799,64.23644957789999,55.86197473968529,114.95049534066231,738.0,193.90588995709373,2113.521651510653,1,1,1,1,False,False,True,False
4202438,37561.6362631288,3618.0,6.88,60.08844665561084,63.81978993919292,0.0,28.207943548387096,0.0,0.0,939.7457158651189,0,0,0,0,False,False,True,False
4202453,31645.535843069378,27732.0,713.03,453.10471657291214,87.45492571758258,60.65916630607241,87.11576269577598,111.0,400.2596278667244,3021.7798932640994,1,1,1,1,False,False,True,False
4202503,92268.61966236346,4028.0,4.29,77.08540218470705,108.36643495531281,9.35948361469712,41.5726179245283,9.0,223.4359483614697,13406.156901688182,1,0,0,1,False,False,True,False
4202537,55381.96378830083,2872.0,43.47,156.19777158774374,79.66573816155989,0.0,73.83562289562289,0.0,0.0,1810.5849582172702,0,0,0,1,False,False,True,False
4202578,32991.047448522826,2234.0,32.27,162.04118173679498,60.116383169203225,0.0,42.93112970711297,0.0,0.0,626.6786034019696,0,0,0,0,False,False,True,False
4202602,49877.53897024091,8468.0,7.96,148.46480869154465,66.8398677373642,18.445914029286726,33.782540861812784,12.0,141.70996693434105,826.6414737836561,1,1,0,0,False,False,True,False
4202701,76585.63044638094,5623.0,18.1,211.91534767917483,70.88742664058331,2.2407967277254133,34.26139240506329,6.0,106.70460608216254,2632.0469500266763,0,0,0,1,False,False,True,False
4202800,49108.375077390665,35534.0,159.27,221.63561659255924,73.75471379523836,35.23386052794507,69.58784744551626,15.0,42.21309168683514,8791.579895311532,1,1,1,1,False,False,True,False
4202859,59517.24958363074,4203.0,45.03,126.98072805139186,83.94004282655246,1.6892695693552224,36.23597609561753,0.0,0.0,856.5310492505354,0,0,0,0,False,False,True,False
4202875,55944.444444444445,2466.0,7.4,252.2303325223033,136.57745336577455,1.05433901054339,32.31598290598291,0.0,0.0,1784.2660178426602,0,0,0,1,False,False,True,False
4202909,57417.51508729903,151949.0,496.65,204.9023027463162,62.60060941500109,51.52386656049069,83.06150016931933,186.0,122.40949265872102,864.7638352341904,1,1,1,0,False,False,True,False
4203006,61888.68128108634,75998.0,74.96,182.6429642885339,61.78057317297824,39.701044764335904,51.47021965317919,57.0,75.00197373615096,8521.276875707255,1,1,1,1,False,False,True,False
4203105,49257.50272119421,6431.0,36.42,210.44938578759135,94.184419219406,0.015549681231534754,27.168524124881746,0.0,0.0,777.4840615767376,0,0,0,0,False,False,True,False
4203154,27808.42584685454,3513.0,5.41,5.636208368915457,62.226017648733276,0.7685738684884714,34.32697530864198,6.0,170.79419299743807,12411.044691147168,0,0,0,1,False,False,True,False
4203204,19754.87337590839,113525.0,489.5,178.62056815679367,62.2602950891874,49.214710416207886,65.88133768487151,93.0,81.92028187623872,1567.9365778462893,1,1,1,0,False,False,True,False
4203253,88786.9285984133,2647.0,1.97,66.64148092179826,56.1768039289762,0.6422364941443143,44.76236065573771,6.0,226.67170381564034,5062.334718549301,0,0,0,1,False,False,True,False
4203303,54600.31213421771,12815.0,25.04,81.65431135388216,79.5942255169723,2.6765509168942647,32.72238578680203,21.0,163.87046429964886,1825.9851736246585,1,1,1,1,False,False,True,False
4203402,45358.7578316535,7342.0,7.08,148.80141650776355,66.3715608825933,1.7570144374829746,31.913476357267957,6.0,81.72160174339417,22500.68101334786,0,0,0,1,False,False,True,False
4203501,44503.86257369384,9838.0,20.08,141.0245984956292,95.11079487700752,0.0,23.821075630252103,0.0,0.0,3110.388290302907,0,0,0,1,False,False,True,False
4203600,67527.60244205299,38656.0,21.5,156.07408940397352,85.23127069536424,12.241307947019868,69.57271408839779,9.0,23.28228476821192,1567.6738410596026,1,0,0,0,False,False,True,False
4203709,22042.94341310669,13413.0,84.9,110.22888242749572,88.98829493774696,29.046447476328936,54.52094670406732,12.0,89.46544397226572,417.50540520390666,1,1,0,0,False,False,True,False
4203808,38841.82225278116,56721.0,47.92,159.73801590239947,70.60348019252129,29.655683080340616,42.38039358944143,48.0,84.62474215898874,7845.418804322914,1,1,1,1,False,False,True,False
4203907,44289.377895433485,24176.0,95.53,186.61896095301125,57.32544672402383,21.68679682329583,58.05421097046414,9.0,37.227001985440104,2407.3461283917936,1,0,0,1,False,False,True,False
4203956,54381.34602201702,24799.0,450.47,152.64728416468407,72.9424573571515,25.182467034961086,44.157534662868,18.0,72.5835719182225,55502.237993467475,1,1,1,1,False,False,True,False
4204004,48535.47266410678,10938.0,53.05,202.6421649296032,81.7151215944414,16.575242274638875,44.92630274261604,51.0,466.26439934174437,1682.2088133113914,1,1,1,1,False,False,True,False
4204103,34688.92645815723,4732.0,32.75,153.0008453085376,64.30684699915469,0.0,25.582388059701493,6.0,126.79628064243448,295.85798816568047,0,0,0,0,False,False,True,False
4204152,23043.00699300699,2860.0,13.46,185.87412587412587,104.72027972027972,0.27972027972027974,51.71980198019802,12.0,419.5804195804196,2587.4125874125875,1,1,0,1,False,False,True,False
4204178,42518.34034876729,3326.0,7.93,32.20084185207456,81.44918821407096,0.21046301864101022,34.49064220183486,6.0,180.3968731208659,1383.0426939266385,0,0,0,0,False,False,True,False
4204194,32256.916996047432,3036.0,23.63,34.22266139657444,141.20553359683794,0.16469038208168643,25.16494680851064,0.0,0.0,395.25691699604744,0,0,0,0,False,False,True,False
4204202,49626.140115017086,275959.0,407.76,209.8866135911494,84.62126620258806,46.18004848546342,92.53848833186564,225.0,81.53385104308974,6809.707239118855,1,1,1,1,False,False,True,False
4204251,49603.226887003126,17912.0,242.94,243.7751228226887,65.76596694953103,33.50267976775346,77.13530853761624,12.0,66.99419383653417,692.2733363108531,1,1,0,0,False,False,True,False
4204301,53032.36723965481,85982.0,102.16,218.30499406852596,69.52269079574795,35.74934288572027,73.53895370837537,66.0,76.76025214579796,4159.010025354144,1,1,1,1,False,False,True,False
4204350,85227.10335359875,5099.0,57.22,150.32359286134536,121.23945871739556,0.019611688566385566,49.88790697674419,0.0,0.0,549.1272798587959,0,0,0,0,False,False,True,False
4204400,36056.22224322026,10583.0,44.45,122.76292166682416,77.50165359538883,0.05669469904563923,25.365023724792408,0.0,0.0,7748.275536237362,0,0,0,1,False,False,True,False
4204459,28292.899408284025,2028.0,19.21,106.45956607495069,62.27810650887574,0.0,16.70190909090909,0.0,0.0,493.0966469428008,0,0,0,0,False,False,True,False
4204509,50542.10759774412,15781.0,37.63,159.04568785248082,86.55345035168874,11.621570242696913,77.73635536398469,15.0,95.05101070908054,747.7346175781003,1,1,1,0,False,False,True,False
4204558,36587.51469405432,16163.0,24.29,157.22947472622656,86.74750974447812,0.7981191610468353,30.027894486692016,3.0,18.560910722019425,977.5412980263565,0,0,0,0,False,False,True,False
4204608,44678.9698199138,225281.0,913.26,179.39062770495514,68.9077196922954,54.29707787163587,95.4424549646304,366.0,162.4637674726231,1204.717663717757,1,1,1,0,False,False,True,False
4204707,82758.92219842969,11208.0,49.76,188.0353319057816,96.32405424696645,2.578515346181299,39.543254658385095,0.0,0.0,6388.294075660243,0,0,0,1,False,False,True,False
4204756,33015.36174430129,2018.0,35.91,207.97819623389495,68.43409316154609,0.0,16.587222222222223,0.0,0.0,792.8642220019822,0,0,0,0,False,False,True,False
4204806,45176.045480824825,41512.0,42.16,223.49682019656967,68.5368086336481,30.01782617074581,74.0368964363393,30.0,72.26825978030449,5795.91443438042,1,1,1,1,False,False,True,False
4204905,34527.25173210161,8660.0,29.72,155.43879907621246,77.87528868360278,0.011547344110854504,38.30808297567954,0.0,0.0,1362.5866050808313,0,0,0,0,False,False,True,False
4205001,41604.35464888191,15294.0,39.62,175.7617366287433,78.27906368510527,13.077023669412842,24.82768745067088,39.0,255.00196155355042,2000.7846214201647,1,1,1,1,False,False,True,False
4205100,37769.59890610757,4388.0,23.69,114.44849589790337,64.65360072926163,5.560619872379216,23.87404761904762,6.0,136.73655423883318,319.05195989061076,0,0,0,0,False,False,True,False
4205159,47248.18499596666,3719.0,9.72,226.02850228556065,68.0828179618177,33.476741059424576,25.722767295597485,18.0,484.0010755579457,1613.3369185264855,1,1,1,0,False,False,True,False
4205175,17193.191489361703,3525.0,32.75,158.95035460992906,65.1063829787234,0.0,55.72777173913043,0.0,0.0,624.113475177305,0,0,0,0,False,False,True,False
4205191,75160.49382716049,2349.0,34.74,203.06513409961687,126.22392507449979,0.0,16.567443037974684,0.0,0.0,681.1409110259685,0,0,0,0,False,False,True,False
4205209,36045.85711474119,5081.0,23.39,84.62901003739421,95.197795709506,0.09840582562487699,46.95542986425339,6.0,118.08699074985239,275.53631174965557,0,0,0,0,False,False,True,False
4205308,66025.68344071043,11486.0,32.91,180.81142260142784,101.08828138603518,0.06965000870625108,25.003271028037386,0.0,0.0,2350.6877938359744,0,0,0,1,False,False,True,False
4205357,34744.86486486487,1850.0,30.5,225.1891891891892,71.1891891891892,0.32432432432432434,47.03279069767442,0.0,0.0,864.8648648648649,0,0,0,0,False,False,True,False
4205407,40877.0666301155,576361.0,796.05,230.04054750408164,82.2352657449064,70.4211423049096,137.34662810919906,1479.0,256.6100065757399,6652.080900685508,1,1,1,1,False,False,True,False
4205431,28668.24644549763,2743.0,26.71,400.8749544294568,71.34524243528983,0.07291286912139992,23.60056,0.0,0.0,364.5643456069996,0,0,0,0,False,False,True,False
4205456,36091.48516018745,33929.0,171.43,127.87291107901795,45.78679006159922,10.899230746558992,59.45846726862303,9.0,26.52598072445401,1420.6136343540925,1,0,0,0,False,False,True,False
4205506,37298.20194447698,34148.0,60.96,213.80754363359495,68.43153332552419,26.88590839873492,70.20049732343291,33.0,96.63816328921166,28101.20651282652,1,1,1,1,False,False,True,False
4205555,41809.17280917281,2442.0,15.19,99.22194922194922,51.22850122850123,3.6855036855036856,60.12571428571428,6.0,245.7002457002457,737.1007371007371,0,0,0,0,False,False,True,False
4205605,31238.4375,3200.0,22.96,174.28125,99.25,0.0,16.02914285714286,0.0,0.0,2937.5,0,0,0,1,False,False,True,False
4205704,23462.3202475578,32962.0,261.03,270.8421819064377,63.96153146046963,51.09520053394818,71.20341512805241,54.0,163.82501061828773,5551.847582064195,1,1,1,1,False,False,True,False
4205803,103980.87347857216,19554.0,36.83,137.02567249667587,83.18502608162012,20.144216017183187,68.42873669988178,27.0,138.07916538815587,5083.358903549146,1,1,1,1,False,False,True,False
4205902,54004.6114676158,76982.0,187.71,185.37710114052635,79.41077134914656,31.404743966121952,61.79111685048164,72.0,93.5283572783248,3198.1502169338287,1,1,1,1,False,False,True,False
4206009,25098.66071428572,17920.0,132.61,463.09151785714283,110.32366071428571,29.927455357142858,57.5947882534776,42.0,234.375,8091.517857142857,1,1,1,1,False,False,True,False
4206108,51456.307644208224,6397.0,18.77,197.35813662654368,75.39471627325308,0.01563232765358762,29.546322115384616,0.0,0.0,2501.1724245740193,0,0,0,1,False,False,True,False
4206207,29817.84586958196,12989.0,75.04,178.15844175841096,91.40811455847255,0.03849411040110863,33.583709476309224,0.0,0.0,1401.1856186003542,0,0,0,0,False,False,True,False
4206306,48421.36339237788,26082.0,142.55,205.9197914270378,69.22398589065256,22.781995245763362,44.23224617796943,24.0,92.01748332183115,2216.0877233341002,1,1,1,1,False,False,True,False
4206405,41180.887681159424,11040.0,32.54,163.0253623188406,77.5,0.0,26.895955056179776,0.0,0.0,2807.9710144927535,0,0,0,1,False,False,True,False
4206504,50347.610180012416,49941.0,174.61,210.44432430267716,73.87517270379047,24.87935764201758,63.084678030303024,30.0,60.070883642698384,1169.3798682445286,1,1,1,0,False,False,True,False
4206603,41348.23433353745,4899.0,47.99,130.00612369871402,109.24678505817513,0.0,35.97565683646113,0.0,0.0,489.8958971218616,0,0,0,0,False,False,True,False
4206652,38307.86662350275,9267.0,40.86,125.60699255422468,58.152584439408656,0.05395489370885939,46.52965760322255,0.0,0.0,280.56544728606883,0,0,0,0,False,False,True,False
4206702,28143.37257024309,22173.0,100.3,147.83294998421505,67.19433545302846,8.618590177242591,56.63057876818322,3.0,13.529968881071573,3580.9317638569432,0,0,0,1,False,False,True,False
4206751,36792.21411192214,2055.0,13.75,109.1970802919708,72.1654501216545,0.09732360097323602,40.37021739130434,0.0,0.0,30072.992700729927,0,0,0,1,False,False,True,False
4206801,44012.71186440678,3304.0,20.9,53.99515738498789,120.61138014527845,0.06053268765133172,38.58035242290749,0.0,0.0,605.3268765133172,0,0,0,0,False,False,True,False
4206900,28999.61283453516,20663.0,80.38,181.12084402071335,79.91579151139719,17.81929051928568,39.01611430503889,15.0,72.59352465760054,648.5021536078982,1,1,1,0,False,False,True,False
4207007,56387.95933071812,62455.0,256.24,175.45432711552317,69.43879593307182,43.20070450724522,75.14855133488622,54.0,86.46225282203186,778.1602753982868,1,1,1,0,False,False,True,False
4207106,66788.81134252899,18197.0,67.37,206.37467714458427,71.41836566467,22.003626971478816,55.17740978593272,21.0,115.40363796230147,2352.036049898335,1,1,1,1,False,False,True,False
4207205,20849.591819906,12127.0,21.91,186.65787086666117,50.58134740661334,0.016492125010307578,30.27282670454545,0.0,0.0,2655.23212665952,0,0,0,1,False,False,True,False
4207304,44610.7972267275,56107.0,289.57,307.5070846774912,84.30855329994475,50.39299909102251,61.65323727041959,63.0,112.28545457786016,10020.140089471903,1,1,1,1,False,False,True,False
4207403,42464.082098061575,6139.0,50.22,107.65597002769181,88.84183091708748,0.2606287669001466,43.11453488372093,6.0,97.73578758755498,423.5217462127382,0,0,0,0,False,False,True,False
4207502,48157.32383110844,76333.0,166.08,229.0451050004585,56.52994117878244,47.79453185385089,75.73357798165138,90.0,117.9044449975764,379.9143227699684,1,1,1,0,False,False,True,False
4207577,77135.11683034203,2953.0,25.24,167.5245513037589,264.40907551642397,0.3386386725364037,19.583957845433257,0.0,0.0,27700.643413477817,0,0,0,1,False,False,True,False
4207601,23114.3473570658,4635.0,29.41,162.1143473570658,103.8403451995685,0.10787486515641856,19.321027397260277,0.0,0.0,474.64940668824164,0,0,0,0,False,False,True,False
4207650,39424.21422663358,9672.0,46.45,168.78618693134823,100.80645161290323,0.0,23.702758620689657,0.0,0.0,5004.13564929694,0,0,0,1,False,False,True,False
4207684,39925.80164056674,8046.0,29.61,87.28560775540642,57.742977877206066,0.0,55.60171314741036,0.0,0.0,546.8555804126274,0,0,0,0,False,False,True,False
4207700,57747.0551766894,8065.0,31.78,166.73279603223807,65.70365778053316,0.09919404835709858,31.504734848484848,0.0,0.0,1115.933044017359,0,0,0,0,False,False,True,False
4207759,33409.737827715355,4005.0,24.14,167.56554307116104,72.15980024968789,0.42446941323345816,17.951124497991966,0.0,0.0,449.438202247191,0,0,0,0,False,False,True,False
4207809,26930.55158616748,10497.0,31.29,146.04172620748784,79.72754120224826,0.02857959416976279,38.10270886075949,0.0,0.0,457.2735067162046,0,0,0,0,False,False,True,False
4207858,26961.42857142857,2100.0,26.56,170.42857142857142,100.42857142857143,0.0,14.718441558441558,0.0,0.0,1142.857142857143,0,0,0,0,False,False,True,False
4207908,43975.95094375779,10437.0,17.44,105.47092076267127,62.94912331129635,5.672128006132031,44.09655172413793,6.0,57.48778384593274,2644.438056912906,0,0,0,1,False,False,True,False
4208005,55366.89466484268,7310.0,42.5,153.67989056087552,105.96443228454173,0.7387140902872777,47.39304182509506,6.0,82.07934336525308,4760.601915184679,0,0,0,1,False,False,True,False
4208104,46069.87379622708,22741.0,16.99,170.28714656347566,69.77705465898597,3.4343256672969527,40.73676496097138,0.0,0.0,2304.2082582120397,0,0,0,1,False,False,True,False
4208203,166234.0256675334,287289.0,913.0,205.90485538952066,72.54263128765807,60.55191810337326,84.28444033325943,327.0,113.82266637427817,6463.874356484237,1,1,1,1,False,False,True,False
4208302,34674.95499819993,83330.0,1304.59,356.6290651626065,85.6786271450858,77.80871234849394,91.5272972401396,165.0,198.0079203168127,1039.2415696627866,1,1,1,0,False,False,True,False
4208401,62093.00833867864,17149.0,59.05,169.54924485392735,61.70039069333489,0.005831243804303458,26.17057425742574,0.0,0.0,1691.0607032480027,0,0,0,1,False,False,True,False
4208450,48890.03068372604,34546.0,125.31,374.87987031783706,105.7285937590459,38.852544433508946,56.49580003235722,39.0,112.89295432177387,11949.285011289296,1,1,1,1,False,False,True,False
4208500,49915.02032665288,28042.0,78.81,198.64132372869267,84.5909706868269,22.616075886170744,46.99981029810298,36.0,128.37886028100706,1619.000071321589,1,1,1,1,False,False,True,False
4208609,40891.54453213078,4435.0,23.62,181.19503945885006,78.0608793686584,21.104847801578355,43.02269102990033,21.0,473.5062006764374,766.6290868094701,1,1,1,0,False,False,True,False
4208708,48995.1909738278,10813.0,24.67,150.25432349949136,68.7505780079534,0.027744381762693053,43.421980830670925,0.0,0.0,425.4138536946268,0,0,0,0,False,False,True,False
4208807,40031.43206164255,21284.0,62.43,218.99548956962977,97.30783687276828,17.416838940048862,42.1762822592538,60.0,281.9018981394475,8663.785002819019,1,1,1,1,False,False,True,False
4208906,61575.245334681975,195753.0,344.06,225.24252501877365,58.48901421689578,51.168564466444955,73.41242314990512,297.0,151.7218126925258,1152.4727590381756,1,1,1,0,False,False,True,False
4208955,37235.066371681416,1808.0,25.93,83.6283185840708,90.81858407079646,0.0,20.01098901098901,0.0,0.0,2654.8672566371683,0,0,0,1,False,False,True,False
4209003,75573.13783363483,31509.0,124.76,208.05801517026882,66.2382176520994,54.29559808308737,67.70284707363122,18.0,57.12653527563553,16458.789552191436,1,1,1,1,False,False,True,False
4209102,68828.15840265817,654888.0,546.41,172.26395963890008,74.56282600994369,53.315986855767704,139.33822559660453,1158.0,176.82412870597722,2271.53345304846,1,1,1,1,False,False,True,False
4209151,20687.64864436341,6307.0,14.76,83.25669890597749,71.33343903599176,0.09513239257967337,28.201812500000003,6.0,95.13239257967338,190.26478515934676,0,0,0,0,False,False,True,False
4209177,32986.91588785047,2675.0,27.94,121.1214953271028,84.97196261682242,0.0,37.27860927152318,6.0,224.29906542056074,149.53271028037383,0,0,0,0,False,False,True,False
4209201,60000.43554006969,2296.0,32.56,202.9616724738676,170.99303135888502,0.17421602787456447,26.71031914893617,6.0,261.3240418118467,1393.7282229965156,0,0,0,0,False,False,True,False
4209300,38327.9431731436,171609.0,62.55,197.9861196091114,65.14693285317203,41.887080514425236,64.7256908323013,225.0,131.11200461514255,2307.571281226509,1,1,1,1,False,False,True,False
4209409,24866.40752864157,43992.0,128.38,206.51936715766502,86.80896526641207,32.34451718494272,41.33347974413646,63.0,143.20785597381342,11761.229314420803,1,1,1,1,False,False,True,False
4209458,33392.99830604179,1771.0,26.05,77.86561264822134,105.47713156408808,0.0,58.25880733944954,9.0,508.1874647092038,1129.305477131564,1,0,0,0,False,False,True,False
4209508,52783.19686721253,8427.0,99.98,164.45947549543135,83.27993354693248,4.639848107274237,47.77660098522168,6.0,71.1997152011392,522.1312448083542,0,0,0,0,False,False,True,False
4209607,28643.208863356587,14622.0,52.9,203.67254821501845,84.42073587744494,7.399808507728081,31.72250700280112,6.0,41.03405826836274,670.2229517165914,0,0,0,0,False,False,True,False
4209706,35915.55364067212,11605.0,12.18,133.968117190866,78.0611805256355,1.6113744075829384,41.76743509865005,6.0,51.701852649719946,3205.5148642826366,0,0,0,1,False,False,True,False
4209805,35428.86719905354,3381.0,11.34,82.6086956521739,85.32978408754806,0.059154096421177166,58.27325581395349,0.0,0.0,3785.8621709553386,0,0,0,1,False,False,True,False
4209854,32947.29993493819,4611.0,23.92,159.44480589893732,60.46410756885708,0.04337453914552158,27.28094674556213,0.0,0.0,390.3708523096942,0,0,0,0,False,False,True,False
4209904,34316.06065066981,13586.0,65.15,142.91182099219785,68.3865744148388,3.7980273811276315,36.45754682997118,12.0,88.32621816575887,1074.6356543500663,1,1,0,0,False,False,True,False
4210001,65378.1131453076,12126.0,44.92,178.5502226620485,57.18291274946396,24.484578591456376,42.80897389738973,9.0,74.22068283028204,4882.0715817252185,1,0,0,1,False,False,True,False
4210035,49400.60698027314,5931.0,49.48,183.34176361490475,138.3577811498904,1.7872196931377509,38.42881538461538,6.0,101.16337885685383,539.5380205698871,0,0,0,0,False,False,True,False
4210050,32859.444444444445,1800.0,6.81,129.38888888888889,37.94444444444444,0.4444444444444444,42.397,0.0,0.0,1333.3333333333333,0,0,0,0,False,False,True,False
4210100,43670.57152377111,57023.0,39.38,181.22511968854673,62.594041000999596,33.38302088630903,65.89798537975467,63.0,110.48173544008559,1616.891429773951,1,1,1,0,False,False,True,False
4210209,19074.27869858809,3258.0,10.5,190.45426642111724,49.079189686924494,0.12277470841006753,50.94795454545454,6.0,184.1620626151013,1718.8459177409454,0,0,0,1,False,False,True,False
4210308,39803.71106693174,7545.0,14.26,136.55400927766732,55.79854208084824,3.0351225977468523,35.43693069306931,6.0,79.52286282306163,3499.0059642147116,0,0,0,1,False,False,True,False
4210407,33249.8478022647,8213.0,124.24,189.77231218799463,109.92329234140996,0.09740655059052722,49.04954380883418,0.0,0.0,292.21965177158165,0,0,0,0,False,False,True,False
4210506,59498.55745315868,30155.0,165.85,252.9398109766208,86.81147405073786,21.425965843143757,67.07599475982533,12.0,39.794395622616484,1790.7478030177417,1,1,0,1,False,False,True,False
4210555,43853.98828301037,2219.0,20.96,128.07570977917982,87.65209553853087,0.04506534474988734,54.41344827586207,0.0,0.0,901.3068949977468,0,0,0,0,False,False,True,False
4210605,42011.17505727217,17897.0,45.83,204.84438732748507,66.48041571213052,12.544001788009163,40.57138361045131,9.0,50.287757724758336,536.402749064089,1,0,0,0,False,False,True,False
4210704,22393.55992844365,2795.0,6.34,7.477638640429338,67.01252236135957,1.5742397137745976,26.49295454545455,6.0,214.6690518783542,10733.452593917711,0,0,0,1,False,False,True,False
4210803,47760.06734951593,7127.0,37.58,227.44492773958189,101.40311491511154,0.0,22.80252077562327,0.0,0.0,252.56068472007857,0,0,0,0,False,False,True,False
4210852,35021.1433046202,2554.0,7.43,138.4103367267032,44.753328112764294,0.46985121378230227,21.155,0.0,0.0,2897.4158183241975,0,0,0,1,False,False,True,False
4210902,40978.34456207892,4156.0,44.18,217.6612127045236,85.89990375360924,0.0,38.04165876777251,0.0,0.0,4908.565928777671,0,0,0,1,False,False,True,False
4211009,106615.99451840251,10216.0,50.26,174.79444009397025,78.99373531714957,0.0,23.36326203208556,0.0,0.0,2838.6844166014093,0,0,0,1,False,False,True,False
4211058,25276.34001082837,9235.0,47.66,506.50785056848946,81.13697888467786,3.0752571737953436,35.7715992970123,0.0,0.0,2425.554953979426,0,0,0,1,False,False,True,False
4211108,30491.460125850776,7787.0,13.8,165.37819442660845,115.7955566970592,1.3997688455117503,45.66804583835947,18.0,231.15448824964685,8449.98073712598,1,1,1,1,False,False,True,False
4211207,47889.54061770049,19265.0,223.83,200.11419672982092,88.4557487671944,3.9813132623929404,37.713839881393625,6.0,31.14456267843239,1494.9390085647547,0,0,0,0,False,False,True,False
4211256,47043.76012965964,3085.0,11.57,218.86547811993518,55.94813614262561,0.0,28.101894736842105,0.0,0.0,194.48946515397083,0,0,0,0,False,False,True,False
4211306,65617.33195184739,93619.0,775.75,228.57005522383278,89.7520802401222,62.751150941582374,78.32793346089748,105.0,112.15672032386588,4926.350420320661,1,1,1,1,False,False,True,False
4211405,45927.69970414201,5408.0,79.2,105.73224852071006,102.27440828402366,0.0,48.41011804384486,0.0,0.0,776.6272189349113,0,0,0,0,False,False,True,False
4211454,40757.09982788296,4648.0,33.02,146.27796901893288,72.28915662650603,0.0,37.377292576419215,0.0,0.0,731.4974182444062,0,0,0,0,False,False,True,False
4211504,48523.64580409767,14252.0,34.07,163.95593600898118,88.38057816446815,3.234633735616054,46.37385150812065,6.0,42.09935447656469,1262.9806342969407,0,0,0,0,False,False,True,False
4211603,76933.70561282932,13968.0,46.31,171.19129438717067,94.57331042382589,27.727663230240548,28.445983884648008,18.0,128.8659793814433,486.8270332187858,1,1,1,0,False,False,True,False
4211652,44885.39325842696,2670.0,17.42,115.65543071161049,80.86142322097378,0.0,30.79284090909091,0.0,0.0,674.1573033707865,0,0,0,0,False,False,True,False
4211702,48543.106970662746,24474.0,43.03,240.32851189016915,81.92367410312985,28.78156410885021,78.66035351635954,12.0,49.031625398381955,1266.6503227915339,1,1,0,0,False,False,True,False
4211751,56136.10798650169,17780.0,20.43,182.87964004499437,75.67491563554556,14.403824521934759,83.1801558891455,6.0,33.74578177727784,20472.44094488189,0,0,0,1,False,False,True,False
4211801,35626.99196164152,7091.0,32.93,178.08489634748273,119.91256522352278,0.05640953321111268,50.64994350282485,0.0,0.0,3497.391059088986,0,0,0,1,False,False,True,False
4211850,62308.66999546073,2203.0,11.57,100.77167498865184,51.42986836132547,0.0,47.36626016260163,0.0,0.0,907.8529278256923,0,0,0,0,False,False,True,False
4211876,29274.09638554217,1992.0,22.39,156.97791164658634,232.07831325301206,0.0,53.53012195121951,0.0,0.0,1405.6224899598394,0,0,0,0,False,False,True,False
4211892,38124.32675044883,2228.0,3.0,117.10053859964093,57.540394973070015,7.809694793536805,36.1356768558952,6.0,269.29982046678634,718.132854578097,0,0,0,0,False,False,True,False
4211900,33445.23926885207,245477.0,563.75,218.85960802845074,70.78341351735601,51.5714303173006,73.3490707735844,270.0,109.98993795752759,941.0250247477361,1,1,1,0,False,False,True,False
4212007,43103.7748086652,7709.0,22.98,123.98495265274354,79.63419379945518,0.0,57.18658307210031,0.0,0.0,4150.992346607861,0,0,0,1,False,False,True,False
4212056,71173.10606060606,2640.0,8.86,316.17424242424244,71.62878787878788,3.2196969696969697,45.84955835962145,6.0,227.27272727272728,530.3030303030303,0,0,0,0,False,False,True,False
4212106,57792.372881355936,15812.0,44.51,207.66506450796862,80.1859347331141,0.01264862130027827,32.849769938650304,0.0,0.0,1758.1583607386794,0,0,0,1,False,False,True,False
4212205,43414.14552295724,19667.0,25.04,126.6995474652972,81.85793461127777,1.6423450449992374,33.547691924227315,6.0,30.507957492245893,1830.4774495347538,0,0,0,1,False,False,True,False
4212239,32747.02925045704,4376.0,23.66,55.39305301645338,66.70475319926874,0.0,59.684192139738,0.0,0.0,457.0383912248629,0,0,0,0,False,False,True,False
4212254,16617.75413049566,14284.0,139.22,298.80985718286195,73.7888546625595,0.02800336040324839,43.09476400251731,12.0,84.01008120974517,2814.3377205264633,1,1,0,1,False,False,True,False
4212270,43448.66071428572,4032.0,6.54,132.98611111111111,49.67757936507937,0.0,13.809126984126983,0.0,0.0,942.4603174603175,0,0,0,0,False,False,True,False
4212304,25884.79453472725,9661.0,20.31,227.15039850947107,63.88572611530898,18.03125970396439,63.14351018973999,3.0,31.05268605734396,44819.376876099785,0,0,0,1,False,False,True,False
4212403,56166.47478701358,4343.0,26.55,199.2862076905365,181.55652774579784,0.1381533502187428,34.02491493383743,0.0,0.0,782.8689845728759,0,0,0,0,False,False,True,False
4212502,28710.91241280036,36124.0,582.89,257.18358985715867,70.6898460857048,51.752297641457204,84.54440406976744,57.0,157.7898350127339,6782.194662828037,1,1,1,1,False,False,True,False
4212601,39801.57946692992,3039.0,31.11,168.50937808489635,109.18065153010859,0.03290556103981573,21.854141414141413,6.0,197.43336623889437,394.86673247778873,0,0,0,0,False,False,True,False
4212650,11344.411736777134,10531.0,95.36,181.74912164086982,40.29057069604026,0.009495774380400722,50.15656545209177,0.0,0.0,1234.4506694520937,0,0,0,0,False,False,True,False
4212700,32204.55200230481,6942.0,21.89,60.97666378565255,69.66292134831461,1.7574186113511956,20.016760404949384,6.0,86.4304235090752,345.7216940363008,0,0,0,0,False,False,True,False
4212809,50931.77460050463,29725.0,273.03,413.4533221194281,90.13961312026913,70.73507148864591,83.57953248932276,66.0,222.03532380151387,3148.8645920941967,1,1,1,1,False,False,True,False
4212908,64768.339107746266,23379.0,170.69,225.45874502758886,72.83887249240772,36.0622781128363,26.016291262135923,6.0,25.664057487488773,2130.116771461568,0,0,0,1,False,False,True,False
4213005,63168.98276820456,3598.0,56.92,169.37187326292386,94.21901056142302,0.38910505836575876,22.077415143603133,6.0,166.75931072818233,166.75931072818233,0,0,0,0,False,False,True,False
4213104,132357.3434660499,6053.0,39.49,187.14686932099787,86.25474971088717,0.016520733520568313,22.550714865962632,0.0,0.0,13150.503882372377,0,0,0,1,False,False,True,False
4213153,46490.33737307567,3053.0,46.69,46.053062561415004,109.07304290861448,0.0,41.8377027027027,0.0,0.0,655.0933508024893,0,0,0,0,False,False,True,False
4213203,77117.30600131897,36392.0,160.01,220.35887008133656,58.09793361178281,44.9164651571774,84.69097060914909,42.0,115.40998021543196,1126.6212354363597,1,1,1,0,False,False,True,False
4213302,39678.5553047404,4430.0,7.71,134.17607223476298,134.31151241534988,2.8442437923250563,28.306837121212123,6.0,135.44018058690745,3702.031602708804,0,0,0,1,False,False,True,False
4213351,51289.93536472761,3249.0,8.09,132.7485380116959,74.42289935364728,5.417051400430902,28.074252873563218,6.0,184.67220683287167,984.9184364419822,0,0,0,0,False,False,True,False
4213401,27041.527313266444,10764.0,18.99,194.7881828316611,88.21070234113712,0.027870680044593088,37.79303818034119,0.0,0.0,3641.7688591601636,0,0,0,1,False,False,True,False
4213500,48125.17162471396,30590.0,295.58,295.6390977443609,78.50604772801569,56.89767898005884,49.24204952239637,33.0,107.87839163125204,1595.2925792742726,1,1,1,0,False,False,True,False
4213609,34092.359237406235,33727.0,38.84,175.33133691108014,55.670531028552794,0.8035105405165002,42.49112805561785,18.0,53.369703798143924,1387.612298751742,1,1,1,0,False,False,True,False
4213708,40316.270464229645,17836.0,48.03,125.76250280331912,86.62816775061673,1.4633325857815653,40.64431423290203,0.0,0.0,1211.0338640950886,0,0,0,0,False,False,True,False
4213807,25956.637991164844,8602.0,29.08,177.30760288305046,118.42594745408044,0.0,43.92383363471971,0.0,0.0,2232.039060683562,0,0,0,1,False,False,True,False
4213906,44373.46580946815,1711.0,25.81,185.56399766218587,51.02279368790181,0.0,19.017313432835824,0.0,0.0,935.1256575102279,0,0,0,0,False,False,True,False
4214003,46265.20452730944,21293.0,67.34,133.0390269102522,82.19602686328841,22.18569482928662,44.21128370317346,12.0,56.356549100643406,103.32034001784623,1,1,0,0,False,False,True,False
4214102,26756.50319829424,2345.0,10.24,194.92537313432837,98.2089552238806,2.7292110874200426,44.19238578680203,6.0,255.863539445629,4093.816631130064,0,0,0,1,False,False,True,False
4214151,44502.619515389655,3054.0,34.63,166.69941060903733,76.94826457105435,0.03274394237066143,35.45009009009009,6.0,196.46365422396858,1113.2940406024886,0,0,0,0,False,False,True,False
4214201,40729.11347829914,11359.0,39.51,118.32907826393168,74.30231534466063,0.0,40.17408934707904,0.0,0.0,3063.6499691874283,0,0,0,1,False,False,True,False
4214300,48253.566229985445,3435.0,11.45,332.16885007278023,123.93013100436681,41.630276564774384,27.14200867052023,3.0,87.33624454148472,12751.091703056769,0,0,0,1,False,False,True,False
4214409,45112.746633260256,6386.0,19.86,160.80488568744127,73.01910429063577,0.18791105543376135,28.83725773195876,0.0,0.0,3507.6730347635453,0,0,0,1,False,False,True,False
4214508,32200.362921518223,6613.0,12.85,112.91395735672161,62.891274761832754,5.02041433539997,39.5594422310757,6.0,90.73037955542114,211.70421896264932,0,0,0,0,False,False,True,False
4214607,34482.51748251748,8008.0,31.61,161.02647352647352,94.28071928071928,1.2112887112887112,29.678867924528305,0.0,0.0,699.3006993006993,0,0,0,0,False,False,True,False
4214706,42551.73340499865,11163.0,19.56,126.84762160709487,64.49879064767535,23.774970885962556,45.80529654461063,9.0,80.6234883095942,1504.9717817790915,1,0,0,0,False,False,True,False
4214805,48309.29441026312,76390.0,278.31,226.97342584107867,65.91569577169787,52.92184840947768,59.26511338791958,99.0,129.59811493651,8354.496661866737,1,1,1,1,False,False,True,False
4214904,60484.41869756293,5006.0,16.03,242.42908509788253,125.22972433080304,0.0,38.41623711340206,0.0,0.0,2397.1234518577708,0,0,0,1,False,False,True,False
4215000,40197.2465644294,40168.0,43.27,148.6929894443338,92.19776936865166,3.7791276638119897,53.255255940041465,45.0,112.02947619996017,1837.2834096793467,1,1,1,1,False,False,True,False
4215059,28810.032894736843,2432.0,8.48,121.75164473684211,63.692434210526315,0.8634868421052632,25.63853333333333,6.0,246.71052631578948,493.42105263157896,0,0,0,0,False,False,True,False
4215075,30540.847983453983,4835.0,24.96,201.67528438469492,86.53567735263702,0.0,13.112490118577076,0.0,0.0,537.7456049638056,0,0,0,0,False,False,True,False
4215109,29283.161924780423,13321.0,98.89,210.0292770813002,59.079648675024394,32.812851887996395,45.57023024268824,15.0,112.60415884693342,810.7499436979206,1,1,1,0,False,False,True,False
4215208,23404.03615724196,4757.0,21.6,122.4090813537944,45.59596384275804,1.5345806180365777,37.04136054421769,6.0,126.12991381122556,462.4763506411604,0,0,0,0,False,False,True,False
4215307,41629.46486981552,7643.0,42.1,96.7944524401413,91.44315059531597,2.2373413581054558,25.512607709750565,6.0,78.50320554755986,471.0192332853592,0,0,0,0,False,False,True,False
4215356,25772.089182493808,3633.0,23.2,163.50123864574732,90.72391962565374,0.0,14.860730593607306,0.0,0.0,1926.7822736030828,0,0,0,1,False,False,True,False
4215406,59501.33749442711,4486.0,42.0,175.3232278198841,106.82122157824342,0.06687472135532768,18.553482587064675,0.0,0.0,4859.563085153812,0,0,0,1,False,False,True,False
4215455,34399.05653423749,13567.0,155.23,87.02734576546031,80.4304562541461,0.022112478808874476,31.188991706678305,0.0,0.0,501.2161863344881,0,0,0,0,False,False,True,False
4215505,41998.22380106572,15764.0,13.57,121.12408018269475,87.28749048464857,2.3534635879218473,42.80308830328248,9.0,57.0921086018777,3780.7663029687897,1,0,0,1,False,False,True,False
4215554,41897.6951071573,2473.0,29.94,137.9296401132228,98.90820865345734,0.0,37.7291369047619,0.0,0.0,1132.2280630812777,0,0,0,0,False,False,True,False
4215604,34224.624060150374,2128.0,10.27,245.91165413533835,94.50187969924812,0.0,15.728009950248756,3.0,140.97744360902254,2349.624060150376,0,0,0,1,False,False,True,False
4215653,19352.060653188182,10288.0,65.15,220.10108864696733,116.20334370139969,0.038880248833592534,32.659285067873306,0.0,0.0,1030.3265940902022,0,0,0,0,False,False,True,False
4215679,33302.95901943791,8077.0,11.27,120.05695183855391,85.47728116875078,0.5076142131979695,10.61468292682927,12.0,148.57001361891793,1832.3635012999875,1,1,0,1,False,False,True,False
4215687,25417.252146760344,2562.0,21.53,148.75097580015614,75.80015612802498,0.42935206869633097,42.56946428571428,0.0,0.0,624.5120999219359,0,0,0,0,False,False,True,False
4215695,28285.88098016336,1714.0,22.51,130.22170361726955,102.68378063010502,0.0,27.83029702970297,0.0,0.0,233.37222870478413,0,0,0,0,False,False,True,False
4215703,42749.96597713664,29392.0,79.22,244.17528579205225,67.34145345672292,14.993875884594447,86.87793732718895,6.0,20.413718018508437,2007.348938486663,0,0,0,1,False,False,True,False
4215752,32425.15630746598,2719.0,17.91,43.54542111070246,63.33210739242369,0.0,28.04153846153846,0.0,0.0,514.8951820522251,0,0,0,0,False,False,True,False
4215802,54087.01108795523,86851.0,167.97,195.78012918676814,56.69710193319593,44.135358257245166,47.22849078014184,72.0,82.90059987795189,3723.618611184673,1,1,1,1,False,False,True,False
4215901,37653.04755525787,2986.0,6.38,288.1446751507033,51.30609511051574,16.443402545210983,36.95484210526316,3.0,100.46885465505693,2612.19022103148,0,0,0,1,False,False,True,False
4216008,49792.06500956023,10460.0,63.42,214.90439770554494,113.63288718929255,0.028680688336520075,33.32644544431946,0.0,0.0,2409.1778202676865,0,0,0,1,False,False,True,False
4216057,34404.75817811864,6389.0,17.59,66.88057598998279,76.13084989826264,2.2851776490843636,22.168630527817403,6.0,93.91141023634371,50868.680544686176,0,0,0,1,False,False,True,False
4216107,48097.90508764429,9356.0,25.1,158.73236425823,70.31851218469431,0.0,25.011473429951693,0.0,0.0,2714.83539974348,0,0,0,1,False,False,True,False
4216206,152671.28567331133,55784.0,106.79,255.22372006310053,76.51118600315503,47.66958267603614,50.15092249657064,90.0,161.33658396672882,6718.772407858884,1,1,1,1,False,False,True,False
4216255,54798.324542351846,6446.0,38.44,147.44027303754265,97.70400248215948,0.0,24.758150943396227,0.0,0.0,186.16196090598822,0,0,0,0,False,False,True,False
4216305,29649.58396913598,34733.0,162.81,167.39699997120894,52.345032102035525,35.67788558431463,70.12083266773163,27.0,77.73587078570812,518.2391385713875,1,1,1,0,False,False,True,False
4216354,71460.69315300084,4732.0,29.38,215.32121724429416,35.2704987320372,15.236686390532544,50.548345864661655,9.0,190.19442096365174,676.2468300929839,1,0,0,0,False,False,True,False
4216404,31001.53407845716,9126.0,47.01,225.66294104755644,88.42866535174227,0.0,43.18771333885667,0.0,0.0,876.6162612316458,0,0,0,0,False,False,True,False
4216503,42208.32712647103,26852.0,13.73,146.9722925666617,86.51124683450023,0.24579174735587667,33.23217454194793,15.0,55.86176076269924,1459.85401459854,1,1,1,0,False,False,True,False
4216602,47733.20480498295,289949.0,1796.02,182.9097530945097,71.16734322242877,58.00744268819689,116.98655827688424,354.0,122.09043659402171,760.1336786814232,1,1,1,0,False,False,True,False
4216701,39210.54447588158,14491.0,50.46,187.41287695811192,87.76481954316472,0.0276033400041405,35.6621472392638,0.0,0.0,2705.1273204057693,0,0,0,1,False,False,True,False
4216800,36416.21930325528,8755.0,9.18,99.10908052541404,51.067961165048544,1.1993146773272416,45.05161369193154,6.0,68.53226727584237,525.4140491147915,0,0,0,0,False,False,True,False
4216909,53920.10089251067,25770.0,69.6,194.66821885913853,76.49204501358169,23.713620488940627,41.25626649076517,3.0,11.641443538998836,3205.277454404346,0,0,0,1,False,False,True,False
4217006,65390.542537470974,14211.0,126.53,233.24889170360987,72.42277109281542,0.028147209907817886,43.10059716948568,0.0,0.0,2491.028076841883,0,0,0,1,False,False,True,False
4217105,31209.94001713796,3501.0,15.16,239.61725221365325,111.88231933733219,0.0,18.33558659217877,0.0,0.0,6969.437303627535,0,0,0,1,False,False,True,False
4217154,28131.991051454137,1788.0,24.48,162.248322147651,47.20357941834452,0.5033557046979866,64.79272727272726,0.0,0.0,782.9977628635347,0,0,0,0,False,False,True,False
4217204,46296.06761906789,46969.0,189.28,213.85168941216548,103.92173561285102,7.702953011560817,37.10844869377862,21.0,44.71034086312248,16717.40935510656,1,1,1,1,False,False,True,False
4217253,16645.819618169848,6076.0,41.5,210.38512179065174,79.83870967741936,29.986833443054643,74.21610215053764,9.0,148.12376563528636,592.4950625411454,1,0,0,0,False,False,True,False
4217303,49360.29962546816,10680.0,49.88,154.37265917602997,68.92322097378278,0.0,39.04988648090815,0.0,0.0,1928.8389513108614,0,0,0,1,False,False,True,False
4217402,35702.48672025572,21273.0,121.41,186.6638461900061,75.25971889249283,24.147981008790484,70.22617503331853,21.0,98.71668311944718,103.41747755370658,1,1,1,0,False,False,True,False
4217501,61256.89932955668,19241.0,60.14,173.8527103580895,65.61509277064602,16.438854529390365,52.8575811924382,9.0,46.77511563848033,1704.6931032690609,1,0,0,1,False,False,True,False
4217550,35057.32105732106,3367.0,36.47,189.99108999108998,88.74368874368875,0.0,43.78280528052805,0.0,0.0,1306.8013068013067,0,0,0,0,False,False,True,False
4217600,48240.00851849223,14087.0,52.34,220.03975296372542,73.84822886349116,7.695037978277845,39.924079074252646,9.0,63.888691701568824,1405.551217434514,1,0,0,0,False,False,True,False
4217709,28995.955027550404,31397.0,209.06,132.42666496799058,69.86336274166321,35.27088575341593,35.668006774826175,72.0,229.32127273306367,1095.6460808357485,1,1,1,0,False,False,True,False
4217758,28816.516931582584,2894.0,25.03,156.32342778161714,63.78714581893573,0.0,28.354482758620687,0.0,0.0,483.7595024187975,0,0,0,0,False,False,True,False
4217808,44910.56997022544,18808.0,26.39,198.62824330072308,81.09315185027648,3.237983836665249,29.79932737335036,6.0,31.901318587834965,999.5746490854955,0,0,0,0,False,False,True,False
4217907,73375.50372450848,8189.0,20.88,162.13212846501403,68.62864818659178,0.6594211747466113,54.089403453689165,6.0,73.26901941629015,2637.6846989864453,0,0,0,1,False,False,True,False
4217956,26433.06451612904,2480.0,40.89,173.75,95.76612903225806,0.28225806451612906,46.02255172413793,0.0,0.0,967.741935483871,0,0,0,0,False,False,True,False
4218004,43020.71496629848,56674.0,184.81,225.23202879627343,79.44030772488266,41.59402900801073,60.069859649122805,66.0,116.45551752126195,741.0805660443942,1,1,1,0,False,False,True,False
4218103,28186.53321201092,5495.0,16.4,241.9290263876251,79.65423111919927,0.0,32.24779130434783,0.0,0.0,1128.2984531392174,0,0,0,0,False,False,True,False
4218202,51832.01439584484,48903.0,359.27,232.83643130278307,54.397480727153756,64.21078461444083,76.93482035928143,69.0,141.0956383043985,629.8182115616629,1,1,1,0,False,False,True,False
4218251,40423.29734772757,7503.0,12.31,103.55857656937225,76.7426362788218,0.46648007463681196,24.74766961651917,6.0,79.96801279488204,2692.2564307610287,0,0,0,1,False,False,True,False
4218301,74748.53973396162,20373.0,45.24,141.21631571197173,59.495410592450796,10.926225887203652,48.68696254792096,21.0,103.07760270946841,91042.06547882,1,1,1,1,False,False,True,False
4218350,59629.52503209242,3895.0,24.15,183.77406931964057,61.77150192554557,15.58408215661104,26.412486187845303,12.0,308.0872913992298,359.4351732991014,1,1,0,0,False,False,True,False
4218400,26332.49835201055,7585.0,46.06,201.2524719841793,72.63019116677653,0.17139090309822017,35.17351089588378,0.0,0.0,3085.036255767963,0,0,0,1,False,False,True,False
4218509,89120.32660077352,9308.0,47.26,165.03008165019338,99.57026214009454,0.1289213579716373,31.139927325581397,24.0,257.8427159432746,1310.700472711646,1,1,1,0,False,False,True,False
4218608,58147.23844928306,7532.0,66.34,177.98725438130643,91.40998406797664,1.5268189060010622,28.738260456273764,12.0,159.32023366967604,2310.143388210303,1,1,0,1,False,False,True,False
4218707,41712.593618771374,115495.0,365.15,264.29282652928697,72.35811074072471,53.373739122905754,83.54184004530163,159.0,137.66829732888868,3444.3049482661586,1,1,1,1,False,False,True,False
4218756,36073.60506529482,5054.0,36.98,131.65809259992085,97.82350613375544,0.6331618519984171,31.04595141700405,0.0,0.0,831.0249307479224,0,0,0,0,False,False,True,False
4218806,54692.85502520012,13492.0,55.48,252.7571894455974,86.22887637118292,0.007411799584939223,38.98135813953488,0.0,0.0,4209.902164245479,0,0,0,1,False,False,True,False
4218855,30393.43091752945,2801.0,29.87,65.33380935380221,62.22777579435916,0.0,13.82281690140845,0.0,0.0,1285.255265976437,0,0,0,0,False,False,True,False
4218905,32251.53874004345,11048.0,10.61,284.178131788559,90.82186821144099,17.19768283852281,60.91889804325438,15.0,135.77118030412745,506.8790731354091,1,1,1,0,False,False,True,False
4218954,32343.32723948812,2735.0,7.58,168.3363802559415,162.74223034734916,5.813528336380256,52.20217573221757,6.0,219.37842778793419,14771.48080438757,0,0,0,1,False,False,True,False
4219002,50838.56041131105,21395.0,82.05,202.7810236036457,51.44659967282075,25.87520448702968,78.92044815007816,3.0,14.021967749474177,1748.0719794344473,0,0,0,1,False,False,True,False
4219101,54093.11087190527,3716.0,21.8,222.36275565123788,116.30785791173305,0.02691065662002153,40.8455,0.0,0.0,861.1410118406889,0,0,0,0,False,False,True,False
4219150,44128.41945288754,2632.0,7.49,39.32370820668693,70.8966565349544,0.22796352583586627,40.71758064516128,12.0,455.9270516717325,227.96352583586625,1,1,0,0,False,False,True,False
4219176,116992.41603466956,4615.0,15.26,192.3510292524377,94.40953412784398,0.021668472372697724,40.85410358565737,0.0,0.0,6587.215601300109,0,0,0,1,False,False,True,False
4219200,56549.64143426295,6275.0,17.84,69.21115537848605,62.42231075697211,1.9282868525896415,18.98814345991561,6.0,95.61752988047809,22629.482071713148,0,0,0,1,False,False,True,False
4219309,59282.35475737148,58299.0,144.39,219.15641777732037,63.462495068526046,40.08473558723134,52.37249827228749,39.0,66.8965162352699,809.6193759755741,1,1,1,0,False,False,True,False
4219358,25908.230152949745,5492.0,14.5,62.454479242534596,48.06991988346686,2.0393299344501092,32.45319391634981,6.0,109.24981791697014,2075.7465404224326,0,0,0,1,False,False,True,False
4219408,39363.73848573354,4451.0,27.67,97.16917546618737,91.3951920916648,6.066052572455628,24.80745098039216,6.0,134.80116827679174,988.5419006964727,0,0,0,0,False,False,True,False
4219507,48713.45536406244,54194.0,136.73,203.04830793076724,73.71664759936525,31.33372698084659,61.789658810516464,21.0,38.749677086024285,2841.6429863084472,1,1,1,1,False,False,True,False
4219606,58417.42486903777,3627.0,16.75,163.05486628067274,64.48855803694514,0.7168458781362007,20.145283018867925,6.0,165.42597187758477,606.5618968844775,0,0,0,0,False,False,True,False
4219705,43416.96655064598,33902.0,108.7,108.1765087605451,67.30576367175978,26.918765854521858,66.34423854115327,12.0,35.39614182054156,761.0170491416436,1,1,0,0,False,False,True,False
4219853,24857.79376498801,4170.0,20.66,196.61870503597123,83.26139088729016,0.047961630695443645,30.41876470588235,0.0,0.0,1294.9640287769785,0,0,0,0,False,False,True,False
4220000,17110.820852200162,17226.0,251.99,366.8814582607686,68.73331011262046,6.228956228956229,37.38071658379643,0.0,0.0,1857.657030070823,0,0,0,1,False,False,True,False
4300034,107741.82929696684,4253.0,2.69,46.649423936045146,108.2765106983306,0.14107688690336234,26.91121076233184,0.0,0.0,1316.7176110980483,0,0,0,0,False,False,True,False
4300059,136853.25,4000.0,13.42,40.775,41.55,0.625,72.9878409090909,6.0,150.0,250.0,0,0,0,0,False,False,True,False
4300109,40858.742199926586,16346.0,30.0,98.89269546066316,69.97430564052368,0.05505934173498103,36.68697654213727,6.0,36.70622782332069,734.1245564664138,0,0,0,0,False,False,True,False
4300208,76089.3691588785,6848.0,20.83,189.85105140186917,68.39953271028037,0.04380841121495327,44.73684039087948,0.0,0.0,321.2616822429907,0,0,0,0,False,False,True,False
4300307,26023.281952472706,6228.0,19.35,82.89980732177264,65.41425818882466,7.0969813744380215,59.32397959183673,12.0,192.67822736030828,321.13037893384717,1,1,0,0,False,False,True,False
4300406,41435.859489566654,74329.0,9.28,182.09985335467988,73.40607299977128,20.21418288958549,56.21495576756288,33.0,44.397207012067966,1014.4089117302802,1,1,1,0,False,False,True,False
4300455,42205.06601994072,3711.0,21.13,65.04985179196981,80.59822150363783,0.0,50.90455696202532,6.0,161.68148746968473,538.9382915656157,0,0,0,0,False,False,True,False
4300471,137655.37848605576,2008.0,7.43,147.4601593625498,101.49402390438247,0.049800796812749,29.87562068965517,0.0,0.0,2689.2430278884462,0,0,0,1,False,False,True,False
4300505,27113.62695015877,7243.0,21.83,182.42440977495514,54.9634129504349,0.0,56.17421052631579,0.0,0.0,5467.347784067375,0,0,0,1,False,False,True,False
4300554,57780.076211213935,1837.0,15.61,160.8056614044638,116.49428415895481,1.360914534567229,12.532077464788731,6.0,326.619488296135,762.1121393576483,0,0,0,0,False,False,True,False
4300570,51399.618199172764,3143.0,39.3,203.56347438752783,83.32803054406618,0.03181673560292714,46.50708333333333,0.0,0.0,381.80082723512567,0,0,0,0,False,False,True,False
4300604,17011.853736940797,194116.0,2612.48,181.90051309526262,65.49846483545922,32.027756599146905,96.10379265141016,219.0,112.81913907148304,100.97055368954646,1,1,1,0,False,False,True,False
4300638,27369.855394883205,5394.0,10.49,81.60919540229885,91.15684093437153,0.0,57.82765060240963,0.0,0.0,148.31294030404152,0,0,0,0,False,False,True,False
4300646,22727.1797494247,7822.0,81.64,197.14906673485044,107.47890565072872,0.0,58.58118721461187,0.0,0.0,6699.053950396318,0,0,0,1,False,False,True,False
4300661,166888.5047536733,1157.0,3.43,156.87121866897147,186.60328435609335,0.0,42.56909090909091,0.0,0.0,1037.1650821089024,0,0,0,0,False,False,True,False
4300703,53008.71710526316,6080.0,24.61,32.92763157894737,80.36184210526316,0.6907894736842105,28.776282051282053,6.0,98.6842105263158,328.94736842105266,0,0,0,0,False,False,True,False
4300802,59837.40996398559,13328.0,37.54,187.74759903961584,95.39315726290516,2.8736494597839135,42.12507992895204,12.0,90.0360144057623,585.234093637455,1,1,0,0,False,False,True,False
4300851,67701.0211351223,4211.0,7.94,346.924720968891,122.48872001899787,6.4117786748990735,47.23040299906279,6.0,142.48397055331276,3847.0672049394443,0,0,0,1,False,False,True,False
4300877,26885.6038207869,8794.0,240.88,164.70320673186262,135.58107800773254,0.09097111667045713,29.60378694924707,12.0,136.4566750056857,272.9133500113714,1,1,0,0,False,False,True,False
4300901,143090.35962526442,6618.0,18.94,94.74161378059837,76.86612269567846,0.0,34.671140142517814,0.0,0.0,11242.067089755214,0,0,0,1,False,False,True,False
4301008,68321.92085371276,22490.0,139.78,232.07647843485995,80.27123165851489,17.318808359270786,26.37909419100755,15.0,66.69630947087595,142.28546020453535,1,1,1,0,False,False,True,False
4301057,25086.08573436402,11384.0,92.79,376.6250878425861,142.31377371749824,21.407238229093466,65.42590227116311,9.0,79.05832747716093,2916.373858046381,1,0,0,1,False,False,True,False
4301073,28964.54168238401,2651.0,20.84,37.57072802715956,49.75480950584685,0.03772161448509996,28.096106194690268,0.0,0.0,301.7729158807997,0,0,0,0,False,False,True,False
4301107,23946.123433625948,14923.0,34.29,150.09716544930643,83.34115124304765,2.02372177176171,33.65798052280881,0.0,0.0,1259.8003082490116,0,0,0,0,False,False,True,False
4301206,34911.59726740403,12296.0,38.26,105.41639557579701,70.27488614183474,0.08132726089785296,65.54585836909871,0.0,0.0,276.5126870527001,0,0,0,0,False,False,True,False
4301305,63258.9031139934,17887.0,7.0,94.09068038240062,94.60502040588136,0.0,31.708032183908045,3.0,16.771957287415443,2191.5357522222844,0,0,0,1,False,False,True,False
4301404,31886.960644855382,10545.0,38.33,46.98909435751541,82.87339971550497,0.0474158368895211,38.16741697416975,0.0,0.0,436.22569938359413,0,0,0,0,False,False,True,False
4301503,69047.38427827992,7302.0,20.53,217.73486715968227,92.56368118323746,0.013694878115584772,53.8293661971831,0.0,0.0,383.4565872363736,0,0,0,0,False,False,True,False
4301552,47236.705202312136,3460.0,21.67,228.46820809248555,56.24277456647399,0.0,32.87374251497006,0.0,0.0,173.41040462427745,0,0,0,0,False,False,True,False
4301602,30750.09844134537,121900.0,28.83,92.14191960623462,73.07383100902379,20.347005742411813,52.30353995000464,105.0,86.13617719442166,794.0935192780968,1,1,1,0,False,False,True,False
4301636,20304.144167588314,15371.0,146.06,237.10884132457224,104.36536334656171,11.98360549085941,52.84211216599785,9.0,58.55181835924793,1275.1284887125105,1,0,0,0,False,False,True,False
4301651,47480.65957774696,6489.0,51.79,197.24148559100016,61.53490522422561,0.0,40.55891265597148,0.0,0.0,862.9989212513484,0,0,0,0,False,False,True,False
4301701,46721.45494325175,7313.0,27.42,134.95145631067962,71.80363735812936,0.0,47.258627049180326,0.0,0.0,54.69711472719814,0,0,0,0,False,False,True,False
4301750,23787.23048637807,5983.0,13.5,61.25689453451446,50.660203911081396,0.0,46.80064,0.0,0.0,267.4243690456293,0,0,0,0,False,False,True,False
4301800,64448.17073170732,4920.0,9.37,180.1829268292683,83.92276422764228,0.02032520325203252,42.33104424778761,0.0,0.0,2398.3739837398375,0,0,0,1,False,False,True,False
4301859,17588.854489164085,3230.0,50.33,118.04953560371517,66.53250773993808,0.0,20.79979274611399,0.0,0.0,371.5170278637771,0,0,0,0,False,False,True,False
4301875,89043.8090846207,4337.0,4.02,105.09568826377681,71.3857505187918,0.0,41.96176855895197,0.0,0.0,230.57412958266082,0,0,0,0,False,False,True,False
4301909,40675.59118236473,12475.0,16.76,100.42484969939879,107.59118236472946,1.2424849699398797,42.91593077247784,6.0,48.09619238476954,1010.0200400801604,0,0,0,0,False,False,True,False
4301925,46837.58700696056,1724.0,11.54,61.42691415313225,43.793503480278424,0.0,57.180786516853935,0.0,0.0,1624.1299303944315,0,0,0,1,False,False,True,False
4301958,64590.99804305284,2555.0,41.33,195.69471624266146,93.73776908023483,0.0,28.051473354231977,0.0,0.0,313.11154598825834,0,0,0,0,False,False,True,False
4302006,25896.420249947045,9442.0,14.35,124.26392713408177,74.59224740521076,0.2647744122008049,27.69061855670103,6.0,63.54585892819318,360.0932005930947,0,0,0,0,False,False,True,False
4302055,23261.32075471698,2120.0,15.73,30.5188679245283,27.452830188679247,0.09433962264150944,33.744594594594595,0.0,0.0,1132.0754716981132,0,0,0,0,False,False,True,False
4302105,58685.38446487967,127775.0,452.28,173.1880258266484,64.01173938563882,49.77108198004304,107.85643614791888,180.0,140.8726276658188,558.794756407748,1,1,1,0,False,False,True,False
4302154,121138.64906043676,1969.0,9.86,154.3423057389538,116.15033011681057,0.0,36.49969696969697,0.0,0.0,914.1696292534282,0,0,0,0,False,False,True,False
4302204,45878.87719298246,7125.0,63.59,201.48771929824562,86.17543859649123,0.014035087719298246,49.862994011976056,0.0,0.0,842.1052631578947,0,0,0,0,False,False,True,False
4302220,206407.7498899164,2271.0,3.18,83.22324966974901,42.71246147071775,0.13210039630118892,36.13541871921182,6.0,264.2007926023778,704.5354469396741,0,0,0,0,False,False,True,False
4302238,165949.89200863932,2315.0,4.5,75.33477321814254,68.46652267818574,0.0,12.903103448275862,0.0,0.0,950.3239740820734,0,0,0,0,False,False,True,False
4302253,42673.88987566607,2815.0,29.44,191.9360568383659,82.41563055062167,0.0,21.88233333333333,0.0,0.0,0.0,0,0,0,0,False,False,True,False
4302303,53680.69285276879,11431.0,4.27,142.90963170326305,92.10042865890998,0.017496282040066487,45.4105900621118,0.0,0.0,279.9405126410638,0,0,0,0,False,False,True,False
4302352,66417.28937728937,13650.0,148.23,222.34432234432234,104.51282051282051,0.05860805860805861,39.525003796507214,3.0,21.978021978021978,58.608058608058606,0,0,0,0,False,False,True,False
4302378,40431.1152764761,2134.0,23.5,70.61855670103093,109.32521087160262,0.0,17.346363636363634,0.0,0.0,93.72071227741331,0,0,0,0,False,False,True,False
4302402,32044.522181586897,12578.0,119.89,169.93957703927492,111.26570201939894,1.2959134997614883,27.90331094049904,6.0,47.70233741453331,13245.349022102084,0,0,0,1,False,False,True,False
4302451,24198.712791633145,6215.0,23.49,168.59211584875302,81.88254223652454,0.016090104585679808,41.54280991735538,0.0,0.0,225.2614641995173,0,0,0,0,False,False,True,False
4302501,81930.36072144289,5988.0,3.66,94.57247828991316,65.91516366065464,0.0,37.38589511754069,6.0,100.20040080160321,334.001336005344,0,0,0,0,False,False,True,False
4302584,103603.64464692483,2195.0,10.73,199.8633257403189,83.91799544419135,0.04555808656036447,65.97320346320346,0.0,0.0,7744.874715261959,0,0,0,1,False,False,True,False
4302600,39371.31689717378,3326.0,24.75,90.52916416115454,55.05111244738425,0.1803968731208659,44.584833333333336,6.0,180.3968731208659,120.26458208057727,0,0,0,0,False,False,True,False
4302659,23174.050009844457,5079.0,47.14,162.21697184485134,74.73912187438472,0.0,35.213235294117645,0.0,0.0,511.91179366016934,0,0,0,0,False,False,True,False
4302709,27960.222302269336,19433.0,25.37,52.72989245098544,93.11480471363146,0.025729429321257654,39.76420297848869,0.0,0.0,1605.5163896464776,0,0,0,0,False,False,True,False
4302808,33504.65560463173,33508.0,10.67,138.05359914050376,72.63340097887071,22.710994389399545,58.77366930572473,12.0,35.81234332099797,1563.8056583502448,1,1,0,0,False,False,True,False
4302907,55023.66654892264,11324.0,4.7,111.15330271988697,77.25185446838573,0.8565877781702579,57.89101956135151,0.0,0.0,1042.0346167432003,0,0,0,0,False,False,True,False
4303004,43072.41337386018,82250.0,21.43,168.72826747720364,68.45714285714286,21.172036474164134,59.42982705013603,48.0,58.358662613981764,620.0607902735562,1,1,1,0,False,False,True,False
4303103,45706.77197228651,141303.0,3112.48,142.24255677515694,73.16829791299548,47.248819911820696,77.63925827626247,123.0,87.0469841404641,491.1431462884723,1,1,1,0,False,False,True,False
4303202,36053.68555602897,4694.0,22.56,133.34043459735832,59.906263314870046,0.0,53.17106557377049,0.0,0.0,255.64550489987218,0,0,0,0,False,False,True,False
4303301,55225.34917656869,4797.0,18.0,126.26641651031895,119.59558057119033,0.04169272461955389,32.693351648351644,6.0,125.07817385866166,19970.815092766312,0,0,0,1,False,False,True,False
4303400,30229.47496452463,4933.0,25.57,123.37320089195215,70.11960267585647,0.0,31.189958847736627,0.0,0.0,567.6059193188729,0,0,0,0,False,False,True,False
4303509,42584.68706515111,63959.0,37.02,187.01511906064823,74.06932566175206,17.592520208258417,36.542605961616985,51.0,79.73858252943292,431.5264466298723,1,1,1,0,False,False,True,False
4303558,170315.11780104713,3056.0,21.59,63.87434554973822,62.04188481675393,0.0,35.145938864628825,0.0,0.0,0.0,0,0,0,0,False,False,True,False
4303608,37365.6808379544,6492.0,5.38,194.7935921133703,83.17929759704252,0.16943930991990142,44.58710920770878,0.0,0.0,1663.5859519408502,0,0,0,1,False,False,True,False
4303673,61825.12836001208,3311.0,6.02,194.7447900936273,93.62730292962851,0.7550588945937783,24.70780582524272,6.0,181.21413470250678,1268.4989429175475,0,0,0,0,False,False,True,False
4303707,39855.02416263956,6001.0,26.17,102.06632227962007,70.65489085152474,0.016663889351774704,57.29397683397684,12.0,199.96667222129645,399.9333444425929,1,1,0,0,False,False,True,False
4303806,74100.92764378479,5390.0,19.13,134.21150278293135,86.69758812615956,0.0,59.257203125,0.0,0.0,259.7402597402597,0,0,0,0,False,False,True,False
4303905,55639.26496043521,64704.0,1038.08,190.71927546983184,81.65337537091987,25.31528189910979,53.80716749126891,30.0,46.36498516320475,343.1008902077151,1,1,1,0,False,False,True,False
4304002,64273.87529597474,5068.0,22.54,123.9344909234412,71.98105761641673,0.0,43.51091836734694,6.0,118.38989739542225,749.802683504341,0,0,0,0,False,False,True,False
4304101,40626.59084754941,3693.0,15.97,193.12212293528296,119.09017059301381,0.05415651232060655,57.71817204301075,0.0,0.0,270.7825616030328,0,0,0,0,False,False,True,False
4304200,36201.55793573515,29783.0,30.6,122.21737232649498,72.47087264546889,0.020145720713158514,63.65298267326733,0.0,0.0,355.90773259913374,0,0,0,0,False,False,True,False
4304309,55822.76903909048,6421.0,25.48,100.77869490733531,97.57047188911385,0.14016508332035507,39.72554083885209,0.0,0.0,436.06914810777135,0,0,0,0,False,False,True,False
4304358,249637.00873362445,10992.0,11.47,152.0014556040757,94.97816593886463,0.018195050946142648,34.42424821002387,0.0,0.0,20778.748180494906,0,0,0,1,False,False,True,False
4304408,31518.87854898939,50613.0,193.46,237.70967933139707,60.10906288898109,41.91808428664572,121.08470629231384,108.0,213.38391322387528,2137.790686187343,1,1,1,1,False,False,True,False
4304507,32550.51178477588,50998.0,14.09,92.08204243303659,59.97686183771913,15.451586336719087,47.33204811443433,21.0,41.17808541511432,4894.309580767873,1,1,1,1,False,False,True,False
4304606,61174.171334486615,359554.0,2658.15,169.56284730527264,64.48794895898808,45.121734148417204,95.98737465234366,429.0,119.31448405524623,1454.5798405802745,1,1,1,0,False,False,True,False
4304614,40301.12625963248,1687.0,19.97,89.1523414344991,59.98814463544754,0.0,26.15818181818182,0.0,0.0,0.0,0,0,0,0,False,False,True,False
4304622,193359.52515545505,1769.0,3.29,11.41888072357264,113.45392877331825,0.0,30.802545454545456,0.0,0.0,339.17467495760314,0,0,0,0,False,False,True,False
4304630,29782.88795976489,66012.0,646.39,333.55450524147125,79.07804641580319,52.09052899472823,92.08152278271818,123.0,186.32975822577714,1602.7388959583106,1,1,1,0,False,False,True,False
4304655,202437.22536095412,3186.0,3.09,63.71625863151287,100.31387319522912,0.0,30.131357142857144,0.0,0.0,313.8731952291274,0,0,0,0,False,False,True,False
4304663,30307.34966592428,27389.0,33.82,126.00313994669393,88.04629595823141,0.0,46.26145285935085,0.0,0.0,1737.9239840812004,0,0,0,1,False,False,True,False
4304671,94835.49889678844,4079.0,9.67,213.21402304486395,115.95979406717332,0.0,48.4859939148073,0.0,0.0,882.5692571708752,0,0,0,0,False,False,True,False
4304689,26155.2207428171,11416.0,61.06,125.85844428871759,95.30483531885073,0.04379817799579538,42.7318094534712,0.0,0.0,665.7323055360897,0,0,0,0,False,False,True,False
4304697,31888.665997993983,2991.0,39.49,169.4416583082581,96.5229020394517,0.10030090270812438,42.95068441064639,0.0,0.0,267.46907388833165,0,0,0,0,False,False,True,False
4304705,60449.071309594896,63638.0,92.7,238.37015619598353,75.46120242622332,23.193689305132153,56.01955914088993,30.0,47.14164492913039,377.13315943304315,1,1,1,0,False,False,True,False
4304713,21933.13915000662,7553.0,25.1,191.5265457434132,69.9192373891169,0.0,32.04475994513032,0.0,0.0,26.47954455183371,0,0,0,0,False,False,True,False
4304804,111950.77391524994,31528.0,132.23,210.2226592235473,64.77416899264146,18.114057345851307,53.39460551413213,12.0,38.06140573458513,659.7310327328089,1,1,0,0,False,False,True,False
4304853,50790.91564527758,1387.0,16.45,65.96971881759193,61.86012977649604,0.0,36.89678899082569,0.0,0.0,288.3922134102379,0,0,0,0,False,False,True,False
4304903,74096.501186913,9689.0,34.79,150.0877283517391,110.83703168541645,0.1857776860357106,41.44605235602094,6.0,61.92589534523687,433.48126741665806,0,0,0,0,False,False,True,False
4304952,65012.07571801567,3064.0,12.72,194.25587467362925,86.35770234986946,0.293733681462141,27.47860465116279,24.0,783.289817232376,2545.691906005222,1,1,1,1,False,False,True,False
4305009,72184.61538461539,8840.0,14.87,218.66515837104072,81.13122171945702,0.011312217194570135,62.73841659610501,0.0,0.0,90.49773755656109,0,0,0,0,False,False,True,False
4305108,66120.30313652828,479256.0,280.52,182.41524362762283,172.37384612816533,50.464052614886405,120.43043041872184,1053.0,219.71555911663077,3146.126496068907,1,1,1,1,False,False,True,False
4305116,43461.31702051098,2779.0,20.27,47.499100395825835,67.43432889528607,0.0,24.822475247524757,0.0,0.0,647.7150053976251,0,0,0,0,False,False,True,False
4305124,27274.387151310228,5915.0,12.86,57.76838546069315,32.409129332206255,0.0,40.40739622641509,6.0,101.43702451394759,118.34319526627219,0,0,0,0,False,False,True,False
4305132,23327.037516170763,3865.0,24.06,133.2470892626132,24.8124191461837,0.0,43.50704918032787,0.0,0.0,258.73221216041395,0,0,0,0,False,False,True,False
4305157,30540.13997529848,2429.0,32.39,165.82955948950186,44.421572663647595,0.04116920543433512,38.08808510638298,0.0,0.0,164.67682173734048,0,0,0,0,False,False,True,False
4305173,21747.19040993257,9343.0,28.25,102.10853045060473,73.03863855292732,0.0,31.28617391304348,0.0,0.0,1155.945627742695,0,0,0,0,False,False,True,False
4305207,56876.07966307374,14009.0,77.59,196.86630023556285,83.19651652509101,3.726176029695196,48.5846484375,6.0,42.82960953672639,135.62709686630023,0,0,0,0,False,False,True,False
4305306,76100.53344275749,9748.0,13.94,98.14320886335659,66.9573245794009,0.0,55.36252873563219,0.0,0.0,328.27246614690193,0,0,0,0,False,False,True,False
4305355,48103.87991913373,36109.0,161.08,202.06873632612368,86.79830513168463,26.561245118945415,52.26224727361842,36.0,99.69813619873162,1190.8388490404054,1,1,1,0,False,False,True,False
4305371,53206.9825436409,2807.0,13.93,45.49340933380834,57.24973281083007,0.5343783398646241,82.65415841584158,6.0,213.75133594584966,783.7548984681155,0,0,0,0,False,False,True,False
4305405,97403.80761523046,3992.0,9.85,182.46492985971943,94.46392785571142,0.0,64.05785714285715,0.0,0.0,601.2024048096192,0,0,0,0,False,False,True,False
4305439,57814.676034348166,6405.0,30.94,3.8251366120218577,92.34972677595628,0.0156128024980484,34.78773533424284,0.0,0.0,281.0304449648712,0,0,0,0,False,False,True,False
4305447,27686.93982074264,4686.0,20.85,42.74434485702091,142.16816047801964,0.0,30.2284693877551,0.0,0.0,170.72129748186086,0,0,0,0,False,False,True,False
4305454,20644.48625841031,17538.0,70.13,277.9792450678527,102.01277226593682,13.137187820732125,60.77375494798859,12.0,68.42285323297982,1950.0513171399248,1,1,0,1,False,False,True,False
4305504,62719.098457888496,4215.0,15.12,56.01423487544484,96.7497034400949,0.02372479240806643,60.115625,0.0,0.0,1281.1387900355871,0,0,0,0,False,False,True,False
4305587,35250.60630557801,2474.0,39.9,138.39935327405013,21.988682295877123,0.6871463217461601,29.34288461538461,6.0,242.5222312045271,242.5222312045271,0,0,0,0,False,False,True,False
4305603,101885.50768303704,3319.0,11.38,169.44862910515215,48.90027116601386,0.06025911419102139,42.741683501683504,0.0,0.0,602.5911419102139,0,0,0,0,False,False,True,False
4305702,95535.55589539684,6539.0,13.82,217.2044655146047,91.28307080593363,0.0,37.43980735551664,0.0,0.0,764.642911760208,0,0,0,0,False,False,True,False
4305801,40699.42577426339,10623.0,51.0,89.35329003106467,82.25548338510778,0.009413536665725314,33.334693877551025,0.0,0.0,75.30829332580251,0,0,0,0,False,False,True,False
4305835,39789.47368421053,1311.0,11.45,6.559877955758963,49.73302822273074,2.898550724637681,31.80579710144928,21.0,1601.8306636155608,457.66590389016017,1,1,1,0,False,False,True,False
4305850,84471.34606841404,2251.0,7.98,106.8414038205242,42.247889826743666,0.0,23.13923076923077,0.0,0.0,977.3434029320302,0,0,0,0,False,False,True,False
4305871,78190.17980636237,2892.0,17.24,227.21300138312586,115.73305670816045,0.0,40.13549319727891,6.0,207.4688796680498,1867.2199170124481,0,0,0,1,False,False,True,False
4305900,82689.2455858748,6230.0,12.48,34.71910112359551,81.92616372391653,0.0,34.08689567430025,0.0,0.0,256.8218298555377,0,0,0,0,False,False,True,False
4305934,29951.159951159952,1638.0,15.21,146.94749694749694,35.28693528693529,0.18315018315018314,28.96757281553398,0.0,0.0,366.3003663003663,0,0,0,0,False,False,True,False
4305959,42773.560876209885,3926.0,22.2,80.3871625063678,67.52419765664798,0.5603667855323484,59.45908284023668,63.0,1604.6867040244524,3922.567498726439,1,1,1,1,False,False,True,False
4305975,155375.13791835232,2719.0,6.32,126.99521883045237,139.38948142699522,0.0,54.11918461538462,0.0,0.0,10812.798823096728,0,0,0,1,False,False,True,False
4306007,38773.444046621466,13127.0,35.58,74.0915669993144,75.40946141540337,0.007617886798202179,62.9431686746988,0.0,0.0,319.9512455244915,0,0,0,0,False,False,True,False
4306056,41441.91038368661,7454.0,10.7,139.91145693587336,89.01261067883016,8.304266165817012,46.43215635738832,18.0,241.48108398175475,268.31231553528306,1,1,1,0,False,False,True,False
4306072,34501.456664238896,2746.0,27.73,125.01820830298617,47.96067006554989,0.0,37.63511627906976,0.0,0.0,72.83321194464676,0,0,0,0,False,False,True,False
4306106,76206.01461495222,60486.0,43.3,129.07614985285852,66.50299242799987,34.33687134212876,68.24384972375691,60.0,99.19650828290844,684.4559071520682,1,1,1,0,False,False,True,False
4306130,87470.69486404833,1655.0,9.8,139.93957703927492,32.38670694864048,0.0,31.64325301204819,0.0,0.0,1208.4592145015106,0,0,0,0,False,False,True,False
4306205,42399.49089173495,12571.0,74.81,79.04701296635112,85.6654204120595,0.031819266565905654,40.32923688394277,0.0,0.0,397.7408320738207,0,0,0,0,False,False,True,False
4306304,52092.66409266409,4403.0,24.73,138.95071542130367,60.16352486940722,0.0,40.2574647887324,0.0,0.0,90.84714967067909,0,0,0,0,False,False,True,False
4306320,53059.70682874508,2797.0,7.62,68.25169824812299,112.5134072220236,0.0,11.42016,0.0,0.0,214.51555237754738,0,0,0,0,False,False,True,False
4306353,22474.44968553459,2544.0,11.53,68.86792452830188,76.41509433962264,0.0,46.84573770491804,0.0,0.0,2515.723270440252,0,0,0,1,False,False,True,False
4306379,93704.79188527456,2859.0,4.67,103.77754459601259,44.945785239594265,0.06995452955578874,34.45112676056338,0.0,0.0,209.8635886673662,0,0,0,0,False,False,True,False
4306403,68889.32607258648,31769.0,464.49,238.21964808461078,63.46753124114703,43.85092385658976,68.44087106376313,27.0,84.98851081242721,919.1350058232869,1,1,1,0,False,False,True,False
4306429,93387.24800750116,2133.0,9.24,156.586966713549,18.799812470698548,0.0,40.84234042553192,0.0,0.0,1406.4697609001407,0,0,0,0,False,False,True,False
4306452,54655.47815072831,3158.0,23.19,32.07726409119696,95.94680177327423,0.031665611146295125,54.66350157728707,0.0,0.0,253.324889170361,0,0,0,0,False,False,True,False
4306502,26849.747949740427,13291.0,9.63,62.75675268979008,45.180949514709205,0.12038221352795124,59.68275590551181,12.0,90.28666014596344,45.14333007298172,1,1,0,0,False,False,True,False
4306551,25041.65074512801,2617.0,32.75,25.066870462361482,27.703477264042796,0.0,32.096039325842696,0.0,0.0,305.69354222392053,0,0,0,0,False,False,True,False
4306601,58039.27127631648,38094.0,7.12,169.39938047986558,63.2829316952801,22.323725521079435,65.8454800590842,36.0,94.50307134981887,456.7648448574579,1,1,1,0,False,False,True,False
4306700,33991.07142857143,3136.0,26.97,166.8048469387755,95.91836734693878,0.0,50.33763636363636,0.0,0.0,829.0816326530612,0,0,0,0,False,False,True,False
4306734,57418.97842360194,4542.0,17.48,123.64597093791281,79.30427124614707,0.0,48.203421052631576,0.0,0.0,264.2007926023778,0,0,0,0,False,False,True,False
4306759,40982.33766233766,1925.0,17.49,58.285714285714285,89.97402597402598,0.15584415584415584,27.363636363636363,6.0,311.68831168831167,1038.9610389610389,0,0,0,0,False,False,True,False
4306767,51771.96366655272,40954.0,77.63,159.50822874444498,61.07828295160424,30.617277921570544,52.80154937163376,48.0,117.20466865263467,1640.8653611368852,1,1,1,1,False,False,True,False
4306809,49730.05873840129,23494.0,164.01,195.19451774921257,54.60968757980761,33.63411934962118,76.80825245522819,21.0,89.38452370818081,187.28185919809312,1,1,1,0,False,False,True,False
4306908,44520.140032948926,24280.0,7.11,100.67957166392092,81.45799011532125,0.004118616144975288,33.41889438943894,12.0,49.42339373970346,864.9093904448106,1,1,0,0,False,False,True,False
4306924,55591.49582384207,1317.0,18.2,144.19134396355352,63.78132118451025,0.0,37.9399090909091,0.0,0.0,303.7205770690964,0,0,0,0,False,False,True,False
4306932,73427.80862879111,9364.0,16.56,144.80991029474583,74.91456642460487,0.9931653139683896,31.40516483516484,12.0,128.15036309269544,897.052541648868,1,1,0,0,False,False,True,False
4306957,75985.71951666057,2731.0,22.39,140.20505309410473,86.12229952398388,0.03661662394727206,87.91803738317756,0.0,0.0,25778.10325887953,0,0,0,1,False,False,True,False
4306973,57827.29894264659,3121.0,19.99,160.94200576738226,84.81256007689844,0.0,47.38395683453237,0.0,0.0,1345.7225248317848,0,0,0,0,False,False,True,False
4307005,62856.78146433236,109497.0,246.3,225.47193073782844,68.70325214389435,45.7190607961862,79.73265668430018,99.0,90.41343598454752,527.868343424934,1,1,1,0,False,False,True,False
4307054,85743.94575395544,3097.0,12.72,196.96480464966095,90.63609945108169,2.93832741362609,66.48741758241758,39.0,1259.2831772683242,1033.257991604779,1,1,1,0,False,False,True,False
4307104,40210.55969557635,6307.0,3.52,37.35531948628508,82.76518154431584,0.015855398763278898,42.5871346704871,0.0,0.0,2917.393372443317,0,0,0,1,False,False,True,False
4307203,30002.585006959634,5029.0,17.26,17.18035394710678,91.44959236428713,0.03976933784052496,34.60110204081633,0.0,0.0,278.3853648836747,0,0,0,0,False,False,True,False
4307302,51284.84497247175,6902.0,19.0,152.24572587655751,74.64503042596348,0.0,41.34133333333333,0.0,0.0,550.5650536076499,0,0,0,0,False,False,True,False
4307401,120361.51960784312,3264.0,3.85,197.85539215686273,93.65808823529412,0.061274509803921566,34.406784452296826,0.0,0.0,122.54901960784314,0,0,0,0,False,False,True,False
4307450,35437.46205221615,3294.0,21.66,52.09471766848816,70.76502732240438,0.0,35.89048780487805,0.0,0.0,121.43290831815422,0,0,0,0,False,False,True,False
4307500,71915.36374208554,15478.0,19.36,132.7303269156222,65.66739888874531,17.095231942111383,57.61009187279152,3.0,19.382349140715856,258.43132187621137,0,0,0,0,False,False,True,False
4307559,61657.52461322081,5688.0,55.96,207.17299578059072,125.42194092827005,0.035161744022503515,51.19651468315301,0.0,0.0,1476.7932489451478,0,0,0,0,False,False,True,False
4307609,37934.830097087375,49440.0,925.55,191.2742718446602,72.90250809061489,43.51334951456311,69.29618438506728,30.0,60.679611650485434,271.0355987055016,1,1,1,0,False,False,True,False
4307708,47964.3391616889,78181.0,2751.01,173.80565610570343,61.94727619242527,41.51264373696934,67.52861154565225,60.0,76.74498919174735,414.42294163543573,1,1,1,0,False,False,True,False
4307807,65320.42836085793,33243.0,173.94,210.22470896128507,69.1122943176007,17.51045332852029,52.643357771261,12.0,36.09782510603736,842.2825858075385,1,1,0,0,False,False,True,False
4307815,63274.03846153846,3120.0,10.9,118.26923076923077,36.6025641025641,3.173076923076923,48.37812154696133,21.0,673.0769230769231,961.5384615384615,1,1,1,0,False,False,True,False
4307831,151003.35195530727,2685.0,6.3,188.04469273743015,72.5512104283054,0.037243947858473,52.00955974842768,6.0,223.46368715083798,372.43947858472995,0,0,0,0,False,False,True,False
4307864,75541.60305343512,2620.0,19.11,132.74809160305344,89.69465648854961,0.0,68.9335064935065,0.0,0.0,76.33587786259542,0,0,0,0,False,False,True,False
4307906,60687.62503966776,72477.0,194.51,190.58046000800255,67.0957683127061,42.50865791906398,62.33672330950428,72.0,99.3418601763318,532.5827503897789,1,1,1,0,False,False,True,False
4308003,39454.57201285422,6846.0,39.54,127.47589833479404,99.81010809231668,0.0,58.735216138328525,6.0,87.64241893076249,350.56967572304995,0,0,0,0,False,False,True,False
4308052,40111.19751166408,2572.0,17.58,11.508553654743391,104.93779160186625,0.0,34.51517857142857,0.0,0.0,0.0,0,0,0,0,False,False,True,False
4308078,32012.730165946807,4399.0,50.6,148.87474426005912,74.81245737667652,0.8183678108661059,29.86235294117647,6.0,136.39463514435099,272.78927028870197,0,0,0,0,False,False,True,False
4308102,42160.02575291509,13979.0,145.14,235.53186923242006,119.03569640174547,0.06438228771729022,49.98672700941346,6.0,42.92152514486015,300.45067601402104,0,0,0,0,False,False,True,False
4308201,79383.91768054296,31973.0,111.83,211.9913677165108,77.31836236824822,39.930566415413004,65.48554871998412,42.0,131.3608357051262,512.9327870390642,1,1,1,0,False,False,True,False
4308250,60837.66233766234,1694.0,9.9,131.64108618654072,88.19362455726092,0.0,35.1496,0.0,0.0,2125.1475796930345,0,0,0,1,False,False,True,False
4308300,23399.855981894867,9721.0,16.37,101.09042279600864,72.54397695710318,0.0,39.74816295157572,0.0,0.0,1131.570826046703,0,0,0,0,False,False,True,False
4308409,46349.456604928826,6533.0,11.08,111.64855349762743,69.70763814480331,0.0,28.96381625441696,0.0,0.0,214.29664778815246,0,0,0,0,False,False,True,False
4308433,24145.84186808685,2441.0,25.66,150.7988529291274,44.899631298648096,0.0,53.24070422535211,0.0,0.0,163.8672675133142,0,0,0,0,False,False,True,False
4308458,123609.76143576276,4569.0,6.88,187.6997154738455,95.79776756401839,0.8754650908295032,52.55907368421053,0.0,0.0,656.5988181221273,0,0,0,0,False,False,True,False
4308508,42471.52950955944,33684.0,123.04,241.56869730435815,79.82721767011044,28.437833986462415,50.67481038746909,15.0,44.53152832205201,219.68887305545658,1,1,1,0,False,False,True,False
4308607,84397.52829232588,35522.0,203.78,224.30043353414786,84.09999436968639,40.29052418219695,65.71643475664378,21.0,59.11829288891391,551.7707336298632,1,1,1,0,False,False,True,False
4308656,73641.26053499451,2729.0,3.34,59.21582997434958,44.19201172590692,0.0,27.76915322580645,0.0,0.0,439.72150971051667,0,0,0,0,False,False,True,False
4308706,48922.66435986159,5780.0,27.71,210.91695501730104,82.19723183391004,0.01730103806228374,36.53332901554404,0.0,0.0,553.6332179930796,0,0,0,0,False,False,True,False
4308805,35656.5604438137,7751.0,14.93,110.51477228744677,82.24745194168494,1.8062185524448457,39.52460301507538,6.0,77.40936653335054,309.63746613340214,0,0,0,0,False,False,True,False
4308854,106925.40661805944,1783.0,9.44,161.86203028603478,33.370723499719574,0.0,75.0522077922078,0.0,0.0,336.51149747616375,0,0,0,0,False,False,True,False
4308904,46823.834808259584,16950.0,57.75,185.38053097345133,71.42182890855457,16.542772861356934,23.87465876583572,3.0,17.699115044247787,70.79646017699115,0,0,0,0,False,False,True,False
4309001,73881.89411620195,16282.0,18.68,130.37710354993243,81.07726323547476,2.536543422184007,62.51370235934664,6.0,36.85050976538509,859.8452278589854,0,0,0,0,False,False,True,False
4309050,58899.26039275695,7842.0,23.64,100.91813312930375,124.12649834225962,0.0,35.32688753269399,0.0,0.0,18643.203264473348,0,0,0,1,False,False,True,False
4309100,63862.80963936474,41621.0,167.69,292.28994978496434,88.95509478388314,67.27373201028327,116.53286909214552,168.0,403.64239206169964,1460.8010379375796,1,1,1,0,False,False,True,False
4309126,46159.10200097608,2049.0,15.33,169.15568570034162,45.48560273304051,10.346510492923377,44.07482014388489,39.0,1903.367496339678,195.21717911176182,1,1,1,0,False,False,True,False
4309159,32623.063170441,3356.0,15.19,81.22765196662694,38.31942789034565,5.631704410011919,47.545189873417726,21.0,625.7449344457688,178.78426698450536,1,1,1,0,False,False,True,False
4309209,37275.26208344533,275294.0,566.05,179.66682891744824,61.16660733615698,36.3495027134627,80.31138997811418,276.0,100.25645310104834,1369.4450296773632,1,1,1,0,False,False,True,False
4309258,92085.99167822467,1442.0,9.64,140.6380027739251,1.1095700416088765,0.27739251040221913,26.93827044025157,21.0,1456.3106796116506,0.0,1,1,1,0,False,False,True,False
4309308,86339.83284005169,95956.0,247.03,138.18208345491684,67.03801742465296,37.21914210679895,53.17475618904727,123.0,128.18375088582266,3732.960940431031,1,1,1,1,False,False,True,False
4309407,43961.09113168567,26138.0,84.92,159.625832121815,88.84382890810315,7.200244854235213,29.60820420420421,3.0,11.477542275614049,428.49491162292446,0,0,0,0,False,False,True,False
4309506,48010.72421554349,7553.0,25.51,82.00714947702899,92.6122070700384,0.026479544551833708,25.23049382716049,6.0,79.43863365550112,1085.661326625182,0,0,0,0,False,False,True,False
4309555,44441.88993482984,5524.0,110.76,122.0130340333092,81.57132512671977,0.0,29.44656804733728,0.0,0.0,1629.2541636495293,0,0,0,1,False,False,True,False
4309571,27278.757668711656,2608.0,21.69,88.420245398773,49.65490797546012,0.0,34.9275,0.0,0.0,76.68711656441718,0,0,0,0,False,False,True,False
4309605,135518.96497973605,19246.0,82.07,107.73147667047698,96.43042710173543,0.025979424295957603,38.101570776255706,6.0,31.175309155149122,9373.376285981503,0,0,0,1,False,False,True,False
4309654,51538.51196329072,6102.0,7.26,61.65191740412979,69.97705670272042,0.0,42.53440917107584,0.0,0.0,4490.331039003605,0,0,0,1,False,False,True,False
4309704,48020.318391286135,4774.0,34.67,103.7075827398408,84.22706325932133,0.0,35.457321428571426,0.0,0.0,1298.7012987012988,0,0,0,0,False,False,True,False
4309753,29587.92512523069,3793.0,19.1,56.57790667018192,81.07039282889534,0.0,30.577123287671235,0.0,0.0,52.728710783021356,0,0,0,0,False,False,True,False
4309803,79535.51320918146,4618.0,12.98,163.62061498484192,83.93243828497185,0.0,60.06881147540983,0.0,0.0,173.235166738848,0,0,0,0,False,False,True,False
4309902,58520.20497803807,6830.0,23.19,79.5900439238653,90.52708638360176,0.0,30.56564935064935,0.0,0.0,87.84773060029282,0,0,0,0,False,False,True,False
4309951,56293.69891906143,3793.0,12.12,29.132612707619298,83.91774321117849,0.0,41.77938223938224,6.0,158.18613234906405,949.1167940943844,0,0,0,0,False,False,True,False
4310009,77984.6481296984,22082.0,35.55,230.57694049452041,91.5587356217734,1.639344262295082,49.82906411917098,0.0,0.0,371.3431754370075,0,0,0,0,False,False,True,False
4310108,54336.13324511694,34763.0,237.22,97.67856629174698,72.4822368610304,25.647959036907057,48.95711754362234,21.0,60.40905560509737,696.1424503063602,1,1,1,0,False,False,True,False
4310207,59133.06750213615,87775.0,123.05,243.19339219595557,66.06892623184278,38.60438621475363,42.219050369919934,51.0,58.10310452862432,626.6021076616348,1,1,1,0,False,False,True,False
4310306,33114.252061248524,4245.0,33.63,16.442873969375736,89.96466431095406,0.11778563015312132,29.49488479262673,0.0,0.0,235.57126030624264,0,0,0,0,False,False,True,False
4310330,22441.83881708496,27931.0,674.55,447.1125272994164,118.60298592961226,22.061508717911998,75.76658910219119,18.0,64.4445240055852,2685.1885002327163,1,1,1,1,False,False,True,False
4310363,164926.93773824652,3148.0,42.95,178.49428208386277,69.37738246505718,0.5400254129606099,29.259107142857143,6.0,190.59720457433292,31.76620076238882,0,0,0,0,False,False,True,False
4310405,75353.15645013723,6558.0,17.94,124.00121988411101,70.99725526075022,0.15248551387618176,34.936277777777775,12.0,182.9826166514181,274.4739249771272,1,1,0,0,False,False,True,False
4310413,53956.56417764763,2049.0,17.71,109.85846754514397,73.88970229380186,0.0,38.7988679245283,0.0,0.0,292.82576866764276,0,0,0,0,False,False,True,False
4310439,54327.32896652111,5496.0,9.01,203.78457059679766,60.662299854439595,7.096069868995633,48.966707317073165,6.0,109.17030567685589,1128.0931586608442,0,0,0,0,False,False,True,False
4310462,101502.28571428572,1750.0,10.84,151.82857142857142,47.25714285714286,0.0,64.93140625,0.0,0.0,342.85714285714283,0,0,0,0,False,False,True,False
4310504,33380.3777544596,7624.0,41.21,180.84994753410282,75.68205666316894,0.0,39.8401981981982,0.0,0.0,3620.146904512067,0,0,0,1,False,False,True,False
4310538,50238.17034700316,5706.0,32.25,154.18857343147565,119.645986680687,0.0,41.559294117647056,0.0,0.0,2067.9985979670523,0,0,0,1,False,False,True,False
4310553,80962.19592373438,3042.0,2.67,48.09335963182117,68.73767258382642,0.0,31.892278481012656,0.0,0.0,65.74621959237344,0,0,0,0,False,False,True,False
4310579,47907.98169801728,1967.0,10.49,21.301474326385357,71.98779867819013,0.0,22.244567901234568,0.0,0.0,101.67768174885613,0,0,0,0,False,False,True,False
4310603,59379.01167526473,36830.0,10.5,121.10236220472441,65.6475699158295,16.766223187618788,34.75204577968526,21.0,57.018734727124624,374.6945424925333,1,1,1,0,False,False,True,False
4310652,32185.15769944341,2695.0,12.86,266.7161410018553,25.120593692022265,0.0,28.24089960886571,0.0,0.0,74.21150278293135,0,0,0,0,False,False,True,False
4310702,25148.35333948908,3249.0,15.08,13.265620190827947,62.17297630040012,0.0,26.689336734693875,0.0,0.0,246.22960911049555,0,0,0,0,False,False,True,False
4310751,36614.56211812628,1964.0,15.69,22.19959266802444,45.264765784114054,0.0,36.19916666666666,0.0,0.0,814.6639511201629,0,0,0,0,False,False,True,False
4310801,50158.7982832618,23533.0,364.28,226.24399779033698,70.22904007138911,34.78944460969702,66.62594396264176,12.0,50.9922236858879,144.47796711001573,1,1,0,0,False,False,True,False
4310850,35514.28571428572,3850.0,29.62,126.12987012987013,87.55844155844156,0.0,39.35948412698413,0.0,0.0,155.84415584415584,0,0,0,0,False,False,True,False
4310876,108225.6038647343,2070.0,6.01,66.81159420289855,70.2415458937198,0.0,48.15938144329897,0.0,0.0,193.23671497584542,0,0,0,0,False,False,True,False
4310900,68303.73419582476,3401.0,18.75,98.64745663040283,102.64628050573361,0.0,51.68103857566765,0.0,0.0,764.4810349897089,0,0,0,0,False,False,True,False
4311007,38655.62285630884,27406.0,12.97,131.45296650368533,92.64759541706195,0.003648836021309202,25.64366699060577,0.0,0.0,758.9578924323141,0,0,0,0,False,False,True,False
4311106,35070.04360330272,10779.0,15.67,94.82326746451433,85.24909546340106,0.0,36.60662576687116,0.0,0.0,241.20975971797012,0,0,0,0,False,False,True,False
4311122,25044.474034620507,3755.0,4.06,52.782956058588546,102.29027962716378,1.1717709720372835,37.06706106870229,9.0,239.6804260985353,905.4593874833555,1,0,0,0,False,False,True,False
4311130,137377.27006444053,3414.0,3.93,53.95430579964851,52.31400117164616,0.0,25.857820512820517,0.0,0.0,58.58230814294083,0,0,0,0,False,False,True,False
4311155,133526.35181382616,7305.0,5.8,157.61806981519507,66.5845311430527,0.0,55.091444043321296,0.0,0.0,273.7850787132101,0,0,0,0,False,False,True,False
4311205,103743.87023764616,18557.0,9.45,177.3778089130786,89.08767580966752,3.2386700436492966,55.34594120680763,9.0,48.49921862369995,528.1026027913995,1,0,0,0,False,False,True,False
4311239,30133.79973764757,2287.0,20.51,148.0104940970704,35.986007870572806,0.0,53.93433962264151,0.0,0.0,437.25404459991256,0,0,0,0,False,False,True,False
4311254,28493.276846564742,5429.0,13.78,82.90661263584454,89.07717811751704,0.0,34.64102564102564,0.0,0.0,110.51759071652238,0,0,0,0,False,False,True,False
4311270,88330.52276559865,1779.0,12.54,213.26587970770095,89.60089938167509,0.0,32.314020618556704,0.0,0.0,899.3816750983699,0,0,0,0,False,False,True,False
4311304,52884.78876192473,28617.0,21.95,163.50770521018976,61.70108676660726,28.248942936017052,50.93184168865435,15.0,52.41639584862145,1139.1830031100394,1,1,1,0,False,False,True,False
4311403,57900.93222004946,96651.0,1026.47,230.00279355619705,72.02305201187778,48.56752646118509,81.64555787568733,72.0,74.49483192103548,1411.2632047262832,1,1,1,0,False,False,True,False
4311429,28148.496240601504,2660.0,38.28,161.57894736842104,39.32330827067669,0.0,36.36345454545455,0.0,0.0,902.2556390977444,0,0,0,0,False,False,True,False
4311502,68224.4310392103,7294.0,2.75,140.85549766931726,85.04250068549493,1.4395393474088292,45.76613013698631,6.0,82.25939128050453,630.6553331505347,0,0,0,0,False,False,True,False
4311601,35525.95797280593,4854.0,19.46,106.67490729295426,63.88545529460239,0.0,31.787750000000003,0.0,0.0,206.01565718994644,0,0,0,0,False,False,True,False
4311627,57083.788422530815,6409.0,187.34,219.92510532064284,91.1686690591356,0.0,59.45301470588236,0.0,0.0,187.23669839288502,0,0,0,0,False,False,True,False
4311643,38127.32558139535,1720.0,26.5,178.48837209302326,31.162790697674417,0.0,38.46268292682927,0.0,0.0,232.5581395348837,0,0,0,0,False,False,True,False
4311700,46525.23874488404,5864.0,17.11,34.498635743519785,92.83765347885402,0.0,31.62552147239264,0.0,0.0,716.2346521145976,0,0,0,0,False,False,True,False
4311718,129717.6287051482,4487.0,2.63,105.57165143748607,63.494539781591264,0.04457321149988857,37.77982758620689,0.0,0.0,178.29284599955426,0,0,0,0,False,False,True,False
4311734,21935.020306154325,3201.0,19.99,259.7000937207123,13.620743517650734,0.0,49.237526881720434,0.0,0.0,812.2461730709153,0,0,0,0,False,False,True,False
4311759,79076.47824201244,6917.0,4.89,119.69061731964725,79.6443544889403,0.014457134595923089,43.59956120092379,0.0,0.0,346.97123030215414,0,0,0,0,False,False,True,False
4311775,25103.321033210334,7588.0,12.09,208.76383763837637,94.25408539799683,0.0,42.21464722483537,0.0,0.0,19768.05482340538,0,0,0,1,False,False,True,False
4311791,32057.51685838953,2521.0,30.1,181.83260610868703,104.20468068226894,0.0,36.34032051282051,0.0,0.0,872.6695755652519,0,0,0,0,False,False,True,False
4311809,65586.89128943758,46656.0,69.45,210.22805212620028,81.3250171467764,22.76020233196159,53.52050612890471,15.0,32.150205761316876,111.45404663923182,1,1,1,0,False,False,True,False
4311908,38237.63955342903,4389.0,18.8,185.12189564821145,58.53269537480064,0.0,33.41945378151261,0.0,0.0,1503.7593984962407,0,0,0,0,False,False,True,False
4311981,26104.4216837372,4003.0,11.57,74.69397951536348,57.28203847114664,0.2997751686235324,44.1019512195122,0.0,0.0,649.5128653509868,0,0,0,0,False,False,True,False
4312005,38605.93220338983,1888.0,18.82,174.47033898305085,60.222457627118644,0.211864406779661,26.389012345679014,6.0,317.79661016949154,0.0,0,0,0,0,False,False,True,False
4312054,30650.61728395061,4050.0,31.57,88.32098765432099,98.93827160493827,0.09876543209876543,49.24769491525424,6.0,148.14814814814815,3753.0864197530864,0,0,0,1,False,False,True,False
4312104,35312.578353531135,4786.0,14.86,106.85332218972002,61.429168407856245,0.0,44.80283464566929,0.0,0.0,501.4625992478061,0,0,0,0,False,False,True,False
4312138,64465.51724137931,2610.0,10.71,123.25670498084291,85.63218390804597,0.0,26.52446808510638,0.0,0.0,842.911877394636,0,0,0,0,False,False,True,False
4312153,36179.75951903808,4990.0,103.83,118.21643286573146,89.15831663326654,0.0,42.48373259052925,0.0,0.0,80.16032064128257,0,0,0,0,False,False,True,False
4312179,48252.04582651391,1833.0,15.66,83.46972176759411,53.682487725040914,0.0,44.535,0.0,0.0,218.2214948172395,0,0,0,0,False,False,True,False
4312203,37840.0657585721,4258.0,20.11,103.38186942226397,84.1709722874589,0.0,51.70196116504854,0.0,0.0,845.4673555659934,0,0,0,0,False,False,True,False
4312252,36441.32619762433,7661.0,17.69,66.23156245920899,94.26967758778227,0.0,48.68535836177474,6.0,78.3187573423835,992.0375930035243,0,0,0,0,False,False,True,False
4312302,42251.66444740346,4506.0,33.73,157.2791833111407,120.32845095428318,0.0,31.62384615384616,0.0,0.0,399.46737683089214,0,0,0,0,False,False,True,False
4312351,64142.48366013072,1530.0,18.23,46.666666666666664,112.48366013071896,0.0,28.38541176470589,0.0,0.0,130.718954248366,0,0,0,0,False,False,True,False
4312377,33763.07692307692,3250.0,5.79,50.46153846153846,54.43076923076923,0.15384615384615385,35.534464285714286,0.0,0.0,123.07692307692308,0,0,0,0,False,False,True,False
4312385,36195.86048294366,2609.0,36.67,144.11651973936375,68.64699118436182,0.0,47.88435064935065,0.0,0.0,383.28861632809503,0,0,0,0,False,False,True,False
4312401,86768.91168263067,66295.0,151.34,208.41843276265178,81.56271212006939,23.713703899238254,52.251288400141895,39.0,58.82796590994796,2986.6505769665887,1,1,1,1,False,False,True,False
4312427,54470.33747779751,2815.0,18.85,146.85612788632326,143.76554174067496,0.035523978685612786,45.489620991253645,0.0,0.0,2557.726465364121,0,0,0,1,False,False,True,False
4312443,25994.256541161456,3134.0,18.48,229.2278238672623,61.0721123165284,0.0,35.92488372093023,0.0,0.0,0.0,0,0,0,0,False,False,True,False
4312450,21469.44399416437,6169.0,24.71,171.2919435889123,95.93126924947317,0.0,43.399886547812,0.0,0.0,551.1428108283352,0,0,0,0,False,False,True,False
4312476,44485.96462761642,6163.0,67.43,236.08632159662503,117.41035210124939,0.0,41.50449275362319,0.0,0.0,1038.4552977446049,0,0,0,0,False,False,True,False
4312500,52108.05119066904,12346.0,6.11,250.48598736432854,97.61866191479021,0.0,33.35354553492485,0.0,0.0,1619.9578810950916,0,0,0,1,False,False,True,False
4312609,64305.92245419685,4694.0,41.36,168.5982104814657,4.835960801022582,1.6403919897741799,44.07961887477314,6.0,127.82275244993609,85.2151682999574,0,0,0,0,False,False,True,False
4312617,381921.7154526889,2938.0,2.41,119.60517358747447,84.75153165418652,0.3063308373042886,13.828521126760563,0.0,0.0,3948.2641252552758,0,0,0,1,False,False,True,False
4312625,52414.81481481482,1755.0,15.49,115.15669515669515,109.62962962962963,0.0,83.63703883495145,0.0,0.0,6039.88603988604,0,0,0,1,False,False,True,False
4312658,120538.1129190783,18314.0,49.48,165.74205525827236,98.72774926285902,0.010920607185759528,33.517984562607204,0.0,0.0,338.5388227585454,0,0,0,0,False,False,True,False
4312674,73901.97069226882,1979.0,12.46,82.16270843860535,45.17433046993431,0.0,52.217225806451616,0.0,0.0,202.122283981809,0,0,0,0,False,False,True,False
4312708,37386.66761525328,14056.0,29.25,181.35315879339782,72.53130335799659,0.0071143995446784295,40.4995603156708,0.0,0.0,213.43198634035286,0,0,0,0,False,False,True,False
4312757,73265.71694022918,3229.0,21.25,57.881697119851346,41.93248683803035,11.706410653453082,68.03273504273504,18.0,557.4481263549086,0.0,1,1,1,0,False,False,True,False
4312807,64338.576484467165,5086.0,65.6,257.5304758159654,111.42351553283524,0.058985450255603616,52.96122881355932,0.0,0.0,196.61816751867872,0,0,0,0,False,False,True,False
4312906,81219.70233876683,9877.0,45.6,146.46147615672774,89.00475852991799,0.0,38.07900497512438,6.0,60.74719044244204,1113.6984914447708,0,0,0,0,False,False,True,False
4312955,69608.71647509579,2088.0,21.79,162.06896551724137,94.87547892720306,0.0,37.55358974358974,0.0,0.0,1053.639846743295,0,0,0,0,False,False,True,False
4313003,45457.00483091788,3105.0,29.56,57.93880837359098,50.43478260869565,2.1900161030595813,28.15375,6.0,193.23671497584542,128.8244766505636,0,0,0,0,False,False,True,False
4313011,73207.0835992342,3134.0,31.37,154.7543075941289,94.92661135928526,0.0,35.7950643776824,0.0,0.0,191.44862795149967,0,0,0,0,False,False,True,False
4313037,34653.39766787294,4974.0,25.47,179.1113791716928,87.31403297145155,0.02010454362685967,47.928136792452825,0.0,0.0,683.5544833132288,0,0,0,0,False,False,True,False
4313060,39227.71313111641,20539.0,322.34,185.17454598568577,93.88480451823361,0.029212717269584694,37.81452908948605,6.0,29.212717269584694,146.06358634792346,0,0,0,0,False,False,True,False
4313086,41929.28870292887,2390.0,22.83,174.89539748953976,51.00418410041841,1.9246861924686192,56.19405063291139,0.0,0.0,334.72803347280336,0,0,0,0,False,False,True,False
4313102,67339.25743445364,5683.0,17.76,93.70051029385888,61.32324476508886,0.33433045926447297,31.20495798319328,21.0,369.5231391870491,1090.9730775998592,1,1,1,0,False,False,True,False
4313201,40717.024571978734,23889.0,80.3,241.14445979321027,71.37176106157646,44.279794047469544,87.73835318369217,21.0,87.90656787642848,745.1128134287748,1,1,1,0,False,False,True,False
4313300,65071.01214879452,26587.0,98.84,159.66449768683944,59.76605107759431,34.44916688607214,70.26819968960166,9.0,33.851130251626735,210.6292548990108,1,0,0,0,False,False,True,False
4313334,138427.07860063607,2201.0,8.47,142.66242616992275,85.05224897773739,0.0,14.679907407407407,0.0,0.0,363.4711494775102,0,0,0,0,False,False,True,False
4313359,47785.77476714649,3543.0,23.14,164.23934518769406,78.06943268416596,0.7902907140841096,41.25115942028985,6.0,169.34801016088062,4233.7002540220155,0,0,0,1,False,False,True,False
4313375,82584.30994986887,30121.0,133.04,150.07137877228513,81.04644600112879,24.21566349058796,47.441155239014975,42.0,139.4376016732512,1786.1292785764085,1,1,1,1,False,False,True,False
4313391,36625.962596259626,3636.0,18.49,154.34543454345433,153.7128712871287,0.08250825082508251,30.404135338345863,3.0,82.50825082508251,1870.18701870187,0,0,0,1,False,False,True,False
4313409,42555.3906875983,235879.0,1022.96,187.02215966660873,129.7003972375667,43.93862955159213,95.69098693759072,324.0,137.35856095710088,949.6394337774876,1,1,1,0,False,False,True,False
4313425,57410.65927295132,3246.0,14.61,70.42513863216266,45.25569932224276,4.097350585335798,71.39091836734694,6.0,184.84288354898337,61.61429451632779,0,0,0,0,False,False,True,False
4313441,34154.02193784278,2188.0,28.45,115.6307129798903,0.5484460694698354,0.0,44.125600000000006,0.0,0.0,0.0,0,0,0,0,False,False,True,False
4313466,44716.32896305125,1678.0,20.61,150.1787842669845,203.2777115613826,0.0,48.57385826771654,0.0,0.0,357.56853396901073,0,0,0,0,False,False,True,False
4313490,30931.137039579044,4371.0,34.63,55.68519789521849,28.620452985586823,0.0,27.062051948051945,0.0,0.0,45.75611988103409,0,0,0,0,False,False,True,False
4313508,37177.093339328414,48929.0,71.39,272.7257863434773,82.28657851172106,32.338694843548815,61.32837298605893,72.0,147.15199574894234,7308.54912219747,1,1,1,1,False,False,True,False
4313607,45420.21132484422,3691.0,19.93,113.32972094283392,42.6713627743159,16.03901381739366,27.446153846153848,24.0,650.2302898943376,433.48685992955836,1,1,1,0,False,False,True,False
4313656,55854.66970387244,13170.0,13.53,212.67274107820805,95.70235383447229,7.851176917236143,38.43030849825379,3.0,22.779043280182233,2034.9278663629461,0,0,0,1,False,False,True,False
4313706,64705.31358630561,34233.0,23.37,173.9549557444571,68.02208395407939,24.499751701574503,59.04029621297338,12.0,35.05389536412234,257.06189933689717,1,1,0,0,False,False,True,False
4313805,33820.09462151394,8032.0,54.37,116.19770916334662,77.93824701195219,0.01245019920318725,30.578623481781374,0.0,0.0,224.10358565737053,0,0,0,0,False,False,True,False
4313904,70328.8486301674,45042.0,88.52,233.3022512321833,98.21943963411927,0.004440300164291106,47.74896958809188,0.0,0.0,364.1046134718707,0,0,0,0,False,False,True,False
4313953,51129.43092546465,10438.0,12.14,127.30408124161717,66.89978923165357,21.220540333397203,76.33070544554455,15.0,143.7056907453535,785.5911094079325,1,1,1,0,False,False,True,False
4314001,57692.94549408727,7357.0,59.09,220.63341035748266,85.98613565311948,0.0,53.24034129692833,0.0,0.0,81.55498165012912,0,0,0,0,False,False,True,False
4314027,31256.36774679729,6635.0,19.31,149.99246420497363,68.1386586284853,0.015071590052750565,42.97806026365348,0.0,0.0,1115.297663903542,0,0,0,0,False,False,True,False
4314035,30777.126099706744,4433.0,75.13,166.07263704037896,51.703135574103314,0.0,78.19608888888888,0.0,0.0,135.34852244529665,0,0,0,0,False,False,True,False
4314050,25960.60125105032,53555.0,478.88,175.02940901876576,78.42218280272617,24.21249183082812,51.73105248386191,57.0,106.43263934273178,123.2377929231631,1,1,1,0,False,False,True,False
4314068,32949.207135778,4036.0,13.09,135.1585728444004,23.2408325074331,1.362735381565907,52.52071428571429,21.0,520.3171456888008,891.9722497522299,1,1,1,0,False,False,True,False
4314076,37315.72960675983,6154.0,22.72,51.65745856353591,114.60838479038024,0.0,33.9835294117647,0.0,0.0,357.4910627234319,0,0,0,0,False,False,True,False
4314100,58504.06871609404,214564.0,262.89,187.31986726571094,68.25236293133983,48.38882571167577,103.87430566904013,249.0,116.04929065453665,1123.2079938852744,1,1,1,0,False,False,True,False
4314134,89520.10968921389,2188.0,14.32,135.05484460694697,48.446069469835464,0.0,42.335920398009954,0.0,0.0,274.22303473491775,0,0,0,0,False,False,True,False
4314159,29764.055978394303,8146.0,46.42,146.29265897372943,51.69408298551436,0.024551927326295114,38.060758122743685,6.0,73.65578197888534,171.8634912840658,0,0,0,0,False,False,True,False
4314175,183900.0,2100.0,1.5,75.19047619047619,44.04761904761905,0.0,42.63692682926829,0.0,0.0,285.7142857142857,0,0,0,0,False,False,True,False
4314209,35453.366518208015,7634.0,12.4,78.85774168194918,104.65024888656012,0.07859575582918522,46.40033740129218,18.0,235.78726748755568,1231.3335079905685,1,1,1,0,False,False,True,False
4314308,121553.28620057608,3819.0,9.04,199.73815134852055,83.73919874312648,3.7706205813040063,59.41283261802575,12.0,314.21838177533385,995.0248756218906,1,1,0,0,False,False,True,False
4314407,32065.403072016565,336131.0,202.44,182.4348245178219,115.35800030345312,39.3801821313714,102.34178769352567,384.0,114.24117382806108,924.0444945571816,1,1,1,0,False,False,True,False
4314423,70649.54296160878,5470.0,63.49,236.0146252285192,97.76965265082266,0.0,40.136818538884526,6.0,109.68921389396709,438.75685557586837,0,0,0,0,False,False,True,False
4314456,40653.26301911668,3034.0,43.37,180.3559657218194,139.41990771259063,0.0,35.03175438596491,0.0,0.0,1450.2307185234015,0,0,0,0,False,False,True,False
4314464,132546.75946063505,2299.0,5.13,242.62722923010006,83.21009134406263,0.21748586341887777,44.96105882352941,0.0,0.0,8438.451500652458,0,0,0,1,False,False,True,False
4314472,240970.778381174,3867.0,7.96,11.99896560641324,103.5169381949832,0.0,36.337941176470586,0.0,0.0,4085.8546677010604,0,0,0,1,False,False,True,False
4314498,28369.4198835454,4637.0,43.08,182.38084968729783,80.41837394867372,0.0,36.68042682926829,0.0,0.0,690.1013586370498,0,0,0,0,False,False,True,False
4314506,34860.723989832586,11409.0,4.99,123.06950652993251,82.62775002191252,0.017530020159523183,53.11048901488306,6.0,52.59006047856955,8466.999737049697,0,0,0,1,False,False,True,False
4314548,26683.189655172413,2784.0,25.98,160.70402298850576,9.23132183908046,0.43103448275862066,33.7219696969697,0.0,0.0,71.83908045977012,0,0,0,0,False,False,True,False
4314555,41890.265486725664,2260.0,7.69,60.92920353982301,83.6283185840708,0.08849557522123894,35.1165671641791,0.0,0.0,176.99115044247787,0,0,0,0,False,False,True,False
4314605,49476.00044964029,17792.0,4.95,89.68637589928058,91.09150179856115,0.0,39.47390022675737,6.0,33.723021582733814,966.726618705036,0,0,0,0,False,False,True,False
4314704,23767.69578313253,10624.0,45.53,210.28802710843374,73.9269578313253,0.0,49.203968253968256,0.0,0.0,320.0301204819277,0,0,0,0,False,False,True,False
4314753,59296.5796579658,2222.0,32.11,205.4905490549055,57.02070207020702,0.0,43.515108695652174,0.0,0.0,90.00900090009002,0,0,0,0,False,False,True,False
4314779,120393.1343283582,3350.0,6.56,181.67164179104478,84.77611940298507,0.029850746268656716,38.18252293577982,0.0,0.0,477.6119402985075,0,0,0,0,False,False,True,False
4314787,59880.92269326683,1604.0,15.83,54.80049875311721,40.77306733167082,0.06234413965087282,46.24671875,6.0,374.0648379052369,249.37655860349128,0,0,0,0,False,False,True,False
4314803,47177.767687374064,35237.0,213.88,152.2064874989358,72.52320004540681,24.885773476743196,67.43201076233184,15.0,42.56889065470954,175.95141470613277,1,1,1,0,False,False,True,False
4314902,58707.098138516485,1389322.0,2690.5,177.54026784287586,86.82638006164157,55.79081019374918,130.69570611842448,4407.0,317.20508276698996,6836.428128252485,1,1,1,1,False,False,True,False
4315008,30665.00904159132,4424.0,17.38,90.48372513562387,56.50994575045208,1.6274864376130198,26.292262773722623,0.0,0.0,361.6636528028933,0,0,0,0,False,False,True,False
4315057,41061.580882352944,2176.0,20.24,10.615808823529411,62.54595588235294,0.2757352941176471,55.14390243902439,6.0,275.7352941176471,183.8235294117647,0,0,0,0,False,False,True,False
4315073,28524.921135646688,1585.0,13.65,55.26813880126183,72.80757097791798,20.441640378548897,41.879464285714285,63.0,3974.7634069400633,252.36593059936908,1,1,1,0,False,False,True,False
4315107,20817.90367153573,10132.0,35.3,113.14646664034741,76.46071851559415,8.52743782076589,46.65795454545455,6.0,59.218318199763125,355.30990919857874,0,0,0,0,False,False,True,False
4315131,34641.84997179921,1773.0,16.51,97.17992103778906,139.8195149464185,1.2972363226170334,35.91528150134048,6.0,338.40947546531305,5414.551607445009,0,0,0,1,False,False,True,False
4315149,67683.76068376069,3159.0,62.0,244.2545109211776,151.661918328585,0.0,27.132420856610803,0.0,0.0,759.7340930674264,0,0,0,0,False,False,True,False
4315156,30666.11418047882,5430.0,20.86,123.24125230202579,55.966850828729285,0.0,59.438795518207286,0.0,0.0,2836.09576427256,0,0,0,1,False,False,True,False
4315172,45076.3653939101,2069.0,11.77,130.25616239729337,89.41517641372644,0.0,32.95081395348837,0.0,0.0,96.66505558240696,0,0,0,0,False,False,True,False
4315206,34987.67697954903,3814.0,17.33,74.9606712113267,51.07498689040378,0.7865757734661772,47.7671359223301,6.0,157.31515469323546,209.7535395909806,0,0,0,0,False,False,True,False
4315305,26086.043021510755,23988.0,7.48,176.4590628647657,80.7528764382191,0.01250625312656328,28.976343799893563,0.0,0.0,150.0750375187594,0,0,0,0,False,False,True,False
4315313,117772.6409119696,1579.0,5.77,82.4572514249525,52.43825205826472,0.0,56.08292682926829,0.0,0.0,379.9873337555415,0,0,0,0,False,False,True,False
4315321,117144.42270058708,2555.0,4.61,14.833659491193737,58.00391389432485,0.03913894324853229,24.75394736842105,0.0,0.0,547.945205479452,0,0,0,0,False,False,True,False
4315354,63780.25,4000.0,17.53,267.0,61.6,1.2,37.38947368421052,0.0,0.0,200.0,0,0,0,0,False,False,True,False
4315404,23445.13791020737,9934.0,32.06,59.93557479363801,41.49385947251862,0.0,26.633432835820894,6.0,60.398630964364806,322.12603180994563,0,0,0,0,False,False,True,False
4315453,45233.5886214442,1828.0,16.6,77.18818380743983,56.67396061269147,1.148796498905908,46.1615234375,0.0,0.0,328.2275711159737,0,0,0,0,False,False,True,False
4315503,44266.28541379084,15213.0,15.42,136.0481167422599,84.53296522710839,0.019719976336028396,68.66750170648464,0.0,0.0,933.4122132386774,0,0,0,0,False,False,True,False
4315552,47489.90953375087,2874.0,12.02,182.39387613082812,70.14613778705636,0.0,10.518764705882353,0.0,0.0,417.5365344467641,0,0,0,0,False,False,True,False
4315602,66758.81844409373,198958.0,71.53,176.74283014505573,70.40581429246373,35.57735803536425,106.23116555082169,243.0,122.13633028076278,13000.73382321897,1,1,1,1,False,False,True,False
4315701,38987.41097964448,35666.0,16.9,104.87579207087983,69.99102786967981,19.637750238322212,77.63803490317954,15.0,42.05686087590422,521.5050748612124,1,1,1,0,False,False,True,False
4315750,34087.707786526684,4572.0,18.71,111.04549431321085,90.41994750656168,0.0,40.23395604395604,0.0,0.0,306.2117235345582,0,0,0,0,False,False,True,False
4315800,54122.792183389705,10644.0,50.06,103.80496054114994,128.98346486283353,2.8560691469372417,42.50316493313522,6.0,56.36978579481398,1935.3626456219467,0,0,0,1,False,False,True,False
4315909,40944.14308752382,6821.0,79.9,167.05761618531008,101.09954552118458,0.0,42.6475,0.0,0.0,439.8182084738308,0,0,0,0,False,False,True,False
4315958,69431.38936535163,2332.0,7.76,47.684391080617495,58.319039451114925,0.0,36.33741379310345,0.0,0.0,171.52658662092625,0,0,0,0,False,False,True,False
4316006,33663.59913495606,21733.0,71.78,210.79464408963327,85.42769060875167,0.06441816592279023,41.88739631336406,6.0,27.607785395481525,515.3453273823218,0,0,0,0,False,False,True,False
4316105,47287.80585639792,9972.0,23.35,152.82791817087846,74.4484556758925,0.0,37.74017441860465,0.0,0.0,220.6177296430004,0,0,0,0,False,False,True,False
4316204,52896.71453865827,5083.0,19.77,122.8801888648436,61.676175486917174,0.0,58.05405750798722,0.0,0.0,157.3873696635845,0,0,0,0,False,False,True,False
4316303,65247.237981487015,6698.0,18.84,67.69184831292924,80.93460734547627,1.373544341594506,34.903965517241375,6.0,89.57897879964169,985.3687667960585,0,0,0,0,False,False,True,False
4316402,36657.18832891247,37700.0,8.43,175.09549071618036,67.42440318302387,19.06631299734748,50.9899895441238,27.0,71.61803713527851,541.1140583554377,1,1,1,0,False,False,True,False
4316428,32667.45749308027,2529.0,31.84,160.0632661130882,50.41518386714116,0.0,34.500817610062896,0.0,0.0,79.08264136022143,0,0,0,0,False,False,True,False
4316436,97004.19687142312,2621.0,11.62,214.87981686379246,138.07706982067913,0.0,80.46633431085044,0.0,0.0,1449.8283098054178,0,0,0,0,False,False,True,False
4316451,116982.35804492432,10373.0,20.1,134.6090812686783,82.35804492432275,2.361901089366625,50.05060773480663,6.0,57.84247565795816,231.36990263183264,0,0,0,0,False,False,True,False
4316477,60436.84388757196,2953.0,30.51,160.00677277345073,70.70775482560109,0.6095496105655266,53.91610738255034,6.0,203.1832035218422,609.5496105655266,0,0,0,0,False,False,True,False
4316501,47015.1768309663,7182.0,69.38,225.9676970203286,79.93595098858256,0.0,49.240077639751554,0.0,0.0,779.7270955165692,0,0,0,0,False,False,True,False
4316600,50350.61757861448,16759.0,32.51,94.86246196073752,64.70553135628617,28.62939316188317,35.15572158365262,6.0,35.80165881019154,453.4876782624262,0,0,0,0,False,False,True,False
4316709,161453.77643504532,8275.0,8.32,227.66163141993957,80.809667673716,0.5438066465256798,59.17018327605957,24.0,290.03021148036254,1401.8126888217523,1,1,1,0,False,False,True,False
4316733,84140.35087719298,1710.0,8.37,65.02923976608187,37.953216374269005,0.0,47.65088235294118,0.0,0.0,350.87719298245617,0,0,0,0,False,False,True,False
4316758,47984.57619923588,7067.0,79.67,149.32786189330693,82.66591198528371,0.0,50.58528836754643,6.0,84.90165558228385,84.90165558228385,0,0,0,0,False,False,True,False
4316808,71071.08411052541,138104.0,181.54,175.75377976018072,67.60484851995598,40.37898974685744,60.06570974684842,117.0,84.7187626716098,884.8404101257024,1,1,1,0,False,False,True,False
4316907,33878.72195688837,282244.0,152.64,164.54379898244073,96.32941710009779,43.09462734371679,97.8705563016529,324.0,114.79429146412325,940.3211405734046,1,1,1,0,False,False,True,False
4316956,43105.36871336008,6482.0,45.14,206.41777229250232,64.48626966985498,0.09256402344955261,82.62843055555555,12.0,185.12804689910521,92.56402344955261,1,1,0,0,False,False,True,False
4316972,135822.4228743416,2658.0,2.72,205.00376222723852,83.44620015048909,3.950338600451467,55.67440828402367,3.0,112.86681715575621,1128.6681715575621,0,0,0,0,False,False,True,False
4317004,51106.58263305322,7140.0,4.95,127.73109243697479,74.66386554621849,0.12605042016806722,43.913244529019984,6.0,84.03361344537815,112.04481792717087,0,0,0,0,False,False,True,False
4317103,32348.881964809385,87296.0,12.15,206.6039681085044,72.97928885630499,22.2472965542522,48.42256426138123,48.0,54.98533724340176,959.9523460410558,1,1,1,0,False,False,True,False
4317202,47006.14648277599,79395.0,157.27,143.23320108319163,71.70602682788589,33.84847912337049,55.195299191374666,93.0,117.13583978839978,649.9149820517665,1,1,1,0,False,False,True,False
4317251,32561.07119529719,1531.0,20.43,134.22599608099281,106.79294578706728,0.0,40.36837662337662,0.0,0.0,391.90071848465055,0,0,0,0,False,False,True,False
4317301,54930.415193517096,31961.0,5.95,223.1438315446951,96.48008510372016,0.00938643972341291,32.1102538071066,0.0,0.0,1407.9659585119364,0,0,0,0,False,False,True,False
4317400,40163.14001311319,50331.0,20.27,155.39925691919493,91.03733285649004,1.0768711132304147,45.391641886151234,12.0,23.842164868570066,206.63209552760725,1,1,0,0,False,False,True,False
4317509,40190.48401364843,79130.0,113.22,225.69442689245545,73.15303930241375,26.055857449766208,50.96306269373063,45.0,56.868444332111714,439.7826361683306,1,1,1,0,False,False,True,False
4317558,56137.30084348641,2134.0,16.58,88.98781630740393,80.83411433926898,0.0,59.32836601307189,0.0,0.0,8528.584817244611,0,0,0,1,False,False,True,False
4317608,37855.17987070033,44393.0,40.92,200.82220169846596,70.13267857545108,21.577726218097446,48.71892580956984,24.0,54.06257743337914,3532.0883923141037,1,1,1,1,False,False,True,False
4317707,64228.15210140093,10493.0,6.02,129.4100829124178,92.52835223482322,0.01906032593157343,39.42876893939394,6.0,57.18097779472029,914.8956447155247,0,0,0,0,False,False,True,False
4317756,88703.18352059925,2136.0,10.27,257.20973782771534,109.22284644194757,0.0,31.610220588235293,6.0,280.8988764044944,2059.9250936329586,0,0,0,1,False,False,True,False
4317806,59766.06086221471,14196.0,29.72,188.79261763877147,93.34319526627219,0.7114680191603269,41.63018108651912,18.0,126.79628064243448,239.50408565793182,1,1,1,0,False,False,True,False
4317905,50081.18293306081,15656.0,41.72,117.08610117526827,75.88145120081758,4.177312212570261,45.91017301038062,6.0,38.32396525293817,140.52120592743995,0,0,0,0,False,False,True,False
4317954,53842.58872651357,2395.0,18.7,149.26931106471815,60.54279749478079,0.08350730688935282,19.906226415094338,0.0,0.0,167.01461377870564,0,0,0,0,False,False,True,False
4318002,41921.72594295778,61323.0,16.5,179.27368197902908,75.15124830813888,16.628344992906413,43.79404846268145,27.0,44.029157086248226,375.0631899939664,1,1,1,0,False,False,True,False
4318051,43958.689458689456,2808.0,35.01,121.08262108262109,78.5968660968661,0.0,71.59535519125683,12.0,427.35042735042737,71.22507122507122,1,1,0,0,False,False,True,False
4318101,44800.49027800992,17949.0,7.03,75.74238119115272,71.22959496350772,0.005571341021783943,60.95372355430184,0.0,0.0,579.4194662655301,0,0,0,0,False,False,True,False
4318200,45882.000625754255,22373.0,6.6,170.12917355741294,106.60617708845483,2.172261207705717,39.34752557889068,12.0,53.63607920261029,1448.1741384704778,1,1,0,0,False,False,True,False
4318309,45309.52380952381,60102.0,11.57,191.69911151043226,66.96615753219527,21.468503543975242,69.63947306397306,51.0,84.85574523310372,435.92559315829754,1,1,1,0,False,False,True,False
4318408,31138.32220717987,21421.0,22.48,185.4301853321507,72.74170206806404,1.951356145838196,36.81765536723164,6.0,28.009896830213343,252.08907147192008,0,0,0,0,False,False,True,False
4318424,40481.204660364914,4549.0,26.08,30.31435480325346,93.36117828094086,0.06594856012310397,50.63672877846791,6.0,131.89712024620795,43.96570674873598,0,0,0,0,False,False,True,False
4318432,38721.09346139638,2707.0,33.82,165.01662356852606,29.516069449575177,0.0,59.70956834532374,0.0,0.0,738.8252678241596,0,0,0,0,False,False,True,False
4318440,44802.083333333336,2976.0,23.18,110.48387096774194,122.11021505376344,0.0,37.15931034482759,0.0,0.0,268.81720430107526,0,0,0,0,False,False,True,False
4318457,38847.69038701623,2403.0,24.07,129.4215563878485,12.942155638784852,0.0,24.353977272727278,0.0,0.0,249.68789013732834,0,0,0,0,False,False,True,False
4318465,30565.14994829369,1934.0,18.48,83.45398138572907,109.97931747673216,0.05170630816959669,59.46482412060301,0.0,0.0,1758.0144777662874,0,0,0,1,False,False,True,False
4318481,25898.92331355746,4551.0,69.8,194.70446055811908,113.66732586244781,0.0,36.113,0.0,0.0,439.46385409800047,0,0,0,0,False,False,True,False
4318499,74622.00568412505,2463.0,30.95,146.97523345513602,50.42630937880634,0.04060089321965083,10.308478260869563,0.0,0.0,0.0,0,0,0,0,False,False,True,False
4318507,30204.00076204992,26245.0,23.74,82.62907220422937,72.44427510001906,0.0076204991426938465,45.3253640776699,3.0,11.430748714040769,617.2604305582015,0,0,0,0,False,False,True,False
4318606,66353.96961880194,6978.0,20.38,173.57408999713385,90.57036400114646,0.0,37.85446886446886,0.0,0.0,859.8452278589854,0,0,0,0,False,False,True,False
4318614,38532.37704918033,2440.0,43.46,213.27868852459017,162.04918032786884,0.0,39.14963636363636,0.0,0.0,491.8032786885246,0,0,0,0,False,False,True,False
4318622,36311.7125524965,4286.0,3.55,138.0774615025665,92.69715352309846,0.0,42.20656626506024,0.0,0.0,1213.2524498366774,0,0,0,0,False,False,True,False
4318705,48103.2574256987,225669.0,2110.58,184.80606552074056,64.12223211872255,39.365619557848,91.59493003914812,279.0,123.63239966499607,604.4250650288698,1,1,1,0,False,False,True,False
4318804,39301.134394566,43283.0,20.62,135.93558671995933,62.761361273479196,19.393295289143545,95.71392503536067,12.0,27.724510777903564,203.31307903795948,1,1,0,0,False,False,True,False
4318903,53092.280662613644,35858.0,26.82,152.52105527357912,74.16197222377154,20.11824418539796,59.45653179190751,15.0,41.83166936248536,496.40247643482627,1,1,1,0,False,False,True,False
4319000,53182.56953150393,21537.0,82.31,205.88289919673122,75.01044713748433,27.524724892046248,66.14906891271056,30.0,139.29516645772392,715.0485211496494,1,1,1,0,False,False,True,False
4319109,63344.068706387545,5589.0,32.01,66.48774378242977,93.48720701377707,0.0,37.33804651162791,0.0,0.0,429.41492216854533,0,0,0,0,False,False,True,False
4319125,115458.60529027824,2911.0,4.27,40.398488491927175,64.37650291995878,0.0,81.55960264900662,0.0,0.0,1030.5736860185502,0,0,0,0,False,False,True,False
4319158,120612.84046692606,7196.0,5.74,101.41745414118955,75.27793218454697,0.04168982768204558,35.99296629213483,0.0,0.0,667.0372429127293,0,0,0,0,False,False,True,False
4319208,43454.07774390244,5248.0,10.54,46.03658536585366,91.0251524390244,0.07621951219512195,40.255857740585775,0.0,0.0,190.5487804878049,0,0,0,0,False,False,True,False
4319307,33717.0477471419,5948.0,26.1,117.09818426361802,58.75924680564896,0.08406186953597848,74.18112554112554,6.0,100.87424344317418,235.37323470073974,0,0,0,0,False,False,True,False
4319356,31330.38184836746,3614.0,100.78,207.80298837852794,121.02933038184837,0.0,43.60686375321337,0.0,0.0,608.7437742114001,0,0,0,0,False,False,True,False
4319364,63750.97710776103,1791.0,21.99,180.6253489670575,59.85482970407593,0.0,23.39733333333333,0.0,0.0,670.0167504187605,0,0,0,0,False,False,True,False
4319372,51502.07072316024,3139.0,28.54,132.49442497610704,73.84517362217267,6.976744186046512,46.00113475177305,12.0,382.28735266008283,63.71455877668047,1,1,0,0,False,False,True,False
4319406,33538.62633900441,15870.0,17.84,112.40705734089477,85.11027095148079,0.3906742281033396,39.19042262678804,6.0,37.80718336483932,844.3604284814114,0,0,0,0,False,False,True,False
4319505,36147.6108186312,24883.0,213.73,107.40666318369972,72.18181087489451,30.12900373749146,60.91677002583979,12.0,48.225696258489734,2507.736205441466,1,1,0,1,False,False,True,False
4319604,61706.651216685976,21575.0,9.62,91.62456546929316,68.13904982618772,21.154113557358052,57.981432552954296,18.0,83.42989571263035,1409.0382387022016,1,1,1,0,False,False,True,False
4319703,40776.47412755716,3324.0,21.13,54.993983152827916,87.87605294825511,0.0,36.10696808510638,0.0,0.0,1624.5487364620938,0,0,0,1,False,False,True,False
4319711,42384.0354767184,2255.0,24.02,304.7450110864745,81.99556541019956,0.0,17.619137931034484,0.0,0.0,88.69179600886918,0,0,0,0,False,False,True,False
4319737,34861.21819583655,2594.0,23.68,62.10485736314572,49.88434849653046,0.0,22.19712962962963,6.0,231.3030069390902,0.0,0,0,0,0,False,False,True,False
4319752,41521.24891587164,2306.0,70.49,201.8647007805724,107.32870771899393,0.0,47.96399141630901,0.0,0.0,780.5724197745013,0,0,0,0,False,False,True,False
4319802,88455.62416757477,8259.0,6.89,139.45998304879527,87.11708439278362,0.0726480203414457,45.48068459657701,6.0,72.6480203414457,581.1841627315656,0,0,0,0,False,False,True,False
4319901,46414.52925620684,77898.0,554.31,94.8240006161904,72.6475647641788,23.890215409894992,48.9583097669547,24.0,30.80952014172379,125.80554057870549,1,1,1,0,False,False,True,False
4320008,30789.691084062048,136542.0,2268.05,149.1116286563841,61.68065503654553,37.031829034289814,76.28566418703507,114.0,83.49079404139385,3440.6995649690207,1,1,1,1,False,False,True,False
4320107,55623.35160130159,23356.0,64.97,240.4478506593595,82.18873094707997,33.199177941428324,53.44009444444444,6.0,25.689330364788493,411.0292858366159,0,0,0,0,False,False,True,False
4320206,50129.537886786326,12313.0,39.72,157.76821245837732,96.95443839844067,0.008121497604158206,41.256725,0.0,0.0,1023.308698123934,0,0,0,0,False,False,True,False
4320230,57223.02942244824,2753.0,22.66,52.05230657464584,87.25027243007628,0.0,58.000800000000005,0.0,0.0,72.6480203414457,0,0,0,0,False,False,True,False
4320263,26705.092516784018,6107.0,24.51,95.85721303422302,71.93384640576387,0.0,31.59175324675325,0.0,0.0,32.74930407728836,0,0,0,0,False,False,True,False
4320305,71872.41379310345,5220.0,28.94,207.088122605364,75.40229885057471,0.1532567049808429,41.31536538461539,6.0,114.94252873563218,498.08429118773944,0,0,0,0,False,False,True,False
4320321,54680.85106382979,2726.0,18.18,90.82905355832722,75.09170946441672,0.0,47.87776595744681,6.0,220.10271460014673,73.36757153338225,0,0,0,0,False,False,True,False
4320354,25132.2390261896,5422.0,18.81,78.79011434894873,67.48432312799704,0.018443378827001106,46.67622222222222,0.0,0.0,258.2073035780155,0,0,0,0,False,False,True,False
4320404,45014.27009609299,17379.0,103.86,188.93492145693077,92.41038034409344,0.0,48.3844770085902,6.0,34.52442603141723,667.4722366073997,0,0,0,0,False,False,True,False
4320453,28462.49402771142,2093.0,19.78,78.30864787386527,55.900621118012424,0.0,62.00782786885246,0.0,0.0,95.55661729574773,0,0,0,0,False,False,True,False
4320503,94820.47188220684,5637.0,12.58,194.69576015611142,78.41050204009225,0.0,50.30771428571428,0.0,0.0,851.5167642362959,0,0,0,0,False,False,True,False
4320552,52566.46626586506,5988.0,23.26,154.37541750167,78.8243152972612,0.16700066800267202,31.79171206225681,0.0,0.0,66.8002672010688,0,0,0,0,False,False,True,False
4320578,56078.55626326964,1884.0,14.16,66.6135881104034,64.171974522293,0.05307855626326964,12.08,6.0,318.47133757961785,530.7855626326964,0,0,0,0,False,False,True,False
4320602,43096.04845687914,3467.0,20.32,134.7851168156908,100.37496394577444,0.05768676088837612,34.08032448377581,0.0,0.0,288.43380444188057,0,0,0,0,False,False,True,False
4320651,42053.88349514563,2060.0,17.0,54.70873786407767,82.28155339805825,0.0,54.63492063492063,0.0,0.0,388.3495145631068,0,0,0,0,False,False,True,False
4320677,24543.803173143253,8698.0,16.81,39.53782478730743,31.317544263048976,0.0,70.10468013468014,0.0,0.0,574.8447919061854,0,0,0,0,False,False,True,False
4320701,30226.295479603086,14512.0,110.43,179.8718302094818,97.94652701212789,0.027563395810363836,44.21008944543828,0.0,0.0,275.63395810363835,0,0,0,0,False,False,True,False
4320800,45422.67907938971,30936.0,24.68,200.87276958882856,74.78988880268942,18.373416084820274,47.352803088803086,18.0,58.18463925523662,588.3113524696147,1,1,1,0,False,False,True,False
4320859,31125.30120481928,4565.0,47.08,174.17305585980284,61.40197152245345,1.3581599123767798,34.12985507246377,0.0,0.0,87.62322015334064,0,0,0,0,False,False,True,False
4320909,65257.25169636126,25201.0,103.15,164.55696202531647,105.00773778818301,0.03174477203285584,58.66315541601256,3.0,11.90428951232094,333.3201063449863,0,0,0,0,False,False,True,False
4321006,59164.20255036038,10822.0,58.87,190.352984660876,85.71428571428571,2.4025133986324154,44.77936466492602,6.0,55.44261689151728,1090.3714655331733,0,0,0,0,False,False,True,False
4321105,40428.03588164413,14938.0,18.24,164.00455214888206,95.88298299638505,0.28116213683223995,46.8456265876376,0.0,0.0,508.7695809345294,0,0,0,0,False,False,True,False
4321204,28860.92715231788,54360.0,117.64,107.47240618101546,74.8289183222958,21.076158940397352,49.73864191992823,36.0,66.2251655629139,161.88373804267843,1,1,1,0,False,False,True,False
4321303,42131.97011706716,25968.0,72.0,201.66743684534813,101.35551447935921,4.047288971041281,45.38436897659477,6.0,23.10536044362292,3527.418361059766,0,0,0,1,False,False,True,False
4321329,59203.13479623824,3190.0,40.55,137.0846394984326,79.21630094043887,0.0,46.64274647887324,0.0,0.0,501.56739811912223,0,0,0,0,False,False,True,False
4321352,23360.40609137056,5319.0,8.54,120.360970107163,90.58093626621546,0.11280315848843768,38.767531512605046,9.0,169.20473773265653,1316.0368490317728,1,0,0,0,False,False,True,False
4321402,39107.082573762746,14811.0,42.95,103.848490986429,80.46722030922963,0.0,45.3565763546798,0.0,0.0,229.55911147120383,0,0,0,0,False,False,True,False
4321436,27565.521809064245,10569.0,72.62,215.5927713123285,105.92298230674615,0.00946163307786924,46.182910108429525,0.0,0.0,927.2400416311856,0,0,0,0,False,False,True,False
4321451,46403.7629184701,33963.0,184.47,237.7822924947737,85.67264375938521,26.372817477843537,47.61457903780069,12.0,35.33256779436446,3574.478108529871,1,1,0,1,False,False,True,False
4321469,52143.19809069212,3352.0,28.67,192.21360381861575,101.04415274463007,0.14916467780429593,39.56961439588689,0.0,0.0,417.66109785202866,0,0,0,0,False,False,True,False
4321477,37731.78234954816,5201.0,21.67,7.806191117092867,70.94789463564699,0.0,63.30726618705035,0.0,0.0,307.6331474716401,0,0,0,0,False,False,True,False
4321493,39004.61893764434,2598.0,12.88,101.23171670515781,53.81062355658199,0.03849114703618168,39.59435754189944,0.0,0.0,307.92917628945344,0,0,0,0,False,False,True,False
4321501,31942.937043542574,43268.0,258.32,299.27891282240915,85.40954053804197,56.464361652953684,77.52334371227045,72.0,166.40473329019136,651.7518720532495,1,1,1,0,False,False,True,False
4321600,21929.72857751883,56296.0,380.65,368.3014779025153,83.62050589739945,44.81668324570129,88.28442290888871,99.0,175.85618871678273,1627.1138269148785,1,1,1,1,False,False,True,False
4321626,35607.8431372549,2193.0,26.67,93.7984496124031,63.93068855449157,0.0,43.39028776978417,0.0,0.0,729.594163246694,0,0,0,0,False,False,True,False
4321634,53524.26080363912,2638.0,17.44,141.69825625473842,47.19484457922669,0.0,34.13168103448276,0.0,0.0,379.07505686125853,0,0,0,0,False,False,True,False
4321667,27511.590584878744,11216.0,43.59,134.69151212553496,90.62945791726105,0.0,29.030363801728058,0.0,0.0,32132.667617689014,0,0,0,1,False,False,True,False
4321709,32970.88452088452,24420.0,147.78,137.985257985258,104.63144963144963,0.28665028665028663,44.20419660194175,12.0,49.14004914004914,327.6003276003276,1,1,0,0,False,False,True,False
4321808,53185.44711614019,25452.0,59.12,143.43077164859343,65.49583529781549,25.506836397925507,80.15854740061162,18.0,70.72135785007072,502.9074336005029,1,1,1,0,False,False,True,False
4321832,22821.250888415067,2814.0,12.7,253.58919687277896,125.40867093105899,0.0,33.049727891156465,0.0,0.0,355.36602700781805,0,0,0,0,False,False,True,False
4321857,36993.3692498964,4826.0,26.11,143.90799834231248,79.54828014919188,0.04144218814753419,60.11251533742331,0.0,0.0,41.44218814753419,0,0,0,0,False,False,True,False
4321907,39302.76974585299,26284.0,94.59,138.54436158879926,99.6956323238472,0.011413787855729721,47.91332813717849,0.0,0.0,273.9309085375133,0,0,0,0,False,False,True,False
4321956,45244.78496008241,7766.0,28.15,149.0084985835694,98.37754313674994,0.0,36.9111590296496,0.0,0.0,875.6116404841617,0,0,0,0,False,False,True,False
4322004,456901.6681917365,28414.0,33.63,153.3926937425213,79.44675160132329,3.4349264447103542,42.924656602521566,24.0,84.46540437812347,13106.21524600549,1,1,1,1,False,False,True,False
4322103,45907.59426447159,5649.0,30.59,91.09576916268367,86.5108868826341,1.327668613913967,40.37551282051282,6.0,106.21348911311736,424.85395645246945,0,0,0,0,False,False,True,False
4322152,32320.13907461888,3739.0,16.94,88.36587322813587,47.15164482481947,0.0,22.712700729927008,0.0,0.0,53.490238031559244,0,0,0,0,False,False,True,False
4322186,67759.65665236051,1398.0,10.16,150.07153075822603,49.141630901287556,0.0,33.562,0.0,0.0,1287.5536480686694,0,0,0,0,False,False,True,False
4322202,100860.89948390269,20345.0,8.88,149.89923814204965,83.80928975178176,0.04423691324649791,40.58386753883892,0.0,0.0,412.87785696731385,0,0,0,0,False,False,True,False
4322251,103409.496124031,5160.0,84.6,172.8294573643411,94.30232558139535,0.01937984496124031,37.82628252788104,0.0,0.0,310.07751937984494,0,0,0,0,False,False,True,False
4322301,44931.46672914714,8536.0,27.18,102.09700093720713,98.60590440487347,1.675257731958763,51.06405204460967,6.0,70.29053420805998,656.0449859418932,0,0,0,0,False,False,True,False
4322327,46926.62654055603,3489.0,13.48,73.02952135282315,56.54915448552594,0.0,67.80979973297731,0.0,0.0,171.96904557179707,0,0,0,0,False,False,True,False
4322343,54601.57790927021,2028.0,15.84,61.43984220907298,56.31163708086785,0.34516765285996054,60.93722222222222,6.0,295.85798816568047,197.23865877712032,0,0,0,0,False,False,True,False
4322350,76875.2107925801,1186.0,8.92,13.237774030354132,63.322091062394605,0.0,42.07127272727273,0.0,0.0,168.63406408094434,0,0,0,0,False,False,True,False
4322376,72644.73684210527,2052.0,3.31,174.90253411306043,98.19688109161794,0.0,49.316097560975614,0.0,0.0,389.8635477582846,0,0,0,0,False,False,True,False
4322400,30749.166563262606,120885.0,20.56,153.2067667617984,65.35053976920213,26.751044381023288,88.74851086761271,99.0,81.89601687554287,577.4082805972619,1,1,1,0,False,False,True,False
4322509,49095.1293299047,66110.0,30.22,214.69974285282106,80.85009832098018,23.634851005899257,39.286530959401226,54.0,81.68204507638784,1361.3674179397974,1,1,1,0,False,False,True,False
4322525,40588.985687616674,3214.0,9.55,232.3895457373989,14.561294337274424,0.0,31.663986486486483,0.0,0.0,373.366521468575,0,0,0,0,False,False,True,False
4322533,27054.96031746032,10080.0,30.15,78.22420634920636,74.3452380952381,0.0,42.92758333333334,0.0,0.0,297.6190476190476,0,0,0,0,False,False,True,False
4322541,31915.982617093192,6213.0,134.37,173.39449541284404,7.419925961693224,0.016095284081764045,41.45016666666667,0.0,0.0,64.38113632705617,0,0,0,0,False,False,True,False
4322558,46299.95114802149,2047.0,30.88,122.47191011235955,61.45578895945286,0.0,54.91346153846154,0.0,0.0,1465.5593551538836,0,0,0,0,False,False,True,False
4322608,52708.73525880941,70805.0,89.0,143.04215803968646,71.91300049431537,18.165383800579054,50.91257353763561,27.0,38.1329002189111,364.3810465362616,1,1,1,0,False,False,True,False
4322707,29912.51175917216,27638.0,86.27,95.85353498805992,80.98994138504958,0.2786019248860265,39.61117266851339,12.0,43.41848180041971,311.16578623634126,1,1,0,0,False,False,True,False
4322806,70851.9152404238,24540.0,83.0,196.9559902200489,71.12469437652811,30.945395273023635,55.3857199734572,42.0,171.14914425427872,1075.794621026895,1,1,1,0,False,False,True,False
4322855,64492.44060475162,1852.0,16.0,38.98488120950324,102.69978401727862,0.05399568034557235,41.78648275862069,0.0,0.0,1727.8617710583153,0,0,0,1,False,False,True,False
4322905,42164.46826051113,4852.0,17.79,126.3396537510305,61.397361912613356,0.37098103874690846,33.45586206896552,6.0,123.6603462489695,164.88046166529267,0,0,0,0,False,False,True,False
4323002,18676.597174652,232113.0,149.76,182.357300108137,64.76586834860606,32.19552545527394,92.089138904819,282.0,121.49254888782619,323.11848108464415,1,1,1,0,False,False,True,False
4323101,26651.56941226037,4747.0,24.17,112.21824310090584,76.38508531704234,0.0,39.45981481481481,0.0,0.0,252.79123657046557,0,0,0,0,False,False,True,False
4323200,104474.57627118644,2832.0,11.67,170.1271186440678,82.1680790960452,0.2824858757062147,60.76353124999999,6.0,211.864406779661,423.728813559322,0,0,0,0,False,False,True,False
4323309,79644.80728051392,3736.0,33.85,154.17558886509636,99.7323340471092,0.02676659528907923,35.75453074433657,0.0,0.0,3211.9914346895075,0,0,0,1,False,False,True,False
4323358,79610.27332704996,2122.0,13.71,93.63807728557964,34.82563619227144,17.15362865221489,68.07936170212766,30.0,1413.760603204524,659.7549481621112,1,1,1,0,False,False,True,False
4323408,86304.74290780142,4512.0,24.37,86.65780141843972,96.43173758865248,0.0,51.69614388489209,0.0,0.0,310.2836879432624,0,0,0,0,False,False,True,False
4323457,49794.91740787802,3935.0,7.6,123.35451080050827,93.03684879288437,2.210927573062262,46.27536885245902,6.0,152.47776365946632,1829.733163913596,0,0,0,1,False,False,True,False
4323507,50539.82300884956,2712.0,34.27,129.01917404129793,111.4306784660767,0.0,42.2259405940594,0.0,0.0,0.0,0,0,0,0,False,False,True,False
4323606,52480.91133004926,1624.0,13.32,139.10098522167488,83.12807881773399,0.0,74.84327272727273,0.0,0.0,123.15270935960591,0,0,0,0,False,False,True,False
4323705,36422.58972554539,2842.0,30.91,86.20689655172414,126.95285010555946,0.0,28.048324324324323,0.0,0.0,281.49190710767067,0,0,0,0,False,False,True,False
4323754,48079.56600361664,3318.0,12.62,121.06690777576854,41.62145871006631,0.6931886678722122,63.853,6.0,180.83182640144665,60.27727546714888,0,0,0,0,False,False,True,False
4323770,82273.99813606711,3219.0,48.66,206.3063063063063,40.57160608884747,0.0,44.81876355748373,0.0,0.0,248.52438645542094,0,0,0,0,False,False,True,False
4323804,43364.28698172355,16907.0,270.97,514.8932394866032,87.38983852842019,62.58945998698764,85.19731207074983,96.0,567.8121488141006,9215.117998462176,1,1,1,1,False,False,True,False
5000203,68675.97891992974,17647.0,2.15,41.73513911713039,117.7820592735309,24.276080920269735,56.40428213166144,6.0,34.00011333371111,10426.701422338074,0,0,0,1,False,False,False,False
5000252,51184.165232358006,4648.0,1.03,308.8855421686747,84.01462994836488,0.0,39.327485714285714,0.0,0.0,1247.8485370051635,0,0,0,0,False,False,False,False
5000609,49106.46158303955,41414.0,9.38,140.44043077220263,65.4778577292703,13.495436325880137,49.15894280520207,3.0,7.243927174385473,1477.7611435746367,0,0,0,0,False,False,False,False
5000708,24651.91382725031,24741.0,8.28,13.55240289398165,68.62697546582595,10.318903843821996,39.8758736894658,3.0,12.125621438098703,590.1135766541369,0,0,0,0,False,False,False,False
5000807,53054.16936005171,7735.0,2.24,159.25016160310278,113.43244990303813,0.0,26.69103547459252,0.0,0.0,5223.012281835811,0,0,0,1,False,False,False,False
5000856,78899.66973132196,11203.0,8.36,80.44273855217352,109.0332946532179,0.0,28.514961972200368,0.0,0.0,4373.828438811032,0,0,0,1,False,False,False,False
5000906,89885.90395187221,9641.0,8.14,105.34176952598278,95.66435017114408,0.0,58.0371551724138,0.0,0.0,1037.2368011617052,0,0,0,0,False,False,False,False
5001003,56381.13835495483,29446.0,10.06,34.25253005501596,85.26455206140054,9.0063166474224,28.73153871391076,3.0,10.188141003871493,37308.97235617741,0,0,0,1,False,False,False,False
5001102,22998.78503325714,48561.0,2.74,11.17975329997323,66.19509482918392,27.13494367908404,53.3039598010775,30.0,61.77796997590659,836.0618603406025,1,1,1,0,False,False,False,False
5001243,113270.2751465945,11085.0,6.5,61.13667117726658,55.065403698691924,0.0,29.04481831395349,0.0,0.0,487.1447902571042,0,0,0,0,False,False,False,False
5001508,94262.20396326728,8276.0,2.36,35.10149830836153,111.61188980183664,0.0,33.23790670325362,0.0,0.0,2658.2890285161916,0,0,0,1,False,False,False,False
5001904,43955.04915847359,24004.0,9.63,205.3324445925679,106.17813697717047,0.0,22.435812485386958,0.0,0.0,1233.1278120313282,0,0,0,0,False,False,False,False
5002001,55125.5363827262,10953.0,5.86,119.17282936181869,90.92486076873915,0.0,34.39240819812127,0.0,0.0,986.0312243221035,0,0,0,0,False,False,False,False
5002100,42414.65968586387,21965.0,4.41,16.080127475529252,78.71613931254268,0.0,30.87916065911432,0.0,0.0,1238.3337127247894,0,0,0,0,False,False,False,False
5002159,37581.76065092101,8849.0,3.31,9.051870267826873,80.92439823708894,0.0,21.67343866171004,0.0,0.0,8791.953893095266,0,0,0,1,False,False,False,False
5002209,45638.9887322806,24761.0,4.4,23.201809296878157,65.34469528694318,39.5137514639958,120.67056959637873,24.0,96.92661847259804,1526.594240943419,1,1,1,0,False,False,False,False
5002308,70429.81418918919,11840.0,2.0,25.8277027027027,87.29729729729729,0.0,39.19576771653544,0.0,0.0,6013.513513513513,0,0,0,1,False,False,False,False
5002407,60701.96877121521,32406.0,14.47,165.0805406406221,57.60970190705425,23.81040548046658,32.546211492518545,12.0,37.03017959637104,56866.01246682713,1,1,0,1,False,False,False,False
5002605,43665.94827586207,13920.0,2.18,34.849137931034484,88.22557471264368,7.169540229885057,37.15961887477314,3.0,21.551724137931036,1479.8850574712644,0,0,0,0,False,False,False,False
5002704,36863.839746390135,954537.0,111.11,169.03304953081965,71.65473941816818,45.60409916011637,126.45077956428165,1512.0,158.401402983855,1859.1212284070707,1,1,1,1,False,False,False,False
5002803,34144.477028348,5115.0,1.71,36.98924731182796,76.73509286412512,0.0,43.98931777378815,0.0,0.0,1133.919843597263,0,0,0,0,False,False,False,False
5002902,33056.80077961854,21549.0,5.74,59.75219267715439,87.79989790709546,23.643788574875863,30.498522877984083,9.0,41.76527913128219,2997.8189243120332,1,0,0,1,False,False,False,False
5002951,78573.43671391791,33791.0,9.53,39.9721819419372,80.77002752212127,39.01926548489243,75.58908486628536,9.0,26.63431091118937,6001.598058654671,1,0,0,1,False,False,False,False
5003108,29558.553034947883,4893.0,1.81,3.9648477416717762,56.77498467198038,0.0,33.37731394354149,0.0,0.0,899.2438176987533,0,0,0,0,False,False,False,False
5003157,22930.0866243776,14661.0,13.96,118.94822999795376,68.82204488097675,0.0,36.672489177489176,0.0,0.0,368.3241252302026,0,0,0,0,False,False,False,False
5003207,38818.297395744,99107.0,1.49,67.33429525664181,67.62993532242929,32.128911176808906,96.81482734231984,84.0,84.7568789288345,3652.617877647391,1,1,1,1,False,False,False,False
5003256,90763.02240528353,28163.0,6.26,64.91851010190676,86.869296594823,34.1760465859461,43.76695212240869,6.0,21.304548521109258,78422.04310620317,0,0,0,1,False,False,False,False
5003306,36711.14106019766,33390.0,5.03,125.92392932015574,71.44354597184785,31.590296495956874,71.52429281939695,15.0,44.923629829290206,1108.116202455825,1,1,1,0,False,False,False,False
5003454,32462.702322308232,14210.0,16.49,193.45531315974665,97.56509500351865,0.007037297677691766,37.98621760328458,0.0,0.0,492.61083743842363,0,0,0,0,False,False,False,False
5003488,27107.497820401048,11470.0,4.56,8.047079337401918,58.343504795117695,0.0,50.37317200784827,0.0,0.0,2266.782911944202,0,0,0,1,False,False,False,False
5003504,37326.83945033919,5749.0,19.89,141.45068707601322,107.3056183684119,0.0,45.46679857940132,0.0,0.0,1078.448425813185,0,0,0,0,False,False,False,False
5003702,47192.10021485574,260640.0,59.91,192.2847605893186,67.32658072437079,38.85397483118478,112.39214945054944,318.0,122.00736648250461,1085.7888275015348,1,1,1,0,False,False,False,False
5003751,45103.67059228058,11633.0,11.24,124.50786555488696,90.86220235536835,0.0,37.636538643907066,0.0,0.0,1272.2427576721395,0,0,0,0,False,False,False,False
5003801,32686.6934729755,21388.0,65.36,160.459135964092,67.77164765288947,22.489246306340004,32.03741855873643,9.0,42.079670843463624,2010.4731625210397,1,0,0,1,False,False,False,False
5003900,38321.110811539496,3709.0,0.73,6.228093825829064,82.55594499865192,0.0,24.855409090909088,0.0,0.0,5769.749258560259,0,0,0,1,False,False,False,False
5004007,25990.62818966317,10777.0,21.17,148.3900900064953,87.83520460239399,0.0,32.38016533333333,0.0,0.0,445.3929665027373,0,0,0,0,False,False,False,False
5004106,34556.29008386778,10135.0,8.11,25.189935865811545,84.44005920078935,0.0,48.88298638559508,0.0,0.0,345.33793783917116,0,0,0,0,False,False,False,False
5004304,56231.076549903686,14017.0,4.67,248.77648569594064,98.35913533566384,0.0,46.183511171910624,0.0,0.0,1412.5704501676535,0,0,0,0,False,False,False,False
5004403,46617.65381083563,8712.0,1.46,9.079430670339761,380.0734618916437,66.28787878787878,40.43285774292914,6.0,68.87052341597796,44513.314967860424,0,0,0,1,False,False,False,False
5004502,44830.50847457627,25075.0,17.98,61.8344965104686,43.294117647058826,13.61914257228315,86.53714790996786,9.0,35.89232303090728,462.6121635094716,1,0,0,0,False,False,False,False
5004601,62956.49129825965,19996.0,9.41,113.0876175235047,69.87897579515904,2.9505901180236047,46.86245239020598,3.0,15.003000600120023,2270.4540908181634,0,0,0,1,False,False,False,False
5004700,49357.64697936717,29613.0,13.89,25.44828284874886,69.39182115962583,32.384425758957214,79.27851689189188,9.0,30.392057542295614,3356.6339107824265,1,0,0,1,False,False,False,False
5004809,19627.779759781188,8409.0,19.56,54.382209537400406,31.573314306100606,0.0,16.424334203655352,0.0,0.0,499.46485907955764,0,0,0,0,False,False,False,False
5004908,49965.521885521885,7425.0,2.45,14.41077441077441,93.25252525252525,0.0,42.128922184630255,0.0,0.0,2154.8821548821547,0,0,0,1,False,False,False,False
5005004,37949.24313517483,24509.0,11.28,44.58770247664123,81.43947121465584,20.037537231221183,47.82311156793123,3.0,12.240401485168714,1273.0017544575462,0,0,0,0,False,False,False,False
5005103,131171.27071823203,3620.0,1.85,158.34254143646407,85.69060773480663,0.0,30.57522774327122,0.0,0.0,6629.834254143647,0,0,0,1,False,False,False,False
5005152,69017.4061920388,7009.0,4.29,200.2425452989014,92.13867884148951,0.0,19.665385906040267,0.0,0.0,3395.6341846197747,0,0,0,1,False,False,False,False
5005202,16645.491251682368,22290.0,60.75,16.657694033198744,91.07222969941678,0.0,39.74194194349581,0.0,0.0,2431.5836698070884,0,0,0,1,False,False,False,False
5005251,156487.7353108956,7012.0,3.94,13.933257273245864,90.07415858528238,0.0,51.52761732851986,0.0,0.0,6988.020536223617,0,0,0,1,False,False,False,False
5005400,94991.94667563816,47558.0,8.35,80.18419613945078,52.7124773960217,32.02615753395853,55.812862215909085,27.0,56.77278270743093,4810.967660540813,1,1,1,1,False,False,False,False
5005608,23845.73564390078,26487.0,4.67,10.46928681994941,83.04073696530374,0.0,47.05685882038964,0.0,0.0,4568.278778268585,0,0,0,1,False,False,False,False
5005681,47260.8215880022,19937.0,40.12,139.72513417264383,90.94146561669258,0.0,26.13283607013637,0.0,0.0,862.7175603149922,0,0,0,0,False,False,False,False
5005707,55052.17523289127,52707.0,15.82,195.50344356537082,72.60895137268295,34.30663858690497,74.41680200729927,21.0,39.84290511696739,2819.359857324454,1,1,1,1,False,False,False,False
5005806,33348.12108559499,13412.0,3.38,18.20757530569639,64.49448255293767,0.0,43.395335008375206,0.0,0.0,1207.873546078139,0,0,0,0,False,False,False,False
5006002,99015.65888782855,23054.0,5.42,114.53543853561204,79.60006940227292,24.36887308059339,43.93509054325956,12.0,52.05170469332871,151383.70781643098,1,1,0,1,False,False,False,False
5006200,64845.97905552262,50610.0,10.18,156.5382335506817,76.63505236119344,30.084963445959296,86.37502312086318,21.0,41.49377593360996,6164.789567279194,1,1,1,1,False,False,False,False
5006259,58016.42070255664,4811.0,5.56,85.01351070463521,88.98357929744336,0.0,28.916522842639598,0.0,0.0,540.428185408439,0,0,0,0,False,False,False,False
5006275,224440.71317292712,5777.0,1.09,3.877445040678553,10.784144019387226,0.0,35.53859733978234,0.0,0.0,18279.383763198894,0,0,0,1,False,False,False,False
5006309,37310.3683332158,42543.0,7.58,146.54349716757164,78.19382742166749,34.05025503608114,39.99247168347557,30.0,70.51688879486638,2411.67759678443,1,1,1,1,False,False,False,False
5006358,21467.68745777978,13323.0,9.89,91.46588606169782,36.6433986339413,0.0,12.140923787528868,0.0,0.0,675.5235307363206,0,0,0,0,False,False,False,False
5006408,38565.09893891597,6974.0,1.95,122.81330656724978,81.00086033839978,0.0,48.35506700167504,0.0,0.0,1405.2193862919414,0,0,0,0,False,False,False,False
5006606,48899.84320075428,97577.0,17.17,128.3191735757402,66.25844205089314,37.433001629482355,91.18885722379603,69.0,70.71338532646013,6103.897434846326,1,1,1,1,False,False,False,False
5006903,36079.36878109453,12864.0,0.73,14.948694029850746,66.54228855721394,0.0,13.688638018936636,0.0,0.0,3715.7960199004974,0,0,0,1,False,False,False,False
5007109,81903.81730288382,23996.0,1.34,38.285547591265214,86.1768628104684,43.83647274545758,88.27441930618401,18.0,75.01250208368062,8984.830805134188,1,1,1,1,False,False,False,False
5007208,82599.83473557692,39936.0,9.44,114.29537259615384,62.15194310897436,28.713441506410255,100.38208624602814,21.0,52.58413461538461,44451.1217948718,1,1,1,1,False,False,False,False
5007307,26396.310561524428,4933.0,2.65,18.79181025744983,97.3444151631867,0.0,72.20548556430447,0.0,0.0,2554.226636934928,0,0,0,1,False,False,False,False
5007406,29517.873780218702,20393.0,2.42,88.76575295444515,91.73245721571128,0.0,29.943352692713837,0.0,0.0,1137.645270435934,0,0,0,0,False,False,False,False
5007505,42900.68429813205,5407.0,3.97,13.35306084705012,113.44553356759756,0.0,33.91990459670425,0.0,0.0,0.0,0,0,0,0,False,False,False,False
5007554,65107.332032339,7174.0,1.14,31.391134652913298,90.82798996375801,0.0,17.254434713375797,0.0,0.0,5687.203791469195,0,0,0,1,False,False,False,False
5007695,68960.81277213353,31694.0,7.68,90.74588250141983,77.30800782482488,32.441471571906355,72.47545567010309,15.0,47.32756988704487,1230.5168170631666,1,1,1,0,False,False,False,False
5007703,37004.60136271126,11301.0,13.1,161.6848066542784,46.553402353774004,15.662330767188744,97.66873532068654,3.0,26.54632333421821,619.4142111317583,0,0,0,0,False,False,False,False
5007802,200329.5705807052,8593.0,2.5,19.853369021296405,77.47003374839986,0.0,31.64772239747634,0.0,0.0,7284.999418131037,0,0,0,1,False,False,False,False
5007901,67397.73970105723,49374.0,8.95,31.80418843925953,65.23878964637258,19.3158342447442,87.25796569102539,21.0,42.53250698748329,13063.555717584153,1,1,1,1,False,False,False,False
5007935,69104.10201052489,14822.0,3.47,116.09769261907975,100.22264201862097,0.0,40.27468367612601,0.0,0.0,19592.497638645258,0,0,0,1,False,False,False,False
5007950,28052.24482480509,11159.0,6.06,103.79962362218836,50.74827493503002,0.0,20.78070821529745,0.0,0.0,430.14607043641905,0,0,0,0,False,False,False,False
5007976,48609.383378016086,3730.0,3.45,5.871313672922252,94.15549597855228,0.0,34.99162844036697,0.0,0.0,1447.721179624665,0,0,0,0,False,False,False,False
5008008,39565.301284525056,18139.0,6.2,33.51342411378797,72.69970781189701,0.0,35.73224994277867,3.0,16.538949225425878,1179.7783780803793,0,0,0,0,False,False,False,False
5008305,82757.04740693605,141435.0,12.93,168.86767773182027,70.7491073638067,47.81348322550995,102.61651284026708,255.0,180.2948350832538,58224.626153356665,1,1,1,1,False,False,False,False
5008404,57414.45336627548,6476.0,20.28,152.42433600988264,84.66646077825818,0.0,29.631504513540623,0.0,0.0,7628.16553428042,0,0,0,1,False,False,False,False
5100102,21871.743486973948,4990.0,5.89,52.16432865731463,82.12424849699399,0.0,54.420432503276544,0.0,0.0,521.0420841683367,0,0,0,0,False,False,False,False
5100201,63886.28089672351,31314.0,3.87,55.35862553490452,96.5031615251964,0.0,31.834102941176468,0.0,0.0,1979.9450724915373,0,0,0,1,False,False,False,False
5100250,34452.52973519766,61291.0,6.54,113.64311236560017,69.67091416358029,40.19187156352483,41.53112328992913,18.0,29.368096457881254,1125.777030885448,1,1,1,0,False,False,False,False
5100300,66422.04224953277,17657.0,3.18,24.98159370221442,67.5709350399275,27.66041796454664,57.55086336633663,3.0,16.9904287251515,1585.7733476808064,0,0,0,0,False,False,False,False
5100359,44936.17021276596,5875.0,2.54,47.16595744680851,82.99574468085106,0.0,14.74616847826087,0.0,0.0,782.9787234042553,0,0,0,0,False,False,False,False
5100409,87369.37331290581,13707.0,3.38,82.33749179251477,105.50813452980229,0.0,37.807139264382265,3.0,21.88662727073758,19362.369592179177,0,0,0,1,False,False,False,False
5100508,21589.996112478944,7717.0,4.34,20.487235972528186,53.6866658027731,0.0,20.163746065057712,0.0,0.0,181.4176493456006,0,0,0,0,False,False,False,False
5100607,111979.08564514737,11571.0,7.59,1.7198167833376545,96.9751966122202,0.0,39.27733116883117,0.0,0.0,218909.34232132055,0,0,0,1,False,False,False,False
5100805,26897.14680165669,8692.0,0.42,43.49976990335941,80.15416474919466,0.0,41.56709707822809,0.0,0.0,713.299585826047,0,0,0,0,False,False,False,False
5101001,32040.759493670885,3950.0,0.59,83.41772151898734,71.72151898734177,0.0,28.41329545454545,0.0,0.0,3291.1392405063293,0,0,0,1,False,False,False,False
5101209,27857.852882703777,1006.0,1.5,72.76341948310139,117.49502982107356,0.0,63.845381165919285,3.0,298.2107355864811,198.80715705765408,0,0,0,0,False,False,False,False
5101258,44100.30968089403,14854.0,9.02,88.7908980745927,71.88636057627575,30.24101252187963,89.47811845102505,3.0,20.196580045778916,1427.22498990171,0,0,0,0,False,False,False,False
5101308,21607.51837722155,10747.0,25.34,133.36745138178097,88.0152600725784,0.0,43.85708474576271,3.0,27.914766911696287,595.5150274495207,0,0,0,0,False,False,False,False
5101407,55593.54094579008,26010.0,1.0,72.98346789696271,80.5113417916186,11.03037293348712,28.83176356589147,9.0,34.602076124567475,26497.500961168782,1,0,0,1,False,False,False,False
5101605,17293.586896168796,7204.0,0.64,3.1093836757357023,61.96557468073293,0.0,32.96474789915966,0.0,0.0,1027.2071071626874,0,0,0,0,False,False,False,False
5101704,53042.06113064647,29576.0,4.92,169.0154179064106,63.23032188260752,33.61171219908034,84.51992628992629,27.0,91.29023532593995,6376.79199350825,1,1,1,1,False,False,False,False
5101803,35477.26084683743,72694.0,8.28,134.3494648801827,71.77208572922112,48.92013095991416,83.72451316206786,60.0,82.53776102566924,1609.4863400005502,1,1,1,0,False,False,False,False
5101852,99483.37860561376,7731.0,1.71,35.57107748027422,91.48881127926529,0.0,12.117874149659864,0.0,0.0,3104.3849437330227,0,0,0,1,False,False,False,False
5101902,119287.49428440786,17496.0,1.06,77.58344764517604,92.91838134430726,0.0,34.67596089651884,0.0,0.0,3532.235939643347,0,0,0,1,False,False,False,False
5102504,24712.39604479078,91626.0,3.66,96.53482635933032,61.20096915722611,29.571300722502347,67.17746420685235,45.0,49.112697269334035,851.2867526684565,1,1,1,0,False,False,False,False
5102603,27827.78590975625,15713.0,2.57,22.268185578820084,41.64704384904219,0.0,22.57580071174377,0.0,0.0,343.66448163940686,0,0,0,0,False,False,False,False
5102637,138112.5457198249,50033.0,4.87,116.56306837487259,89.59686606839486,31.818999460356164,35.81281485262218,54.0,107.92876701377091,14978.114444466652,1,1,1,1,False,False,False,False
5102678,104385.06407978087,47831.0,9.35,151.03175764671448,73.18684535134118,28.82649327841776,57.07009415172914,24.0,50.17666367000481,3725.6172774978572,1,1,1,1,False,False,False,False
5102686,343718.8800999167,9608.0,1.3,135.92839300582847,89.47751873438801,37.01082431307244,42.13671119026417,3.0,31.22398001665279,8139.050791007494,0,0,0,1,False,False,False,False
5102694,59635.044642857145,4480.0,1.3,78.01339285714286,77.1875,0.0,18.907740384615384,0.0,0.0,3616.0714285714284,0,0,0,1,False,False,False,False
5102702,105989.91213797592,27657.0,2.38,162.80869219365803,98.97675091296959,0.0,25.599918148461757,0.0,0.0,3514.480963228116,0,0,0,1,False,False,False,False
5102793,28994.672607516462,10324.0,4.27,72.25881441301821,81.79969004261913,0.0,45.84647377938517,0.0,0.0,968.6168151879117,0,0,0,0,False,False,False,False
5102850,28834.696339991955,7459.0,2.02,77.50368682128972,73.10631451937257,0.0,8.912101910828026,0.0,0.0,375.38544040756136,0,0,0,0,False,False,False,False
5103007,62685.97088882007,19374.0,2.88,148.0902240115619,110.27149788376174,0.0,47.48312918660287,6.0,30.96934035305048,2085.268917105399,0,0,0,1,False,False,False,False
5103056,113219.37261551504,9436.0,2.5,161.06401017380247,107.64094955489614,0.0,38.98296157450797,0.0,0.0,10237.388724035609,0,0,0,1,False,False,False,False
5103106,46304.91599253267,6428.0,0.38,151.29122588674548,118.68388301182327,0.0,33.348796992481205,0.0,0.0,3266.957062850031,0,0,0,1,False,False,False,False
5103205,39652.79600124961,32010.0,10.08,157.94439237738206,69.84379881287097,30.20930959075289,78.18500488758552,15.0,46.860356138706656,1449.5470165573258,1,1,1,0,False,False,False,False
5103254,32541.625143733232,26090.0,0.92,68.57416634725949,72.92832502874664,0.0,43.327054093567256,0.0,0.0,229.97316979685704,0,0,0,0,False,False,False,False
5103304,68149.99187476301,18461.0,0.85,39.22322734413087,90.76431395915714,0.0,47.08584447970982,0.0,0.0,2870.9170684144956,0,0,0,1,False,False,False,False
5103353,40939.66596521137,37541.0,6.05,83.4607495804587,107.52510588423324,0.0,23.179087221095337,6.0,15.982525771822807,564.7159106044058,0,0,0,0,False,False,False,False
5103361,36956.37583892617,3874.0,1.4,55.317501290655656,118.66288074341766,0.0,29.71006837606837,0.0,0.0,3045.947341249355,0,0,0,1,False,False,False,False
5103379,31197.4418157338,10398.0,1.16,68.72475476053087,45.80688593960377,0.0,36.63726301735648,0.0,0.0,461.6272360069244,0,0,0,0,False,False,False,False
5103403,43552.97745602783,682932.0,150.41,150.8267294547627,81.76538806206182,54.229117979535296,112.39183787439872,1182.0,173.07726098645253,3354.9460268372254,1,1,1,1,False,False,False,False
5103437,24929.333601771694,4967.0,13.73,31.044896315683513,91.16166700221461,0.0,75.3261216730038,0.0,0.0,161.06301590497281,0,0,0,0,False,False,False,False
5103452,77706.8231841526,6815.0,5.51,58.723404255319146,95.08437270726338,0.0,53.55440217391305,0.0,0.0,1966.2509170946441,0,0,0,1,False,False,False,False
5103502,255649.98442991235,22479.0,2.66,155.75425953111792,127.76813915209752,0.0,27.63297655554457,0.0,0.0,6895.324525112327,0,0,0,1,False,False,False,False
5103601,85064.93998736577,7915.0,3.61,72.54579911560329,101.452937460518,0.0,40.79749838813669,0.0,0.0,2097.2836386607705,0,0,0,1,False,False,False,False
5103700,98905.14956455887,10564.0,0.9,127.87769784172662,83.67095797046574,0.0,35.39062292358804,0.0,0.0,1098.0689132904204,0,0,0,0,False,False,False,False
5103809,26864.717223650387,3112.0,3.58,8.772493573264782,77.18508997429306,0.0,32.106061946902656,0.0,0.0,128.53470437017995,0,0,0,0,False,False,False,False
5103858,140600.15248883565,9181.0,0.51,87.39788694042043,63.43535562574883,0.0,20.536653116531163,0.0,0.0,6469.883454961333,0,0,0,1,False,False,False,False
5103908,77072.8,6250.0,1.34,0.352,53.744,0.0,39.51098265895954,0.0,0.0,2016.0,0,0,0,1,False,False,False,False
5103957,30774.40496723008,2899.0,3.49,173.81855812349085,91.75577785443257,0.0,46.8811036036036,0.0,0.0,275.95722662987237,0,0,0,0,False,False,False,False
5104104,35083.37589376915,31328.0,6.57,117.56256384065372,76.1938202247191,42.73174157303371,73.91590852520224,21.0,67.03268641470889,357.5076608784474,1,1,1,0,False,False,False,False
5104203,69037.88454234714,10532.0,2.17,74.88606152677553,89.24230915305735,0.0,43.61335659455688,0.0,0.0,1386.2514242309153,0,0,0,0,False,False,False,False
5104500,47208.751139471286,2194.0,3.74,48.81494986326344,89.56244302643573,0.0,22.05242718446602,0.0,0.0,91.15770282588879,0,0,0,0,False,False,False,False
5104526,228900.10702818408,8409.0,2.28,78.73706742775597,106.94493994529671,0.0,52.49674886970818,0.0,0.0,7515.756927101915,0,0,0,1,False,False,False,False
5104542,89628.52528264381,8049.0,2.59,36.277798484283764,82.91713256305131,0.0,13.265593220338982,3.0,37.27171077152441,347.8693005342279,0,0,0,0,False,False,False,False
5104559,81183.879093199,5161.0,1.11,202.49951559775238,121.3912032551831,0.0,55.94289976133652,0.0,0.0,3022.670025188917,0,0,0,1,False,False,False,False
5104609,171314.00271587187,12519.0,1.41,67.0021567217829,104.64893362089624,0.0,32.28242279251848,0.0,0.0,15129.003914050643,0,0,0,1,False,False,False,False
5104807,40518.43707713126,29560.0,11.76,136.5595399188092,80.0744248985115,24.448579161028416,51.42218791500664,9.0,30.446549391069013,838.9715832205684,1,0,0,0,False,False,False,False
5104906,25346.045387404323,7447.0,6.66,41.73492681616759,96.68322814556197,0.0,55.40288531775018,3.0,40.28467839398415,1853.095206123271,0,0,0,1,False,False,False,False
5105002,43185.61168895493,8076.0,6.22,33.12283308568598,80.73303615651312,0.0,25.63225,0.0,0.0,1213.4720158494304,0,0,0,0,False,False,False,False
5105101,38036.51912309535,35899.0,1.54,80.20279116409928,77.62333212624307,19.26516058943146,45.730612198452434,9.0,25.070336221064654,3459.706398506922,1,0,0,1,False,False,False,False
5105150,27882.6359832636,47800.0,1.74,69.88284518828452,78.36610878661088,17.54602510460251,61.64615103062993,9.0,18.828451882845187,330.5439330543933,1,0,0,0,False,False,False,False
5105176,29348.60577396788,10149.0,3.18,90.52123361907577,90.6296186816435,0.0,16.5989074460682,0.0,0.0,295.5956251847473,0,0,0,0,False,False,False,False
5105200,45490.10327022375,11620.0,5.01,104.8709122203098,91.32530120481928,0.0,36.08152928416486,0.0,0.0,1394.1480206540448,0,0,0,0,False,False,False,False
5105234,51851.82049110923,4724.0,2.65,76.71464860287891,94.5385266723116,0.0,30.384600938967136,0.0,0.0,3556.308213378493,0,0,0,1,False,False,False,False
5105259,74696.19320152618,92256.0,22.8,127.80523759972252,61.62309226500174,46.785032951786334,83.90623978328897,69.0,74.79188345473464,5306.971904266389,1,1,1,1,False,False,False,False
5105309,15884.986491702046,2591.0,0.59,1.8139714395986106,62.060980316480126,0.0,27.206184971098267,0.0,0.0,1312.2346584330373,0,0,0,0,False,False,False,False
5105507,36759.4914864243,17384.0,1.24,54.01518637827888,49.10837551771744,0.0,27.126006289308176,0.0,0.0,14093.419236079153,0,0,0,1,False,False,False,False
5105580,59096.28526371123,11414.0,0.93,1.366742596810934,97.46802172770282,0.0,39.22009858287122,0.0,0.0,683.371298405467,0,0,0,0,False,False,False,False
5105606,59901.93789399953,21415.0,3.84,84.41279477002101,107.2052299789867,0.0,30.20268061457993,0.0,0.0,663.0866215269671,0,0,0,0,False,False,False,False
5105622,30372.06935407655,27511.0,24.68,81.6982297989895,66.89687761259133,28.708516593362656,75.68471041055719,6.0,21.809458034967832,6157.5369852059175,0,0,0,1,False,False,False,False
5105903,70770.13902113884,15753.0,3.96,124.92858503142259,85.95188218117184,24.687361137561098,46.747041636230826,6.0,38.087983241287375,11629.530883006411,0,0,0,1,False,False,False,False
5106000,54866.89132266217,5935.0,4.46,111.77759056444819,107.88542544229149,0.0,32.65850146914789,0.0,0.0,3302.4431339511375,0,0,0,1,False,False,False,False
5106109,33263.6815920398,11658.0,2.34,38.35134671470235,62.91816778178075,0.0,38.4379422253923,0.0,0.0,4803.568365071195,0,0,0,1,False,False,False,False
5106158,24244.491525423728,14160.0,1.43,81.8361581920904,62.33757062146893,0.0,31.61264248704663,0.0,0.0,338.9830508474576,0,0,0,0,False,False,False,False
5106174,31466.75621222297,4467.0,1.04,74.79292590105216,47.70539511976718,0.0,27.649375000000003,0.0,0.0,223.8638907544213,0,0,0,0,False,False,False,False
5106182,63972.4335965542,6965.0,1.4,53.869346733668344,72.46231155778895,0.0,50.05949646643109,0.0,0.0,4278.535534816941,0,0,0,1,False,False,False,False
5106190,75203.34010381404,4431.0,1.78,132.72399006996164,89.95712028887384,0.0,51.899851694915256,0.0,0.0,2121.4172872940644,0,0,0,1,False,False,False,False
5106208,28318.19361536465,3853.0,1.2,53.88009343368804,90.21541655852582,0.0,15.101964912280703,0.0,0.0,1816.7661562418893,0,0,0,1,False,False,False,False
5106216,77232.26573783025,11771.0,1.97,120.40608274573104,86.7980630362756,0.0,50.505629506378256,0.0,0.0,900.5182227508283,0,0,0,0,False,False,False,False
5106224,98598.43522859056,61223.0,5.86,178.41497476438593,67.11203305947112,49.98448295575192,57.67236744301288,39.0,63.70155007105173,5305.195759763487,1,1,1,1,False,False,False,False
5106232,44872.31825426014,16314.0,12.32,169.71312982714232,70.31997057741818,28.08017653549099,89.05366295264623,15.0,91.94556822361162,12553.634914797107,1,1,1,1,False,False,False,False
5106240,270077.6346217377,12108.0,0.93,63.85860588040965,111.36438718202841,0.0,37.08303694681283,0.0,0.0,7796.498183019491,0,0,0,1,False,False,False,False
5106257,40539.11951659735,25486.0,4.43,24.221141018598445,94.60488111119831,0.0,31.052039632672788,0.0,0.0,24350.623871929685,0,0,0,1,False,False,False,False
5106265,75453.44506517691,6444.0,1.12,25.993171942892612,60.381750465549345,17.178770949720672,52.91854838709678,9.0,139.66480446927375,806.9522036002483,1,0,0,0,False,False,False,False
5106273,30685.21318415482,3307.0,3.64,26.42878742062292,63.71333534925915,0.0,50.02762295081967,0.0,0.0,60.47777441790142,0,0,0,0,False,False,False,False
5106281,120528.35195530728,7160.0,1.32,9.986033519553073,76.15921787709497,0.0,10.411100164203612,0.0,0.0,5502.793296089386,0,0,0,1,False,False,False,False
5106299,66405.37159062474,11989.0,2.42,65.76028025690216,83.08449411960964,0.0,50.445928888888886,0.0,0.0,4854.449912419718,0,0,0,1,False,False,False,False
5106307,75660.86864106561,28228.0,1.09,74.45089981578575,77.0015587360068,0.0,16.079922106824927,0.0,0.0,2196.4007368570215,0,0,0,1,False,False,False,False
5106315,27755.88235294117,2040.0,0.46,3.480392156862745,75.09803921568627,0.0,22.20951612903226,0.0,0.0,1568.6274509803923,0,0,0,0,False,False,False,False
5106372,84164.08503365025,18722.0,4.7,50.37923298792864,104.91400491400492,0.0,27.16248303934871,3.0,16.023929067407327,4689.669907061211,0,0,0,1,False,False,False,False
5106422,27335.09925890652,33599.0,2.27,98.02077442781035,83.54117682073871,9.458614839727373,45.78300516725591,9.0,26.78651150331855,595.2558111848567,1,0,0,0,False,False,False,False
5106455,70540.0060845756,3287.0,1.3,83.93672041375115,97.87039853970185,0.0,20.771578947368425,0.0,0.0,3224.8250684514755,0,0,0,1,False,False,False,False
5106505,22687.48600850683,31269.0,1.82,75.22466340464997,78.17646870702613,18.132975151108127,61.59932373899679,9.0,28.78250023985417,1330.391122197704,1,0,0,0,False,False,False,False
5106653,16879.435539114947,7299.0,2.53,53.623784080010964,68.03671735854226,0.0,82.14462157809983,0.0,0.0,219.20811070009592,0,0,0,0,False,False,False,False
5106703,15037.09055876686,2076.0,2.86,95.90558766859345,87.95761078998073,0.0,52.25677631578947,0.0,0.0,96.33911368015414,0,0,0,0,False,False,False,False
5106752,44457.760744593485,54795.0,6.09,92.14161876083584,82.70462633451957,27.071813121635184,48.92323532424957,18.0,32.849712565015054,3989.4150926179395,1,1,1,1,False,False,False,False
5106778,45404.34366017247,12524.0,3.05,93.31683168316832,78.6729479399553,0.0,16.462879850397382,0.0,0.0,20552.53912488023,0,0,0,1,False,False,False,False
5106802,231766.78383128296,5690.0,0.82,18.312829525483306,116.7311072056239,0.0,44.24212454212454,0.0,0.0,10228.471001757469,0,0,0,1,False,False,False,False
5106828,30349.85738172519,10167.0,1.75,59.92918264974919,79.92524835251304,0.0,42.60622950819672,0.0,0.0,2537.6217173207438,0,0,0,1,False,False,False,False
5106851,26259.66677145552,3181.0,1.58,75.63659226658284,82.58409305249921,0.0,81.48331550802139,0.0,0.0,817.353033637221,0,0,0,0,False,False,False,False
5107008,43831.29295969415,24587.0,3.37,32.15520396957742,49.78240533615325,0.0,58.72611603053435,0.0,0.0,959.8568349127588,0,0,0,0,False,False,False,False
5107040,74949.31505375187,92927.0,15.56,186.67771476535344,72.33312169767667,51.0949454948508,76.79214053698449,66.0,71.02349155788953,2451.3865722556416,1,1,1,1,False,False,False,False
5107065,142832.3608316566,29820.0,1.5,117.84708249496983,111.23071763916835,0.0,28.829144784389303,0.0,0.0,3890.0067069081156,0,0,0,1,False,False,False,False
5107107,25152.103196859225,17830.0,13.91,151.4133482893999,63.00616937745373,27.958496915311272,75.5626691137913,6.0,33.65114974761638,975.8833426808749,0,0,0,0,False,False,False,False
5107156,23009.699321047527,2062.0,1.59,8.729388942774007,74.83026188166828,0.0,26.86934782608696,0.0,0.0,0.0,0,0,0,0,False,False,False,False
5107180,72550.66628319432,10431.0,0.89,23.947847761480205,85.94573866359889,0.0,22.468472762645916,0.0,0.0,3642.9872495446266,0,0,0,1,False,False,False,False
5107198,70065.9992584353,2697.0,4.15,106.59992584352985,127.54912866147572,0.0,42.16193103448276,0.0,0.0,3707.8235076010383,0,0,0,1,False,False,False,False
5107206,23877.923813766985,4489.0,8.41,92.15860993539764,88.750278458454,0.0,55.57412060301508,0.0,0.0,30429.939852973937,0,0,0,1,False,False,False,False
5107248,181836.35723093184,5677.0,1.41,214.74370265985556,103.3996829311256,0.0,62.84917137476459,0.0,0.0,5425.400739827373,0,0,0,1,False,False,False,False
5107263,65664.22764227643,2460.0,2.16,112.07317073170732,66.869918699187,0.0,46.713025210084034,0.0,0.0,2113.8211382113823,0,0,0,1,False,False,False,False
5107297,21202.15827338129,2780.0,5.87,80.0,78.5251798561151,0.0,60.795922330097085,0.0,0.0,575.5395683453237,0,0,0,0,False,False,False,False
5107305,99954.71286318374,14662.0,3.3,175.56267903423816,98.41085800027281,0.0,33.49201795212766,0.0,0.0,3028.2362569908605,0,0,0,1,False,False,False,False
5107354,151531.45265888458,6168.0,0.8,41.76394293125811,71.9520103761349,0.0,8.791847575057737,0.0,0.0,6582.360570687419,0,0,0,1,False,False,False,False
5107404,16308.688485990113,4247.0,12.17,105.15658111608194,82.85848834471392,0.0,33.443084577114426,0.0,0.0,1177.301624676242,0,0,0,0,False,False,False,False
5107578,32419.90360079388,3527.0,0.28,18.996314148001133,44.400340232492205,0.0,84.26703296703297,0.0,0.0,2438.3328607882054,0,0,0,1,False,False,False,False
5107602,66730.6640120077,259167.0,50.77,182.24040869400812,79.06755103851957,48.75466398113957,109.83496147942618,342.0,131.96124506592275,2052.7304788032425,1,1,1,1,False,False,False,False
5107701,35112.82488842216,15236.0,2.11,66.44788658440535,72.05303229194014,0.0,38.79592252803262,0.0,0.0,1233.9196639537936,0,0,0,0,False,False,False,False
5107743,113107.26887791108,2834.0,0.47,56.386732533521524,82.25123500352858,0.0,36.28938511326861,0.0,0.0,1482.0042342978122,0,0,0,0,False,False,False,False
5107750,25630.33432998097,3679.0,2.1,57.89616743680348,60.09785267735798,0.0,16.15940594059406,0.0,0.0,54.36259853220984,0,0,0,0,False,False,False,False
5107768,356921.4553855039,3463.0,0.69,95.11983829049957,106.2951198382905,0.0,17.15057044079516,0.0,0.0,16632.97718740976,0,0,0,1,False,False,False,False
5107776,38931.21761658031,7720.0,1.17,4.896373056994818,36.865284974093264,0.0,18.956777777777777,0.0,0.0,1347.1502590673574,0,0,0,0,False,False,False,False
5107792,242150.522317189,4212.0,1.2,106.5289648622982,103.58499525166192,0.0,14.592433281004707,0.0,0.0,7312.440645773979,0,0,0,1,False,False,False,False
5107800,48826.55552247693,16795.0,1.61,31.949985114617444,86.93063411729682,0.0,56.3686596055515,0.0,0.0,3929.7409943435546,0,0,0,1,False,False,False,False
5107859,113231.23081216858,14332.0,0.82,30.149316215461905,59.06363382640246,0.0,15.562953995157384,0.0,0.0,3572.425341892269,0,0,0,1,False,False,False,False
5107875,221547.41420362552,31499.0,2.13,54.528715197307854,119.45458585986857,0.0,41.09652898825312,0.0,0.0,8406.616083050256,0,0,0,1,False,False,False,False
5107883,39641.76749079432,1901.0,1.21,2.261967385586533,59.495002630194634,0.0,23.369741379310344,0.0,0.0,60494.476591267754,0,0,0,1,False,False,False,False
5107909,44545.83875313037,216029.0,49.19,203.8953103518509,69.06341278254308,52.72903175036685,111.13406167633106,204.0,94.43176610547658,1997.8799142707692,1,1,1,1,False,False,False,False
5107925,103501.27701781211,120985.0,11.9,174.00008265487457,68.09273876926892,53.650452535438276,89.24262036492055,96.0,79.34867958837873,6881.84485680043,1,1,1,1,False,False,False,False
5107941,133202.46265643925,9908.0,1.16,70.61970125151393,83.63948324586192,0.0,39.42055154300722,0.0,0.0,2926.927735163504,0,0,0,1,False,False,False,False
5107958,49622.04234675291,112547.0,9.15,194.7097656978862,55.861995433019096,40.73942441824305,104.81230787375571,108.0,95.95991008201018,1210.1610882564617,1,1,1,0,False,False,False,False
5108006,131457.76584599266,15272.0,3.2,100.0392875851231,112.89287585123101,0.0,44.18894148341408,0.0,0.0,5002.61917234154,0,0,0,1,False,False,False,False
5108055,47198.85349121323,10641.0,4.42,70.63245935532375,92.51010243398177,0.0,38.569680451127816,0.0,0.0,2067.474861385208,0,0,0,1,False,False,False,False
5108105,105062.1430970776,2977.0,0.71,11.219348337252267,66.47631844138394,0.0,19.83725552050473,0.0,0.0,7524.35337588176,0,0,0,1,False,False,False,False
5108204,49960.75650118203,4230.0,1.74,61.938534278959814,92.60047281323877,0.0,30.438166023166023,0.0,0.0,2411.3475177304963,0,0,0,1,False,False,False,False
5108303,129382.08878624583,3897.0,0.84,73.38978701565307,92.40441365152681,0.0,20.490504926108372,0.0,0.0,2155.504234026174,0,0,0,1,False,False,False,False
5108352,26531.81974544204,2907.0,1.53,7.8431372549019605,75.06019951840385,0.0,46.66572463768116,0.0,0.0,275.19779841761266,0,0,0,0,False,False,False,False
5108402,31516.786544066465,314627.0,414.31,109.67621977770503,71.82504997981736,37.78696678924568,95.76886006510468,408.0,129.67736398974023,837.1818057572935,1,1,1,0,False,False,False,False
5108501,96488.46067667488,13389.0,4.19,131.50347300022406,89.93203375905594,0.0,34.52374074074074,0.0,0.0,6617.372469938009,0,0,0,1,False,False,False,False
5108600,44339.133504816666,19827.0,2.67,84.04700660715186,89.73621828819287,0.0,19.174502923976608,0.0,0.0,958.2892015937863,0,0,0,0,False,False,False,False
5108808,36560.38436339812,4579.0,4.09,132.62721118148067,108.36427167503822,0.0,30.4136312849162,0.0,0.0,43.67765887748417,0,0,0,0,False,False,False,False
5108857,114959.21696574223,3678.0,1.85,97.41707449700924,99.89124524197933,0.0,34.55250453720508,0.0,0.0,271.8868950516585,0,0,0,0,False,False,False,False
5108907,208606.75324675324,5775.0,0.51,41.74891774891775,77.21212121212122,0.0,21.25131474103586,0.0,0.0,4329.004329004329,0,0,0,1,False,False,False,False
5108956,43449.65092888416,8451.0,1.62,58.50195243166489,83.06709265175719,0.0,30.72304775280899,0.0,0.0,354.98757543485976,0,0,0,0,False,False,False,False
5200050,16713.819985825656,21165.0,133.43,50.758327427356484,66.09496810772502,20.34490904795653,44.89107456588356,12.0,56.69737774627924,198.44082211197733,1,1,0,0,False,False,False,False
5200100,25250.53860981971,17638.0,16.5,51.89930831159995,100.81074951808596,0.0,42.45485003845168,0.0,0.0,1156.593718108629,0,0,0,0,False,False,False,False
5200134,47824.64196408274,21995.0,13.77,114.75335303478063,100.99113434871562,0.0,36.84996195307546,0.0,0.0,1973.1757217549443,0,0,0,1,False,False,False,False
5200159,21249.4558119286,2297.0,19.91,97.8667827601219,101.74140182847192,0.0,73.19602564102564,0.0,0.0,0.0,0,0,0,0,False,False,False,False
5200175,106843.5183329994,4991.0,2.45,15.487878180725305,99.25866559807653,0.0,25.034661654135338,0.0,0.0,1282.3081546784213,0,0,0,0,False,False,False,False
5200209,34411.09913793104,1856.0,4.05,7.704741379310345,85.61422413793103,0.0,94.4833409610984,0.0,0.0,107.75862068965517,0,0,0,0,False,False,False,False
5200258,10238.382797271968,240613.0,1176.61,136.76110600840354,67.90780215532827,23.588916642076697,88.60590390968561,204.0,84.7834489408303,49.87261702401782,1,1,1,0,False,False,False,False
5200308,40278.33910528759,28009.0,31.89,84.06940626227284,109.71473454960905,0.9818272698061338,46.24641684158538,36.0,128.53011532007568,2270.6987039880037,1,1,1,1,False,False,False,False
5200506,32128.52822580645,1984.0,19.33,70.46370967741936,98.84072580645162,0.0,79.29571428571428,0.0,0.0,100.80645161290323,0,0,0,0,False,False,False,False
5200555,200832.6274509804,6375.0,12.14,157.31764705882352,134.4156862745098,0.0,18.882485136741973,0.0,0.0,308266.6666666667,0,0,0,1,False,False,False,False
5200605,27161.57644476957,10936.0,3.97,77.52377468910022,106.32772494513533,17.5932699341624,32.66567153284672,9.0,82.2970007315289,1591.0753474762253,1,0,0,0,False,False,False,False
5200803,20141.095731068977,8597.0,6.66,53.123182505525186,170.03605909038038,0.7560777015237874,34.87419811320755,21.0,244.27125741537745,232.63929277654995,1,1,1,0,False,False,False,False
5200829,33249.923803718375,3281.0,2.43,67.20512039012496,47.72935080768058,0.0,17.199518072289155,0.0,0.0,731.484303565986,0,0,0,0,False,False,False,False
5200852,17310.925960992237,5281.0,39.29,158.75781102064002,92.5203559931831,0.0,14.526031746031746,0.0,0.0,378.7161522438932,0,0,0,0,False,False,False,False
5200902,40284.55284552846,2952.0,7.39,28.28590785907859,54.77642276422764,0.0,32.19103053435114,0.0,0.0,0.0,0,0,0,0,False,False,False,False
5201108,42778.89223680825,415847.0,426.29,72.605790110305,70.24723035154756,44.156624912527924,98.70198138947468,507.0,121.91984071064599,1213.9079998172406,1,1,1,0,False,False,False,False
5201207,23563.517915309447,921.0,16.63,514.8751357220413,97.50271444082519,0.0,89.59165853658537,0.0,0.0,0.0,0,0,0,0,False,False,False,False
5201306,27794.393536843247,18443.0,18.96,150.582876972293,91.54150626253863,0.0,49.02900396151669,0.0,0.0,30537.331236783604,0,0,0,1,False,False,False,False
5201405,30823.048509325225,550925.0,1885.3,166.79802150927983,72.61151699414621,38.48200753278577,110.55397603760436,963.0,174.79693243181922,1020.1025547942097,1,1,1,0,False,False,False,False
5201454,36551.79282868526,3012.0,4.82,110.0265604249668,113.14741035856574,0.0,40.57375,0.0,0.0,66.40106241699867,0,0,0,0,False,False,False,False
5201504,88893.53099730458,4452.0,1.49,11.612758310871518,103.70619946091644,0.0,48.25954572624029,0.0,0.0,10781.671159029649,0,0,0,1,False,False,False,False
5201603,19133.26392503904,3842.0,25.36,1.4315460697553357,100.13014055179595,0.0,56.92263713080169,0.0,0.0,208.2248828735034,0,0,0,0,False,False,False,False
5201702,14929.907546764136,18604.0,27.79,152.90797677918727,48.3229413029456,0.0,56.00975175991108,0.0,0.0,53.751881315846056,0,0,0,0,False,False,False,False
5201801,13887.525888163134,12554.0,54.51,54.38903935000796,70.82204874940258,17.77919388242791,35.56678068410463,3.0,23.89676597100526,47.79353194201052,0,0,0,0,False,False,False,False
5202155,25082.98524087997,7182.0,3.27,3.801169590643275,70.70453912559175,22.472848788638263,34.35985549132948,3.0,41.77109440267335,167.0843776106934,0,0,0,0,False,False,False,False
5202353,75972.6962457338,2930.0,2.74,10.98976109215017,55.870307167235495,0.0,22.94078947368421,0.0,0.0,682.5938566552901,0,0,0,0,False,False,False,False
5202502,34290.66353493834,8515.0,2.72,21.961244862008222,81.6441573693482,22.971227246036406,34.77899204244032,9.0,105.69583088667058,9019.37756899589,1,0,0,1,False,False,False,False
5202601,24980.097979179423,3266.0,5.81,121.86160440906308,76.72994488671158,0.0,106.77357868020304,0.0,0.0,0.0,0,0,0,0,False,False,False,False
5202809,22972.32534593317,2963.0,16.85,44.41444481943976,74.21532230847114,0.0,24.553668224299063,0.0,0.0,674.9915626054674,0,0,0,0,False,False,False,False
5203104,36958.62068965517,3335.0,1.88,32.8935532233883,43.44827586206897,0.0,26.425827814569537,0.0,0.0,0.0,0,0,0,0,False,False,False,False
5203203,146548.79865896815,10738.0,9.6,67.04227975414416,143.50903333954182,0.0,31.54798011844332,0.0,0.0,153212.88880610914,0,0,0,1,False,False,False,False
5203302,40485.03403220075,36583.0,27.04,122.2316376459011,73.07492551184977,16.30265423830741,57.66085031623332,6.0,16.401060601918925,169.4776262198289,0,0,0,0,False,False,False,False
5203401,32934.43251533742,7824.0,4.12,180.39366053169735,95.19427402862986,0.0,54.52365740740741,3.0,38.34355828220859,51.124744376278116,0,0,0,0,False,False,False,False
5203500,49783.2881259868,24701.0,17.04,131.86105825675074,72.84725314764584,18.448645803813612,25.483464292270973,9.0,36.435771831099956,2121.3716043884865,1,0,0,1,False,False,False,False
5203559,11189.416328038418,10828.0,84.45,42.842630217953456,88.49279645363872,0.0,55.82726658476658,0.0,0.0,73.88252678241597,0,0,0,0,False,False,False,False
5203575,47382.94010889292,3306.0,2.02,58.56019358741682,74.65214761040532,0.0,24.60140625,0.0,0.0,6291.5910465819725,0,0,0,1,False,False,False,False
5203609,22619.18534586648,4149.0,31.85,43.48035671246083,83.85153048927452,0.0,41.971419508326726,0.0,0.0,96.40877319836105,0,0,0,0,False,False,False,False
5203807,34230.30407740152,5788.0,3.9,25.535590877677954,112.87145818935728,0.0,15.621009879253569,0.0,0.0,1174.8445058742225,0,0,0,0,False,False,False,False
5203906,43186.04007016896,10831.0,11.64,134.37355738158988,85.87388052811374,0.0,21.63713157894737,12.0,110.79309389714707,276.9827347428677,1,1,0,0,False,False,False,False
5203939,20412.33416995339,2789.0,13.49,70.24022947292937,96.12764431695949,0.0,67.60811678832117,0.0,0.0,573.6823234134098,0,0,0,0,False,False,False,False
5203962,28191.50285351934,3154.0,12.78,50.285351934051995,62.96766011414077,0.0,47.05114503816794,0.0,0.0,63.41154090044388,0,0,0,0,False,False,False,False
5204003,61991.53425371191,7678.0,6.71,88.21307632195884,91.02630893461838,0.0,48.54717293233082,0.0,0.0,4949.205522271425,0,0,0,1,False,False,False,False
5204102,23896.852998557977,11789.0,6.95,46.7724149631012,85.87666468742047,0.0,23.23844827586207,0.0,0.0,3477.8183051997626,0,0,0,1,False,False,False,False
5204201,27399.577167019022,1419.0,3.31,110.85271317829458,79.42212825933755,0.0,25.22177083333333,0.0,0.0,0.0,0,0,0,0,False,False,False,False
5204250,8909.755159594924,7801.0,14.73,92.47532367645174,79.13088065632611,0.0,19.15986534372785,0.0,0.0,117702.85860787079,0,0,0,1,False,False,False,False
5204300,65179.28030843924,14006.0,6.11,59.417392546051694,85.96315864629445,12.594602313294303,53.75678396871945,3.0,21.419391689276026,16678.566328716264,0,0,0,1,False,False,False,False
5204409,49337.43620534374,16655.0,1.91,97.29210447313119,74.950465325728,10.825577904533173,41.283782312925176,9.0,54.037826478534974,972.6808766136295,1,0,0,0,False,False,False,False
5204508,28641.33297705844,104788.0,61.31,139.0006489292667,72.1475741497118,43.44199717524907,98.37951321698768,174.0,166.0495476581288,977.2111310455396,1,1,1,0,False,False,False,False
5204557,17878.98627243928,4735.0,17.9,165.8078141499472,73.95987328405491,0.0,46.12787878787879,0.0,0.0,84.47729672650475,0,0,0,0,False,False,False,False
5204607,18877.52983912818,3854.0,13.77,13.544369486248055,79.13855734302024,0.0,73.81137931034483,0.0,0.0,103.78827192527244,0,0,0,0,False,False,False,False
5204656,29411.38903672166,3758.0,1.87,31.77221926556679,61.149547631719,0.0,34.818575851393184,0.0,0.0,0.0,0,0,0,0,False,False,False,False
5204706,25859.383492507182,12879.0,11.75,128.37953257240468,101.18798043326345,7.073530553614411,28.190093425605536,6.0,46.58746797111577,1366.5657271527293,0,0,0,0,False,False,False,False
5204805,109812.73505381924,7711.0,3.03,132.07106730644534,96.62819348981974,0.0,28.30879643387816,0.0,0.0,5576.449228375049,0,0,0,1,False,False,False,False
5204854,19543.496271748136,8449.0,51.76,26.760563380281692,84.90945674044265,0.0,49.75382762991128,0.0,0.0,142.02864244289265,0,0,0,0,False,False,False,False
5204904,17271.4426552744,18258.0,24.63,54.63906232884215,113.02442764815423,0.0,38.410524316109424,0.0,0.0,339.5771716507832,0,0,0,0,False,False,False,False
5204953,14454.731982559631,3899.0,9.04,1.3080276994101052,114.46524749935881,0.0,41.64219512195122,0.0,0.0,666.8376506796615,0,0,0,0,False,False,False,False
5205000,49120.45889101338,9937.0,23.13,90.78192613464829,76.98500553486969,0.0,41.869296740994855,0.0,0.0,1610.1439066116534,0,0,0,0,False,False,False,False
5205059,31369.39404313591,2921.0,9.98,168.16158849709004,118.6579938377268,0.0,40.56424375917768,0.0,0.0,136.93940431359124,0,0,0,0,False,False,False,False
5205109,82100.93634354122,120789.0,29.9,219.54234243184396,61.18934671203504,40.71645596867264,83.60133841453398,117.0,96.8631249534312,1147.4554802175694,1,1,1,0,False,False,False,False
5205208,18952.049642722828,5318.0,25.28,33.49003384731102,84.09176382098534,0.0,42.3782878953108,0.0,0.0,0.0,0,0,0,0,False,False,False,False
5205307,39404.17652504886,9721.0,1.38,61.691184034564344,73.93272297088777,0.0,39.35313280363224,0.0,0.0,2510.0298323217776,0,0,0,1,False,False,False,False
5205406,32677.415050702723,22484.0,103.47,141.73189823874756,108.36594911937378,31.07543141789717,59.73940351533284,12.0,53.371286247998576,409.17986123465573,1,1,0,0,False,False,False,False
5205455,46584.39201451906,8265.0,19.4,63.30308529945554,109.78826376285541,0.0,24.50263493621197,0.0,0.0,580.7622504537205,0,0,0,0,False,False,False,False
5205471,157500.17989494136,13897.0,5.89,3.820968554364251,117.49298409728718,0.0,35.863408775981526,0.0,0.0,171216.80938332013,0,0,0,1,False,False,False,False
5205497,10168.861089498096,98963.0,235.31,155.51973970069622,64.48066449076927,12.30661964572618,51.279351149061775,21.0,21.220051938603316,78.81733577195517,1,1,1,0,False,False,False,False
5205513,16381.86050003754,26638.0,14.01,81.49260454989113,67.29859599068999,0.0,36.94401801801802,0.0,0.0,803.3636158870786,0,0,0,0,False,False,False,False
5205521,16966.77100890922,4153.0,2.36,76.4989164459427,68.88995906573561,0.0,40.46027093596059,0.0,0.0,192.6318324103058,0,0,0,0,False,False,False,False
5205703,30287.8664495114,2456.0,5.36,113.92508143322476,28.705211726384366,13.517915309446254,49.73567567567567,24.0,977.1986970684039,0.0,1,1,1,0,False,False,False,False
5205802,24292.607802874743,10714.0,9.92,71.98058614896397,70.53388090349075,0.0,41.22417662682603,0.0,0.0,2221.3925704685457,0,0,0,1,False,False,False,False
5205901,75328.16482582838,9416.0,4.92,130.98980458793542,85.60960067969414,0.0,54.42468384697131,0.0,0.0,212.40441801189465,0,0,0,0,False,False,False,False
5206206,70048.5655581767,65705.0,10.13,90.79674301803516,74.74925804733277,18.857012403926642,51.261332134292566,21.0,31.96103797275702,9843.999695609162,1,1,1,1,False,False,False,False
5206305,33090.90909090909,3630.0,15.81,47.63085399449036,122.47933884297521,0.0,39.16784565916399,0.0,0.0,385.6749311294766,0,0,0,0,False,False,False,False
5206404,40090.91430209229,17445.0,3.65,39.621668099742045,94.10146173688736,0.0,31.5168253968254,0.0,0.0,29016.910289481228,0,0,0,1,False,False,False,False
5206503,25037.968317827508,3977.0,10.64,88.58436007040483,84.36007040482777,0.0,65.05080474934037,0.0,0.0,150.86748805632385,0,0,0,0,False,False,False,False
5206602,32785.10998307953,2955.0,5.15,158.00338409475467,62.60575296108291,0.0,69.31388714733542,0.0,0.0,3993.2318104906935,0,0,0,1,False,False,False,False
5206701,11583.161688980432,3884.0,9.03,62.74459320288363,114.34088568486096,0.0,57.160143884892086,0.0,0.0,154.4799176107106,0,0,0,0,False,False,False,False
5206800,19059.528130671508,2755.0,31.65,63.08529945553539,97.38656987295826,0.0,67.69065408805031,0.0,0.0,7114.337568058077,0,0,0,1,False,False,False,False
5206909,306736.9805365597,1901.0,3.94,2.6301946344029457,103.94529195160442,0.0,77.45941176470588,0.0,0.0,1472.9089952656498,0,0,0,0,False,False,False,False
5207105,47878.89273356401,2023.0,3.01,8.205635195254573,59.46613939693525,0.0,36.61183673469388,0.0,0.0,148.29461196243204,0,0,0,0,False,False,False,False
5207253,58144.30746918057,6895.0,2.16,149.29659173313996,77.28788977519942,0.0,64.25505988023951,0.0,0.0,667.1501087744742,0,0,0,0,False,False,False,False
5207352,99150.4771225838,4087.0,6.69,82.28529483728896,80.45020797651088,0.0,12.209224137931034,0.0,0.0,102715.92855395155,0,0,0,1,False,False,False,False
5207402,77250.48105078223,11953.0,8.0,71.47159708859701,113.18497448339329,0.0,25.09186130075458,0.0,0.0,365916.5063164059,0,0,0,1,False,False,False,False
5207501,23204.40446650124,3224.0,10.64,20.502481389578165,93.70347394540943,0.0,19.69144869215292,0.0,0.0,3535.9801488833746,0,0,0,1,False,False,False,False
5207535,23397.264098269123,7164.0,3.63,4.80178671133445,66.65270798436627,0.0,24.45937282229965,0.0,0.0,614.1820212171971,0,0,0,0,False,False,False,False
5207600,25929.90813201769,5878.0,4.59,494.7090847226948,82.27288193263014,0.0,84.67510857142857,0.0,0.0,1599.1833957128274,0,0,0,0,False,False,False,False
5207808,26255.861070911724,10365.0,24.67,299.84563434635794,87.35166425470332,0.0,46.31186294078509,0.0,0.0,328.02701398938734,0,0,0,0,False,False,False,False
5207907,17729.01949703306,14156.0,3.72,68.98841480644249,37.969765470471884,0.0,43.70733443708609,0.0,0.0,777.0556654422153,0,0,0,0,False,False,False,False
5208004,26960.08399873836,120478.0,19.97,138.71329205332094,65.40530221285213,30.34661929978917,66.82591872374569,138.0,114.5437341257325,718.8034329919155,1,1,1,0,False,False,False,False
5208103,23859.645374919888,4681.0,5.53,48.664815210425125,77.99615466780602,0.0,48.25233176838811,0.0,0.0,85.45182653279214,0,0,0,0,False,False,False,False
5208152,88239.69508752118,3542.0,5.87,16.741953698475438,63.77752682100508,0.0,41.344507575757575,0.0,0.0,112.93054771315641,0,0,0,0,False,False,False,False
5208301,20657.65765765766,4440.0,5.38,104.79729729729729,94.07657657657657,0.0,52.5693164556962,0.0,0.0,135.13513513513513,0,0,0,0,False,False,False,False
5208400,20228.100309172107,14555.0,83.81,13.321882514599794,100.83132944005496,0.0,43.589349448986844,0.0,0.0,329.7835795259361,0,0,0,0,False,False,False,False
5208509,40555.55555555556,4986.0,8.73,58.36341756919374,89.45046129161652,0.0,58.4632022932023,0.0,0.0,1444.043321299639,0,0,0,0,False,False,False,False
5208608,24520.736489469447,77014.0,47.64,88.6228477939076,84.33661412210766,34.082114940140755,39.30500824958752,42.0,54.53553899291038,44942.47799101462,1,1,1,1,False,False,False,False
5208707,40057.90114940529,1494599.0,1970.9,165.45815968028882,83.14270249076843,57.87304822229909,119.701584540686,3729.0,249.4983604297875,1772.9170165375463,1,1,1,1,False,False,False,False
5208806,14003.161744165376,78754.0,336.41,53.01952916677248,56.121593823805775,22.641389643700638,35.34116346630766,18.0,22.85598191837875,25.395535464865276,1,1,1,0,False,False,False,False
5208905,31518.136425535427,24233.0,7.74,48.55362522180498,83.09742912557256,3.3384228118681136,33.3358339100346,3.0,12.37981265216853,445.6732554780671,0,0,0,0,False,False,False,False
5209101,58994.75215487941,36777.0,14.38,96.55763112815075,71.56646817304294,31.5414525382712,37.460570216776624,18.0,48.94363324904152,6710.715936590804,1,1,1,1,False,False,False,False
5209150,38888.88888888889,4356.0,5.31,117.95224977043159,78.76492194674013,19.00826446280992,60.32217864923747,3.0,68.87052341597796,3994.4903581267217,0,0,0,1,False,False,False,False
5209200,16889.693025063145,20588.0,38.01,84.34039246162813,104.12861861278415,0.0,33.14330806485576,9.0,43.71478531183214,417.719059646396,1,0,0,0,False,False,False,False
5209291,23883.7528604119,2185.0,10.65,50.20594965675057,62.51716247139588,0.0,28.278677685950413,0.0,0.0,0.0,0,0,0,0,False,False,False,False
5209408,20970.28738431564,4106.0,3.35,22.72284461763273,56.819288845591814,0.0,45.385113636363634,0.0,0.0,0.0,0,0,0,0,False,False,False,False
5209457,29725.63510392609,2165.0,3.64,70.39260969976905,58.9838337182448,0.0,27.649156626506027,0.0,0.0,55704.38799076212,0,0,0,1,False,False,False,False
5209606,24967.261904761905,3360.0,14.67,29.196428571428573,86.13095238095238,0.0,44.43004784688995,0.0,0.0,59.523809523809526,0,0,0,0,False,False,False,False
5209705,44564.25386394877,29827.0,29.14,66.01736681530157,67.82110168639153,20.0791229423006,52.313688992731045,6.0,20.116002279813593,382.20404331645824,0,0,0,0,False,False,False,False
5209804,24973.5344336938,3514.0,6.07,43.79624359704041,69.12350597609561,0.0,29.966816608996535,0.0,0.0,227.66078542970973,0,0,0,0,False,False,False,False
5209903,21721.18887823586,10430.0,6.84,46.54841802492809,96.67305848513902,0.0,56.1739480874317,0.0,0.0,2607.861936720997,0,0,0,1,False,False,False,False
5209937,39193.20244184128,6061.0,8.64,122.24055436396634,85.11796733212341,0.0,42.80879369768587,0.0,0.0,2870.813397129187,0,0,0,1,False,False,False,False
5209952,36983.43381980053,17747.0,17.86,74.5421761424466,84.14379895193554,0.0,38.30326587401973,0.0,0.0,416.9718825717023,0,0,0,0,False,False,False,False
5210000,26223.96464599377,53629.0,84.9,149.82378936769285,89.47770795651607,15.549422886870909,40.44861383514445,21.0,39.15791829047717,2726.1369781275057,1,1,1,1,False,False,False,False
5210109,92860.49000496884,26163.0,5.83,140.49612047548064,59.198104192944236,18.88162672476398,48.11463741841915,3.0,11.466574934067195,2988.9538661468487,0,0,0,1,False,False,False,False
5210158,23601.214574898782,2964.0,11.95,18.724696356275302,50.43859649122807,0.0,19.33101851851852,0.0,0.0,404.8582995951417,0,0,0,0,False,False,False,False
5210208,23697.347429900223,36983.0,34.74,231.6253413730633,96.693075196712,11.261931157558879,36.712907367173614,6.0,16.22367033501879,459.6706594921991,0,0,0,0,False,False,False,False
5210307,28141.338582677166,2540.0,4.42,4.015748031496063,89.37007874015748,0.0,33.0981455399061,0.0,0.0,629.9212598425197,0,0,0,0,False,False,False,False
5210406,38452.48492853034,46943.0,30.6,61.44686108685001,82.93036235434464,21.8988986643376,49.95752394869297,21.0,44.73510427539782,349.35986196024965,1,1,1,0,False,False,False,False
5210562,19290.68396226415,5088.0,34.79,28.04638364779874,111.812106918239,0.0,54.03827586206896,0.0,0.0,235.8490566037736,0,0,0,0,False,False,False,False
5210604,21331.96721311476,4880.0,20.35,52.049180327868854,94.71311475409836,0.0,67.30756188118812,45.0,922.1311475409836,245.9016393442623,1,1,1,0,False,False,False,False
5210802,30388.4011090573,4328.0,2.1,48.17467652495379,90.87338262476895,0.0,68.81251724137931,3.0,69.31608133086876,184.84288354898337,0,0,0,0,False,False,False,False
5210901,25225.86143357288,21708.0,22.13,75.42841348811498,90.92500460659664,0.0,33.213855981416955,0.0,0.0,838.4005896443707,0,0,0,0,False,False,False,False
5211008,27359.138461538463,8125.0,3.91,8.172307692307692,81.77230769230769,0.0,25.54004397537379,0.0,0.0,369.2307692307692,0,0,0,0,False,False,False,False
5211206,20833.33333333333,26574.0,20.38,50.651012267630016,100.90313840596072,0.0,46.900291641611545,0.0,0.0,26266.27530669075,0,0,0,1,False,False,False,False
5211305,52892.21751872354,6142.0,1.77,79.30641484858353,55.09605991533702,16.37902963204168,89.02435364041605,3.0,48.8440247476392,4298.27417779225,0,0,0,1,False,False,False,False
5211404,28471.10764835736,7701.0,20.19,52.57758732632126,92.27373068432671,24.308531359563695,35.60060250391236,3.0,38.955979742890534,103.88261264770809,0,0,0,0,False,False,False,False
5211503,47419.71163693683,112289.0,44.12,161.37644827186992,62.839637008077375,36.294739466911274,74.36675566164524,159.0,141.59890995556108,21182.840705679097,1,1,1,1,False,False,False,False
5211602,51167.09417369,2729.0,2.14,90.50934408208136,62.257237083180655,0.0,12.559356435643563,0.0,0.0,146.57383657017223,0,0,0,0,False,False,False,False
5211701,67113.67924528301,6360.0,7.27,63.58490566037736,98.50628930817611,0.0,29.503817271589487,0.0,0.0,18176.100628930817,0,0,0,1,False,False,False,False
5211800,19812.673659723867,46427.0,24.46,85.9650634329162,63.0150558941995,31.068128459732485,42.07780496150556,18.0,38.770543002993946,667.7149072737847,1,1,1,0,False,False,False,False
5211909,72434.48606934531,110404.0,14.73,171.41226767146117,68.17597188507663,45.382413680663745,100.06549804649724,144.0,130.43005688199702,7340.313756747944,1,1,1,1,False,False,False,False
5212006,28230.142566191447,2946.0,5.53,5.7026476578411405,75.3224711473184,0.0,32.10339285714286,0.0,0.0,135.77732518669382,0,0,0,0,False,False,False,False
5212055,18679.37853107345,2124.0,18.43,66.10169491525424,96.89265536723164,0.0,67.24551601423488,0.0,0.0,188.32391713747646,0,0,0,0,False,False,False,False
5212105,47213.32965364979,7247.0,16.04,113.13647026355733,97.59900648544225,0.0,32.5153343350864,0.0,0.0,248.37863943700842,0,0,0,0,False,False,False,False
5212204,34848.80156776041,19901.0,4.79,120.87332294859554,90.23164665092206,0.0,14.562498740554156,0.0,0.0,3356.615245465052,0,0,0,1,False,False,False,False
5212253,36374.47405329593,1426.0,3.0,62.41234221598878,116.12903225806451,0.0,32.94843853820598,0.0,0.0,140.25245441795232,0,0,0,0,False,False,False,False
5212303,37989.5960154953,9035.0,18.37,54.76480354178196,81.38350857775318,0.0,51.05804589707928,0.0,0.0,398.45047039291643,0,0,0,0,False,False,False,False
5212501,24675.970430205783,218872.0,52.78,80.84542563690194,69.55069629737929,24.95888007602617,92.54916889299072,210.0,95.94648927226872,602.1784421945247,1,1,1,0,False,False,False,False
5212600,33730.71046600458,2618.0,5.47,66.92131398013751,83.07868601986249,0.0,63.4417955801105,0.0,0.0,305.57677616501144,0,0,0,0,False,False,False,False
5212709,12796.192742415227,8405.0,9.47,48.86377156454491,89.69660916121356,0.0,30.682354368932035,0.0,0.0,2141.5823914336706,0,0,0,1,False,False,False,False
5212808,26932.77854831253,10815.0,6.31,168.6084142394822,112.92649098474341,11.844660194174757,40.36711851571374,3.0,27.739251040221912,11872.39944521498,0,0,0,1,False,False,False,False
5212907,23695.126166609058,2893.0,12.23,22.502592464569652,87.14137573453162,0.0,75.64565629228687,0.0,0.0,69.13238852402351,0,0,0,0,False,False,False,False
5212956,42318.12546491445,4033.0,3.51,5.454996280684354,88.7924621869576,0.0,17.521644444444444,0.0,0.0,3025.043392015869,0,0,0,1,False,False,False,False
5213004,24213.595077644302,10239.0,26.42,109.39544877429437,70.50493212227757,20.421916202754176,41.87137577002053,9.0,87.89920890711984,5527.883582381092,1,0,0,1,False,False,False,False
5213053,94026.58564375238,2633.0,1.89,0.94948727687049,50.28484618306115,0.0,60.52503759398496,0.0,0.0,5013.292821876187,0,0,0,1,False,False,False,False
5213087,48136.64204313449,26939.0,9.49,53.28705594120049,79.19002190133264,16.006533278889343,55.81211990595611,6.0,22.27254166821337,16503.953376146106,0,0,0,1,False,False,False,False
5213103,44577.31665333894,73781.0,7.75,79.32123446415744,79.2643092395061,31.84424174245402,81.25317736216367,54.0,73.18957455171386,18495.27656171643,1,1,1,1,False,False,False,False
5213400,31455.995274660367,1693.0,3.73,120.85056113408152,57.7082102776137,0.0,15.45198347107438,0.0,0.0,0.0,0,0,0,0,False,False,False,False
5213509,18188.71918947528,6613.0,2.14,20.98896113715409,58.11280810524724,0.0,46.5253002610966,3.0,45.36518977771057,60.48691970361409,0,0,0,0,False,False,False,False
5213707,55596.96834596522,8972.0,3.02,44.41596076683014,93.24565314311191,0.0,11.728776371308015,0.0,0.0,1560.410164957646,0,0,0,0,False,False,False,False
5213756,123829.1271127576,12957.0,6.7,116.90206066219032,84.34051092073783,29.520722389442,48.31037113402061,9.0,69.4605232692753,6992.35934244038,1,0,0,1,False,False,False,False
5213772,28871.35278514589,3770.0,2.83,27.427055702917773,51.750663129973475,0.0,13.097453416149069,0.0,0.0,0.0,0,0,0,0,False,False,False,False
5213806,34630.33184190902,53640.0,18.04,83.19537658463832,84.66629381058911,7.738627889634601,44.031212069698256,18.0,33.557046979865774,18929.903057419837,1,1,1,1,False,False,False,False
5213855,21943.57743097239,2499.0,8.7,75.59023609443777,82.75310124049619,0.0,20.916275862068968,0.0,0.0,0.0,0,0,0,0,False,False,False,False
5213905,28323.30827067669,4655.0,6.8,123.99570354457572,70.01074113856069,0.0,33.868045634920634,0.0,0.0,214.82277121374867,0,0,0,0,False,False,False,False
5214002,67846.25057912503,15109.0,8.48,2.7069958302998214,111.97961479912635,0.0,26.124581280788178,0.0,0.0,79.42286054669403,0,0,0,0,False,False,False,False
5214051,29062.510043387432,6223.0,2.89,1.3337618511971718,77.74385344689057,0.0,27.90674473067916,0.0,0.0,3470.994697091435,0,0,0,1,False,False,False,False
5214101,24264.73891072431,3562.0,3.73,22.459292532285232,86.74901740595172,0.0,50.1613595706619,0.0,0.0,56.14823133071308,0,0,0,0,False,False,False,False
5214408,33245.01800720288,8330.0,29.13,149.26770708283314,109.77190876350541,0.0,54.74803852889667,0.0,0.0,2929.171668667467,0,0,0,1,False,False,False,False
5214507,30299.323562570466,33706.0,155.98,77.04859668901679,77.6478965169406,17.75944935619771,63.67401262161451,6.0,17.800984987835992,112.73957158962796,0,0,0,0,False,False,False,False
5214606,37481.60506005919,34466.0,3.55,70.50716648291069,87.43689433064469,0.0,29.293788682581788,6.0,17.408460511808737,12847.44385771485,0,0,0,1,False,False,False,False
5214705,20586.52631578948,2375.0,11.16,12.547368421052632,88.92631578947369,0.0,20.155166666666663,0.0,0.0,126.3157894736842,0,0,0,0,False,False,False,False
5214804,33353.05164319249,2130.0,6.84,169.34272300469485,85.86854460093896,0.0,58.889545454545456,0.0,0.0,0.0,0,0,0,0,False,False,False,False
5214838,48001.83276059565,13095.0,1.75,3.214967544864452,98.35051546391753,0.0,25.79978048780488,0.0,0.0,4872.088583428789,0,0,0,1,False,False,False,False
5214861,16857.432835820895,8375.0,20.18,19.8089552238806,96.62089552238805,0.0,32.139886455798866,0.0,0.0,597.0149253731344,0,0,0,0,False,False,False,False
5214879,20012.04427083333,3072.0,4.81,91.56901041666667,99.31640625,0.0,49.89619444444445,0.0,0.0,1236.9791666666667,0,0,0,0,False,False,False,False
5214903,21811.005568293484,3053.0,1.44,1.3756960366852276,86.66885031116934,0.0,55.54673076923076,0.0,0.0,5830.330822142155,0,0,0,1,False,False,False,False
5215009,20151.685393258427,9790.0,77.49,107.58937691521962,103.41164453524004,0.0,52.28340034462952,0.0,0.0,20858.018386108273,0,0,0,1,False,False,False,False
5215207,23892.096412556053,3568.0,5.43,87.92040358744394,65.86322869955157,0.0,38.96544169611308,0.0,0.0,168.16143497757847,0,0,0,0,False,False,False,False
5215231,10778.144025697531,107092.0,539.84,115.16173010122138,60.91491427931125,21.22380756732529,64.94024934854885,90.0,84.0398909348971,63.49680648414447,1,1,1,0,False,False,False,False
5215256,43101.531023368254,3723.0,2.96,5.13027128659683,96.69621273166801,0.0,50.9572380952381,0.0,0.0,0.0,0,0,0,0,False,False,False,False
5215306,55547.18768502072,16890.0,8.32,53.59976317347543,63.57015985790409,17.5902901124926,118.11866341991342,3.0,17.761989342806395,47.365304914150386,0,0,0,0,False,False,False,False
5215405,36519.474196689385,4108.0,19.43,31.110029211295036,77.45861733203505,0.0,30.44786995515695,0.0,0.0,146.0564751703992,0,0,0,0,False,False,False,False
5215504,101490.3208697958,7542.0,17.5,57.279236276849645,129.91249005568815,0.0,66.1536610343062,0.0,0.0,7716.78599840891,0,0,0,1,False,False,False,False
5215603,28677.586394854465,36692.0,11.13,31.249318652567318,52.84258148915295,14.643519023220321,33.681333333333335,6.0,16.35233838438897,190.77728115120462,0,0,0,0,False,False,False,False
5215652,55303.959131545336,3132.0,2.38,2.203065134099617,70.59386973180077,0.0,47.6698353909465,0.0,0.0,319.28480204342276,0,0,0,0,False,False,False,False
5215702,52471.42137544816,33749.0,20.72,118.68796112477406,67.26421523600699,29.81125366677531,34.5658932866827,21.0,62.22406589824884,2648.9673768111647,1,1,1,1,False,False,False,False
5215801,24533.21601407831,2273.0,37.77,81.8301803783546,100.7479102507699,0.0,60.54153166421207,0.0,0.0,351.9577650681918,0,0,0,0,False,False,False,False
5215900,55868.494541761866,3939.0,9.79,1.3709063214013708,86.62096978928662,0.0,105.36253597122302,0.0,0.0,406.1944656004062,0,0,0,0,False,False,False,False
5216007,44770.51857901184,2449.0,5.68,67.98693344222131,109.79991833401388,0.0,30.66152688172043,0.0,0.0,2204.981625153124,0,0,0,1,False,False,False,False
5216304,31688.35341365462,7470.0,6.6,191.36546184738955,91.20481927710843,0.0,38.22269633507853,0.0,0.0,4658.634538152611,0,0,0,1,False,False,False,False
5216403,145127.08158898502,10749.0,2.81,67.88538468694762,80.32375104660899,28.71895060005582,42.264397031539886,3.0,27.90957298353335,1730.393524979068,0,0,0,1,False,False,False,False
5216452,236141.0,3000.0,2.87,2.3,116.93333333333334,0.0,45.59007441860465,0.0,0.0,149066.66666666666,0,0,0,1,False,False,False,False
5216809,18669.311893077163,9577.0,18.05,52.8453586718179,79.85799310848908,0.0,46.230266009852215,0.0,0.0,83.53346559465386,0,0,0,0,False,False,False,False
5216908,84248.68881118881,2288.0,2.57,10.402097902097902,46.85314685314685,0.0,25.590761904761905,0.0,0.0,230069.93006993007,0,0,0,1,False,False,False,False
5217104,48958.31522383342,25309.0,10.48,135.2838911059307,50.250898889723025,27.124738235410327,33.006470124546745,3.0,11.853490853056226,1999.2887905488167,0,0,0,1,False,False,False,False
5217203,51155.71224712499,11913.0,5.73,139.37715101150005,73.21413581801393,17.72853185595568,67.9058234295416,3.0,25.182573659027952,973.7261814824142,0,0,0,0,False,False,False,False
5217302,23071.225276506822,27757.0,12.13,71.49547861800627,95.50023417516302,3.6567352379579927,46.06767380269256,30.0,108.0808444716648,886.2629246676514,1,1,1,0,False,False,False,False
5217401,41953.03636472204,33494.0,30.04,136.6244700543381,67.22398041440258,33.55824923866961,45.47196194503172,12.0,35.82731235445154,268.70484265838655,1,1,0,0,False,False,False,False
5217609,13137.616503493977,110619.0,41.04,120.76948806262939,63.68255001401206,23.81236496442745,57.52288700384123,48.0,43.39218398286009,565.9063994431336,1,1,1,0,False,False,False,False
5217708,38386.994915707786,18685.0,12.77,99.94112924805994,84.96119882258496,0.0,45.685244802146215,0.0,0.0,845.5980733208456,0,0,0,0,False,False,False,False
5218003,31503.39207048458,45400.0,9.18,131.5660792951542,66.1762114537445,35.93171806167401,43.68282869612657,39.0,85.90308370044053,1145.374449339207,1,1,1,0,False,False,False,False
5218052,52659.88165680473,4225.0,6.71,80.21301775147928,109.63313609467455,0.0,49.73980836236934,0.0,0.0,3834.319526627219,0,0,0,1,False,False,False,False
5218102,113575.44836116263,3234.0,5.93,10.265924551638838,91.4656771799629,0.0,53.1547713950762,0.0,0.0,1360.544217687075,0,0,0,0,False,False,False,False
5218300,19513.6716583472,36060.0,16.81,59.717138103161396,73.33056017748197,26.073211314475873,76.3338924233661,12.0,33.277870216306155,194.12090959511926,1,1,0,0,False,False,False,False
5218391,19319.667738478027,3732.0,10.24,20.069667738478028,120.7663451232583,0.0,65.0507725788901,0.0,0.0,1500.5359056806003,0,0,0,0,False,False,False,False
5218508,42965.55035409915,49986.0,12.8,132.71115912455488,64.8501580442524,38.55279478253911,36.42337290715373,15.0,30.008402352658745,39467.05077421678,1,1,1,1,False,False,False,False
5218607,25059.11879531512,12551.0,45.34,132.78623217273525,56.322205401960005,16.755637001035772,54.998160315374506,6.0,47.8049557804159,3840.331447693411,0,0,0,1,False,False,False,False
5218706,21136.10970035551,3938.0,25.29,150.93956323006603,117.14068054850178,0.0,45.46645773979108,0.0,0.0,863.3824276282377,0,0,0,0,False,False,False,False
5218789,81657.73660490736,3994.0,15.79,20.68102153229845,183.55032548823235,8.212318477716575,56.77136211388165,9.0,225.33800701051578,4106.159238858288,1,0,0,1,False,False,False,False
5218805,68511.04715891188,238025.0,26.95,187.7252389454889,74.41487238735427,51.06522424115114,102.4787740590248,282.0,118.47495011028253,3805.482617372125,1,1,1,1,False,False,False,False
5218904,28111.861712696205,20132.0,26.36,54.554937413073716,92.1368964832108,0.0,43.15568081991216,0.0,0.0,5821.57758791973,0,0,0,1,False,False,False,False
5219001,26985.241225350364,8063.0,15.54,183.26925461986855,96.29170284013395,0.0,28.260768,0.0,0.0,372.06994915044027,0,0,0,0,False,False,False,False
5219100,24542.35668789809,6280.0,43.62,107.37261146496816,84.96815286624204,0.0,33.92917073170732,0.0,0.0,700.6369426751593,0,0,0,0,False,False,False,False
5219209,97897.2148541114,3016.0,2.71,57.36074270557029,43.50132625994695,0.0,39.2868,0.0,0.0,663.1299734748011,0,0,0,0,False,False,False,False
5219258,51665.21048451152,5036.0,4.25,12.152501985702939,261.3582208101668,0.0,25.83065399239544,0.0,0.0,1469.4201747418585,0,0,0,0,False,False,False,False
5219308,41059.69960234036,39481.0,33.7,78.40733517388111,67.59453914541172,33.537651022010586,36.68441114138662,15.0,37.99295863833236,2978.647957245257,1,1,1,1,False,False,False,False
5219357,34643.138357705284,3556.0,4.35,45.16310461192351,47.300337457817776,0.0,34.971344262295084,0.0,0.0,6692.913385826771,0,0,0,1,False,False,False,False
5219407,35085.92947620678,5842.0,4.36,34.06367682300582,65.16603902773024,0.0,36.74669527896995,0.0,0.0,821.6364258815474,0,0,0,0,False,False,False,False
5219456,41568.35347432024,2648.0,2.77,56.23111782477341,72.09214501510574,0.0,18.347956448911223,0.0,0.0,2643.5045317220543,0,0,0,1,False,False,False,False
5219506,24081.071554458937,2837.0,16.94,41.38174127599577,96.68664081776525,0.0,68.79548104956268,0.0,0.0,704.9700387733521,0,0,0,0,False,False,False,False
5219605,27157.51937984496,3225.0,4.17,40.49612403100775,101.08527131782945,0.0,53.13372068230277,0.0,0.0,10480.62015503876,0,0,0,1,False,False,False,False
5219704,17643.464596043632,10818.0,8.82,35.098909225365134,105.90682196339434,0.0,31.89826797385621,0.0,0.0,277.31558513588465,0,0,0,0,False,False,False,False
5219712,74776.38015373865,4293.0,9.48,80.54973212205917,105.96319590030282,0.0,50.37542174549001,0.0,0.0,32611.22757978104,0,0,0,1,False,False,False,False
5219738,19668.86828400864,7873.0,54.7,87.36186968118888,86.84110250222278,0.0,51.01878750765462,0.0,0.0,914.5179728184936,0,0,0,0,False,False,False,False
5219753,11067.74867987241,74614.0,76.41,93.95019701396521,81.72192886053556,0.06165062856836519,37.37279288874324,12.0,16.08277267000831,50.92878012169298,1,1,0,0,False,False,False,False
5219803,21529.3810666945,9581.0,2.91,33.32637511741989,68.04091430957102,0.0,38.41841149773071,0.0,0.0,375.74365932574887,0,0,0,0,False,False,False,False
5219902,20120.628562625174,6491.0,15.31,78.01571406562934,82.68371591434294,0.0,48.37128099173554,0.0,0.0,215.68325373594206,0,0,0,0,False,False,False,False
5220009,38627.56657857288,14757.0,4.21,28.87443247272481,68.81479975604798,0.0,40.06765877957659,0.0,0.0,650.5387273836145,0,0,0,0,False,False,False,False
5220058,77271.16768123962,1807.0,6.18,125.67791920309907,87.10570005534035,0.0,72.75502127659574,0.0,0.0,0.0,0,0,0,0,False,False,False,False
5220108,42447.88901258885,35031.0,40.8,40.055950443892556,92.34392395307013,17.77853900830693,33.586302158273384,9.0,25.69153035882504,205.53224287060033,1,0,0,0,False,False,False,False
5220157,27896.46772228989,4926.0,8.28,38.24604141291108,111.7336581404791,0.0,31.730413961038963,0.0,0.0,5927.730410069022,0,0,0,1,False,False,False,False
5220207,31326.554644684995,22079.0,3.56,84.63245618008062,111.58114045020154,0.0,25.040685008422237,0.0,0.0,1268.1733774174554,0,0,0,0,False,False,False,False
5220264,68544.25449037005,4621.0,8.31,119.34646180480415,69.22743994806319,0.0,31.031263157894735,0.0,0.0,129.84202553559837,0,0,0,0,False,False,False,False
5220280,24412.785388127853,2190.0,12.4,24.52054794520548,84.06392694063926,0.0,28.810067567567568,0.0,0.0,0.0,0,0,0,0,False,False,False,False
5220405,83340.17680586252,17194.0,41.01,119.08805397231592,78.20169826683727,0.0,21.45842441860465,3.0,17.447946958241246,9177.620100034896,0,0,0,1,False,False,False,False
5220454,28058.03978828253,169849.0,630.09,106.01769807299425,62.912351559326225,32.31223027512673,83.2794456681351,153.0,90.0800122461716,1170.451400950256,1,1,1,0,False,False,False,False
5220504,79577.24667723448,8201.0,1.45,69.3330081697354,98.03682477746617,0.0,68.01552604698672,0.0,0.0,2682.599682965492,0,0,0,1,False,False,False,False
5220603,57352.63089062295,22939.0,9.47,31.928157286716946,54.99803827542613,20.56759231003967,76.25828723001136,6.0,26.156327651597717,566.7204324512838,0,0,0,0,False,False,False,False
5220702,25539.18600739993,2973.0,1.82,21.426168853010427,42.213252606794484,0.0,68.83611814345991,0.0,0.0,67.27211570803902,0,0,0,0,False,False,False,False
5221007,21542.9329474192,4146.0,19.58,12.686927158707187,87.07187650747709,0.0,53.57861517976032,0.0,0.0,96.4785335262904,0,0,0,0,False,False,False,False
5221080,14575.791433891993,2685.0,3.44,51.09869646182495,86.89013035381751,0.0,42.21423076923077,3.0,111.73184357541899,0.0,0,0,0,0,False,False,False,False
5221197,25608.637631930123,8243.0,73.96,21.023899065874076,122.61312628897247,0.0,40.51289486796213,0.0,0.0,1067.5724857454811,0,0,0,0,False,False,False,False
5221304,21508.75420875421,2970.0,10.28,230.06734006734007,114.47811447811448,0.0,37.88606911447084,0.0,0.0,67.34006734006734,0,0,0,0,False,False,False,False
5221403,17678.041602036352,150858.0,199.85,64.48978509591801,73.1893568786541,36.35405480650678,71.28328935417562,135.0,89.48812790836416,799.4272759813865,1,1,1,0,False,False,False,False
5221452,22583.06503541533,3106.0,3.89,31.262073406310368,81.39085640695428,0.0,58.04712347354139,0.0,0.0,128.78300064391502,0,0,0,0,False,False,False,False
5221502,45645.82402858419,4478.0,9.29,81.21929432782493,94.01518535060295,0.0,25.63549479166667,0.0,0.0,267.97677534613666,0,0,0,0,False,False,False,False
5221551,110428.65497076024,5130.0,5.33,36.432748538011694,81.34502923976608,0.0,31.16572452636969,0.0,0.0,111500.9746588694,0,0,0,1,False,False,False,False
5221577,27566.749733001063,2809.0,2.42,14.667141331434674,85.79565681737273,0.0,59.21936102236422,0.0,0.0,71.1997152011392,0,0,0,0,False,False,False,False
5221601,29444.91506228765,44150.0,19.86,123.90939977349943,103.99093997734994,11.626274065685164,35.81052117711771,12.0,27.180067950169875,1793.8844847112118,1,1,0,1,False,False,False,False
5221700,21223.704130920625,13871.0,26.26,58.265445894311874,73.05169057746377,21.750414533919688,55.49945454545455,9.0,64.88357003820921,591.161415903684,1,0,0,0,False,False,False,False
5221809,44946.277611126265,3667.0,5.7,26.67030269975457,89.01008999181893,0.0,66.2059071367154,0.0,0.0,381.7834742296155,0,0,0,0,False,False,False,False
5221858,13886.907159517765,213506.0,3234.14,193.03204593781908,70.27905538954408,27.707418058508896,93.12611321557776,159.0,74.47097505456522,81.49653873895815,1,1,1,0,False,False,False,False
5221908,27894.10828025477,3768.0,7.18,106.68789808917198,82.03290870488323,0.0,52.51663352272727,0.0,0.0,902.3354564755839,0,0,0,0,False,False,False,False
5222005,55441.71620573792,15476.0,15.68,47.602739726027394,82.87025071077798,21.982424399069526,72.88383146067416,6.0,38.769707934866894,439.39002326182475,0,0,0,0,False,False,False,False
5222054,52904.0431860747,9077.0,11.95,21.52693621240498,106.69824831992949,0.0,20.45583129584352,0.0,0.0,49994.49157210532,0,0,0,1,False,False,False,False
5222203,42992.59259259259,4185.0,4.0,45.40023894862605,93.83512544802868,0.0,61.77336585365854,0.0,0.0,95.57945041816009,0,0,0,0,False,False,False,False
5222302,51493.64760949515,5982.0,2.67,72.86860581745236,78.75292544299565,0.0,16.466365688487585,0.0,0.0,8090.939485122033,0,0,0,1,False,False,False,False
5300108,96198.89044520986,2982818.0,489.06,146.84747778778322,65.71678191562475,48.98176824734194,134.73001465600217,8139.0,272.8627760728278,3540.9468495898846,1,1,1,1,False,False,False,False
