replication,status,const,GDP_PER_CAP,POP_DENSITY,FIBER_PER_100,LTE_ACCESS_PER_100,REGION_North,REGION_Northeast,REGION_South,REGION_Southeast,clogpop,alpha
1,valid,-7.0572619040997004,0.0658337305768233,0.26220806599631896,0.0968049013239928,0.03207544271817628,0.026432836135831774,0.10281574199067953,0.10770217004513925,0.08247356560782844,-0.19504106665078258,0.7504125664056857
2,valid,-7.056999041959385,0.0849897874825815,0.201129857796829,0.11342574098699541,0.011020503984062962,-0.035284694969339205,0.07804948363132073,0.1686470872305208,0.052153165685163774,-0.11247677525212578,0.6395348610391667
3,valid,-7.113847946183096,0.08359263104212501,0.2231618608967363,0.1418919594600245,0.08025098202983934,-0.01640310135434106,0.004739551160652069,0.07146983555931004,-0.043449968561281284,-0.10706627422877057,0.5531400176874643
4,valid,-7.04519518696139,0.12317872447122227,0.40803834670039874,0.12190188064685366,0.08209887204258906,0.06479473001359468,0.01654831147206954,0.09236675631967871,0.08001980129775284,-0.21737638529076364,0.7513348739348881
7,valid,-7.05699429622552,0.13921756442273583,0.18324824189774125,0.10808025389706985,0.06263001358873074,-0.03009218585786695,0.0575172700657872,0.14220147035450775,0.019347715922233687,-0.1160173721341588,0.6352379783886353
8,valid,-6.983393346492856,0.09459963005931388,0.13561615761544754,0.15225829128163565,0.018278244074076626,0.011711410140915505,0.16556652496345503,0.2931007513183489,0.0355681387649434,-0.07861768485975583,0.580065630482229
9,valid,-6.991606104121894,0.09157871262172843,0.16473320357997392,0.1280415596723449,0.06179299905170474,-0.04588655736137671,0.19223696900155118,0.18295505240134108,-0.015267891852358276,-0.11091261217008111,0.5887278734137769
10,valid,-7.034810130630732,0.09103202251869484,0.24653800653163416,0.115702188457589,-0.001869137418074133,-0.021292311692378805,0.04722249224955344,0.13463499442435847,0.008332657318223267,-0.1823217103123352,0.7263161915566873
11,valid,-7.036882815603627,0.09211582678799303,0.11043456377035633,0.15222898480572822,0.012972425215237273,0.015689086935677127,0.05969259434714194,0.31246591467587714,0.02500185398823341,-0.025824018455803198,0.5609150543114416
12,valid,-7.11426597528909,0.08295703458242877,0.16250498624322343,0.1501878901336666,0.02232325281989576,-0.02304804153051562,0.028639939322936576,0.24189998505853663,0.026659705104455193,-0.08275760033867029,0.6495941578139162
13,valid,-7.155875220155872,0.08798493031636952,0.1261712994781187,0.20165952422809605,0.041886519579491834,0.06895654103416357,0.15332743919825378,0.2530360869136612,0.08057780276654984,-0.03593908278235631,0.5298909448797047
14,valid,-7.102506125703329,0.11121479472184788,0.21570092526281087,0.09781526960361217,0.043387123024280515,-0.034254292565887724,-0.09768748588862247,0.06002400072361105,-0.03584214477638218,-0.13290344709796298,0.669336269894489
15,valid,-7.126656109188815,0.09206321152653762,0.24031805959413383,0.1257115641006673,0.0656689856273669,0.044014551033993043,0.15630672760029696,0.18022892041939637,0.09654109919049443,-0.16264097466410735,0.7842549618442888
16,valid,-7.061528310670691,0.10292839272644942,0.4486064180912149,0.12571451572665032,0.004389827812248668,0.0006496799848027169,-0.006963564977299265,0.12682174608012778,-0.00415860804073194,-0.1861710962956351,0.5420194538848068
17,valid,-7.034407443615912,0.1067521318840129,0.2410034868178108,0.08914881032130122,-0.0029674649811400836,0.011219686591945376,0.014042476485221384,0.20567897939692342,0.06422744044351661,-0.17673364117610646,0.6879987271295083
18,valid,-7.097508283314826,0.08255707356517651,0.1639275170951394,0.14631824451817402,0.07312927245662698,-0.04746055592687822,0.0646403946606632,0.09971167611667005,-0.028546863139149784,-0.08734978416983522,0.5410359930226957
19,valid,-7.054676066321338,0.08623910728214415,0.2875899037078821,0.0977318187031894,0.005239979031354611,-0.028996539034849184,-0.017312432174740627,0.12125425291793718,0.03248212407661346,-0.20659711126604563,0.7837557609373712
20,valid,-7.145907240497763,0.0991408733699027,0.24270513190101764,0.1257653136428398,0.06440669630834213,-0.035278101044250956,4.38728398823913e-05,0.16600514477916906,0.0241741499325966,-0.12386591360058903,0.6425347074568019
21,valid,-7.118426536685614,0.0897622207233168,0.2315573921228651,0.15087938270975484,0.05777246492802942,-0.05582125649524119,-0.026769995045718146,0.12347500044730078,-0.02081114134056294,-0.1161413581982661,0.6681402407279249
22,valid,-7.025010352483424,0.12179118889961903,0.20456110085093643,0.17178139891101185,0.018770334330200433,0.038364443374283505,0.14413071923799065,0.2908448709200736,0.07151123954246628,-0.1278856329234001,0.606160675591787
23,valid,-7.028485127685652,0.0770329016291182,0.33064267873893444,0.12042990750720525,0.03610526353008443,-0.004261511916022278,0.04876990024370874,0.08740466400499455,0.06309336705520499,-0.18443099962242376,0.7630098022147312
24,valid,-7.044986281589867,0.09180252110931819,0.31893208345844215,0.12611292388433767,0.006423692349168554,0.004886251908614241,0.12264637153294776,0.26006528029412784,0.05734162832962783,-0.20195684770488567,0.708269065238882
25,valid,-7.112543011863009,0.07658782121381365,0.11841877142561723,0.14250770431728563,0.04008564340589433,-0.04757325031081451,0.12256716117785146,0.12708149489917736,0.02925733059934525,-0.0332134861620029,0.591631412770952
26,valid,-7.016687566681309,0.10068707479078355,0.4834434357118842,0.09606348403393794,-0.011223300953137673,-0.03704307946241858,0.003821058896127945,0.055097317742618286,0.0474682366693681,-0.2639527183544667,0.7629498561438307
27,valid,-7.125308741201941,0.1090787108303216,0.1629413505262386,0.169206778412569,0.12788041201244002,-0.0318401016720145,0.03713826571836988,0.14365110458044547,-0.021298711550303284,-0.04970886461053281,0.5656426750993065
28,valid,-7.064791650058881,0.10610453817060495,0.13922458742894378,0.15078346785639016,0.08330017733519161,0.02264022993359793,0.10634173587685734,0.1766073706241116,0.030445128121517877,-0.037181573724018945,0.5581911754444661
29,valid,-7.117504517270141,0.0782171093534137,0.21560724846709434,0.11896937811371378,0.10354135762816258,-0.007511954568429154,0.07782881760428455,0.057871153752310674,0.015489254642683982,-0.12739628098867942,0.7128884114157237
30,valid,-7.044399807488437,0.0635336893049526,0.5474950165621044,0.12288794566173208,0.025268820784022764,-0.02860087576084312,-0.019428318384010622,0.07090053225246194,0.04397407498741966,-0.22985465125408294,0.6603742321854948
31,valid,-7.110638639977278,0.1408792433406951,0.1894200153636368,0.12691288150147984,0.05295790430112334,0.016128584385637735,0.14137285532741362,0.24750200545930165,0.10234171221089919,-0.09799899728036522,0.6662240068163341
32,valid,-7.069792408127723,0.09967111036577901,0.39775799111285626,0.12302754827939433,0.07456145923509767,-0.03580929447090272,0.011235736096010614,0.05047317345528595,-0.06267239701110508,-0.2060585010180646,0.7103998054661776
33,valid,-7.0993864700755305,0.1061189098316191,0.3115859950481394,0.11283231472342191,0.14467372820883606,-0.031395557075679176,-0.005440256392146741,0.05903983204108013,0.007716356590513258,-0.17289752372515946,0.7578592837059195
34,valid,-7.02849421760178,0.10781208697233183,0.3822391349482753,0.12334023599591196,0.009999887516854343,-0.06980875153563083,-0.0033997311130547674,0.058516992095824984,-0.022427764443379582,-0.18464675010598658,0.6334786580596491
35,valid,-7.091036296729698,0.09867094922033094,0.11136129373119714,0.13625639196986783,0.029923002088387367,0.017770273479058688,0.12326350589329385,0.4188106729531019,0.12233892973692648,-0.005378515692328538,0.5236017912937105
36,valid,-6.953676776080326,0.10421012612977923,0.37330309489241986,0.14619354992040914,-0.04163217074258306,0.013870873820446458,0.07716419881823122,0.1730929441638721,0.26040834441201793,-0.2324521582999289,0.725165014442338
37,valid,-7.056546490394757,0.05857067547328234,0.28760940903590415,0.14353350618386165,0.16900607860319533,-0.05574790351929537,0.0826848292079767,0.03752466131435141,0.02698923911138358,-0.10931704556031935,0.6936630240860153
38,valid,-7.095467712431102,0.08467118381244,0.24322780268671357,0.14096465386838578,0.044363141696823045,0.025742566530529747,0.018877884418951538,0.16891823915581952,-0.011879584574377005,-0.152968619514426,0.618459469289307
39,valid,-7.012856413626668,0.10908499191918399,0.28139538349807325,0.12279109905218981,-0.048349704519165926,-0.02341083614985829,0.0545993857806883,0.20446671305943045,0.09091752875724762,-0.1604134777239054,0.6860835585042855
40,valid,-7.100795392429787,0.09352647290518304,0.1746789545707136,0.15348891210787138,0.0929936676068375,-0.03612406504567279,0.10304948088924756,0.1720085870281283,0.021137338912582727,-0.07508087706207539,0.5229441355881521
41,valid,-7.022489795133152,0.09361233305813806,0.24605714982051488,0.08098824689101664,-0.012666342975325673,-0.021005327945729763,0.054838704408686025,0.13916444002076642,0.06100648225315005,-0.20198858443076265,0.8194105501196616
42,valid,-7.078991651823201,0.0792444482401099,0.13811414386385681,0.19011214715306846,0.07189100627711786,-0.032298814618123846,0.16993692168000873,0.19789765922315614,0.0492936503622057,-0.024135949812401296,0.5405190899830442
43,valid,-7.0188220246229225,0.10528943996876854,0.1560376317571134,0.14244213592763094,0.03619800897967535,-0.03214715719277177,0.10199313331542638,0.19084438635798284,-0.014948017914057945,-0.09149420528397417,0.5792222945267932
44,valid,-7.061725785520977,0.10080966932413142,0.2335946542296748,0.15048603780042336,0.05003228548990029,0.018269534550765038,0.2148260089236366,0.2207237817153203,0.07511241710199924,-0.1678800096281792,0.6413454236305073
45,valid,-7.031121147389415,0.07010904928918445,0.2860324826312794,0.19839199670895047,0.23701595335669637,-0.021024913998813146,0.10422039693818753,0.08715436301981581,0.12180032793864044,-0.09435785592877867,0.5957616340073962
46,valid,-7.079517713943062,0.09188564094991446,0.2816241591178229,0.1307283673755367,-0.06769370417444875,0.05407211457994718,-0.002319844373608619,0.22366772570470872,0.1713682279545222,-0.18040018202397134,0.759621343797357
47,valid,-7.1179416540812,0.11983708822195686,0.1253580293731859,0.13398574466557067,0.02210812171583953,-0.023150528254108488,-0.009751764518742136,0.19971446583784921,-0.00926725274529704,-0.04559292186904672,0.48588320694884135
49,valid,-6.9711825790725435,0.09919223242702681,0.43885884069500936,0.20823451307277563,0.020318600091864574,0.0029733658388860816,0.030442510445862048,0.15549868106265363,0.056152309206218345,-0.22780909341052216,0.5828727326806484
50,valid,-7.014109988025252,0.08677128467796962,0.4945020951311495,0.11265249887556954,-0.026602044817449464,-0.027948750480197602,0.009974455638248015,0.09736515897354257,0.03254132856473729,-0.26476053785560166,0.6438007973814116
51,valid,-7.134634783134802,0.06185037369818803,0.14749595881150032,0.08492462846739304,0.05758478153036806,-0.04582551236703455,0.09338272718281079,0.023289837153225783,0.007781208767997299,-0.07211872278467318,0.6705799000034316
52,valid,-6.990627975873614,0.08497235792331333,0.13155624322697146,0.10674632680605142,0.05752277381461015,0.045515016432143666,0.2716400246713782,0.13344500137679727,0.028325471139348787,-0.06656406694252598,0.5674006855597588
53,valid,-7.077325586621355,0.11770782844377108,0.23236692662422498,0.10588251156917178,0.06598242070226562,0.06958330618880587,0.03306644606817329,0.2305391554898095,0.10026778018732868,-0.10155866063703077,0.5950681184598472
54,valid,-6.962518731767827,0.06755193616072383,0.30760079795348505,0.10667356797751372,-0.1490225603955679,0.01231174165141714,-0.07133354907993826,0.1761911470732989,0.20794438956063194,-0.2381502591675992,0.7033485539065719
55,valid,-7.141613926817958,0.1056769312683911,0.22149775210098172,0.14454285034001332,0.028148611519947745,0.016526897497899422,0.09722981191036209,0.24292394071588969,0.11757558573373131,-0.11384245948398222,0.6593258280330253
57,valid,-7.060151557319133,0.09554115912612474,0.21742660767544625,0.12430729586263087,0.048287393760352064,-0.013001222004580516,0.11239067818135791,0.16417453644313515,0.027176037320648605,-0.14184996641382708,0.6417440542693815
58,valid,-7.020016094744297,0.08964211116620983,0.4454514088860785,0.1056016786350014,-0.001884907582531488,-0.03927705795381477,0.06158808757879384,0.10752655071330423,-0.012667958565805533,-0.23526962205982305,0.6706385280878867
59,valid,-7.089011755060769,0.07086394251140005,0.3097625997474932,0.08957979908841592,0.19683216463415806,0.01642367567364637,0.02246515327752597,0.050842225309735437,0.022110076265366315,-0.14945673659318434,0.6743915883562006
60,valid,-7.051968814345451,0.08638650326037711,0.4245845664208014,0.12236262514306516,0.022214546657054052,-0.012349281377082265,0.013855596449344944,0.08081227971023501,0.02591631276374225,-0.21665081642338627,0.6727898240164911
61,valid,-7.125826038586216,0.08611376652290478,0.1469388332020869,0.14782975840891374,0.05967205557981469,-0.009894675595249909,0.14397914948941282,0.03453290999851933,0.00543434659054988,-0.08456309332429801,0.5947823766226977
62,valid,-7.063919873247915,0.09513255676505897,0.26910272803791596,0.1314656298725406,0.05466357428111232,-0.04653350719303964,0.09083103209422566,0.17516719320607388,0.050428752454253566,-0.13095919053291388,0.6521942949402215
63,valid,-7.081016979047447,0.08549675507715734,0.47012746247474,0.1062092786632428,-0.0029033889571874103,-0.04044360105275847,-0.03414036601266702,0.10764291529245572,-0.016714749517335686,-0.2281163698853122,0.6815656468586109
64,valid,-7.086054505180897,0.13546485994359128,0.20065765078745706,0.11890970155605347,0.029782000209337273,-0.017159806593804748,0.03876636677072363,0.16280581518882867,0.018837184227445958,-0.1076481576717976,0.6852071600555286
65,valid,-7.043009289555798,0.1340955482091899,0.37329631508977734,0.11247125571113825,-0.038286248386337915,-0.021828329777844484,0.013586472869220458,0.14767366006368227,-0.0034780747398125943,-0.23095814777872284,0.6452648980539245
66,valid,-7.111241324991408,0.12306770503848895,0.15851931817649587,0.13115771110835833,0.056438496241109776,0.02352914313968288,0.1491091828650795,0.24834782515003173,0.0700112866739633,-0.09819671058468715,0.6342037860535937
67,valid,-7.127230299304973,0.05009190276412988,0.41570983291190766,0.21559761785660922,0.09909174666531109,-0.011198496299905313,0.13632845735159277,0.048269344451376976,0.02346449208829638,-0.10641767371295889,0.6612620749579483
68,valid,-7.112147626338081,0.08772428435011859,0.13831029136864112,0.15519302842568425,0.06625550329299297,-0.010975144463168336,0.13005840612306008,0.11696568094161315,0.011501324814595665,-0.06435928507119976,0.5833774702136795
69,valid,-7.056828429494165,0.09845419060215613,0.18661401665803723,0.1188245410020996,0.051140983562906535,-0.04434848897938937,0.12161609571694725,0.2457274717942189,0.025484269016300045,-0.09109811343953278,0.6232540078540758
72,valid,-6.965763432469603,0.1386683933382235,0.25154081909236115,0.15622749262379743,0.034060453881601074,-0.014332980948293734,0.0449115466584041,0.13045230302490607,0.18186865683125492,-0.15809364122153585,0.7007608125002102
73,valid,-7.144872761845256,0.1169100718385836,0.23910439877154405,0.14614850255162593,0.19167543663063846,0.027022271113418584,0.11729284505171554,0.05820099820300177,0.046185154999916544,-0.11011668890041032,0.6586129637518534
74,valid,-7.08915222909431,0.09757722670282358,0.20007756369743568,0.12612162770437552,0.06928553345601714,-0.03829861199704404,0.036446280225446895,0.13136400303912515,-0.030149991786154854,-0.08369403999641051,0.4620488104364401
75,valid,-6.944683099242039,0.09931737543068855,0.1842833864229333,0.12032303187233082,0.017578848732872764,-0.02665645197931439,0.09407875648616008,0.18660705846695466,-0.030225647233540823,-0.1330631103713006,0.6593297759410853
76,valid,-7.073561200588983,0.1009909071801429,0.13105629423470502,0.1289187452720231,0.02969482013334929,-0.038643181535533234,0.14559474467502917,0.20502846757373056,0.03152748351359378,-0.06953521219283751,0.6191610188217221
77,valid,-7.211228114236591,0.07812703565214361,0.1913223959369934,0.14697521122375928,0.0800650781802755,-0.015686824184594283,0.04354733160381761,0.04768704002094443,0.005684333169258393,-0.06900156531587175,0.6115283652146607
78,valid,-7.126340226164298,0.05915468019718714,0.17957183301546334,0.13483433349667806,0.0660852832364707,0.0166886432010934,0.12647283032454526,0.11490364048566654,0.02690482832693519,-0.12077406805702155,0.6349101319776312
79,valid,-7.075658939985547,0.0890983597091167,0.31136651134564575,0.16688426033202522,0.11066333254617085,0.09459402318032745,0.16001750557945996,0.13479238640978763,0.08614822116573853,-0.15943922182883358,0.620805811085038
80,valid,-7.085668726978016,0.12060476781742253,0.1451708441782149,0.13816754991323693,0.062079967266393345,0.020560367822674865,0.018913643704662347,0.11448835581697316,-0.05720652219557478,-0.07249560582975054,0.4919416259391527
81,valid,-6.8927454207729815,0.09459854201263991,0.18841090094864485,0.15644414150467997,0.030935995254842273,-0.4490648468864902,-0.727563647829925,-0.53624887722818,-0.7945396345313794,-0.14471873584860664,0.5640511501136405
82,valid,-6.883027653898553,0.10093034602381742,0.32329447946455486,0.1009831641252521,-0.039601816604491746,0.03933657048082138,0.03181345547462772,0.128778872693668,0.1780998498412838,-0.23965978655700418,0.6624661716651743
83,valid,-7.036876519622893,0.09193180629230797,0.1988074456929004,0.1044035407963758,0.02180147852472847,-0.02773190879916426,0.11286625947272926,0.14741616877970068,0.07183953948223067,-0.1160833948012401,0.6574917008624638
84,valid,-7.066601631598224,0.07018102481898615,0.1370519198340581,0.13972900032766783,0.062021096099447795,-0.059051095323128654,0.12092088071427282,0.0988651085640754,0.02341800961015493,-0.028624161884883884,0.5926911551049354
85,valid,-7.0238255503009395,0.1608336094558871,0.459186522850514,0.1282335287709813,0.026902472975456365,-0.017006541540450462,0.019399689909885567,0.11428413055120817,0.06865278907695872,-0.24128967286531594,0.7168706424199077
86,valid,-7.083621954459024,0.11634794970049597,0.1728381086811272,0.15822957806030505,0.039480525825872435,0.014122728441909729,0.1644634992556549,0.27833192760031195,0.05754499540935843,-0.09890653532212063,0.5812002999893887
87,valid,-7.114158950344451,0.08442280371253288,0.1570331106108003,0.20060773599331913,0.059057352481801426,0.014797083471998592,0.21649764631628393,0.2258856423120534,0.06246142950991961,-0.07696198835287167,0.4857122369028749
88,valid,-7.048789064694511,0.10291163017083697,0.15768885635795432,0.145323589667777,0.037764584563644475,-0.0917241674928389,0.026323308298156788,0.09543971697856428,-0.08131406657729134,-0.08422407932283694,0.6476980867684793
89,valid,-7.057927355270646,0.11891648436944201,0.17553801910924532,0.09273025165190642,0.012330888363693913,0.03434752263391143,0.12610046310488893,0.2652134721102785,0.0919799646541825,-0.14372831743388553,0.6453612968558451
90,valid,-7.055866142702357,0.09955557003460956,0.5034550426030082,0.1107467822367734,-0.028693578524095025,-0.03085446565485601,-0.07240350363772739,0.07505647402356978,-0.037205724204922457,-0.2697665719679884,0.657879403338667
91,valid,-7.029485019173655,0.006104070989554499,0.35486738611257157,0.19942327124264694,0.15778026017084715,0.021135494221211595,0.06970316112859301,0.0072287278485654305,0.16336640860565266,-0.19160715053148428,0.801812682373733
92,valid,-6.897294484879398,0.08658037267838431,0.25110110467052976,0.11976436891776424,-0.018561096667795856,0.03718250485739368,0.13447956508293876,0.13741867956627993,0.20635840449864357,-0.18997384897192146,0.6946035618394638
93,valid,-7.145572556724209,0.0574390948257334,0.34228261492291345,0.14513169150929528,0.16365668291838964,0.0017670085622907724,0.027924676907601597,0.0023165575846671306,-0.005813434503235186,-0.15028544764215176,0.7035717767982237
94,valid,-6.990084156528379,0.10294024297759069,0.4980308798771529,0.10467409976903419,-0.055823454090045,-0.05282104928365327,-0.004560298759768285,0.0611637788489541,0.03854743064138706,-0.28968678285731764,0.7778372871981509
95,valid,-7.1778181260307745,0.07389497650922461,0.18653016142074394,0.11007414220788721,0.09579558351380298,0.009147537429668432,0.016425405729276577,0.10601321833116212,0.08289657242191614,-0.07778542679383636,0.6885531736697136
96,valid,-7.091159180198856,0.11057502248978474,0.16363806206906947,0.1421602093032526,0.081387283389216,0.06352444637305465,0.1146869015028367,0.1909231240825781,0.024969186044411933,-0.07866729259864101,0.46523157934750703
98,valid,-7.071631636088372,0.11101843330680959,0.30374178510177546,0.12089051096001362,-0.025039230401326863,0.019932736754659636,0.09514599179840365,0.2321325510750613,0.1275047034192018,-0.16430861756557916,0.6603456990202047
99,valid,-7.115369945865345,0.09913116545179855,0.3289564053830278,0.17981417664627417,0.09805719705999369,0.03242763496035854,0.16242663368398974,0.1402953068502895,0.06392690469615074,-0.1436929245469476,0.6007607515508119
101,valid,-7.0686531659514875,0.10204026130208611,0.28478674195974485,0.09797731786316781,0.024589976714277425,-0.038844485718817635,-0.0232601175503701,0.09271208985034182,-0.046960383541005554,-0.19709911162996013,0.6345740706523312
102,valid,-7.111803925507426,0.11451529001114566,0.2019722292167851,0.09888302633232875,0.02504206114681176,-0.01576419288011312,0.06469869115558767,0.2950128955259253,0.09296531648397437,-0.134762910853781,0.6445860556980809
103,valid,-7.1010315709939436,0.10241995916649262,0.1927757290672102,0.09920691701801322,0.04287913434989728,0.08406212309547953,0.1496169033710012,0.1867769277151379,0.09672768325718983,-0.15192001664223131,0.693738461734963
104,valid,-7.032406511188746,0.10501631957032154,0.18528138424143567,0.1015234791124914,0.019713573352247677,-0.04080185523138416,0.06463722013638015,0.17156445419206864,-0.01632227424051108,-0.14187983364717685,0.5668739618379497
105,valid,-7.258925452980316,0.11576552094242719,0.09104524074473332,0.14265465134671892,0.05507566200217153,0.001436894269690809,0.16436026670779055,0.1653774728089645,0.09161136974419978,0.041514335350379045,0.5354632544025426
106,valid,-7.1686537465281654,0.09654014737956293,0.18465428685404225,0.1447122054871897,0.10628715918708664,0.07330717381043171,0.13104368494525023,0.1733024596116719,0.052568005730925585,-0.1045789597391188,0.6652063476964802
107,valid,-6.979908984406555,0.09491121328374857,0.1778821410031467,0.09981809765349542,-0.015879152151281856,-0.013054828231204112,0.21632323214548038,0.2790455208136681,0.20305002904216765,-0.13099731411782914,0.7037992205356386
108,valid,-7.089119705822137,0.09252140969673944,0.09875540119053478,0.18017009652912766,0.04289366921179935,-0.31266297671831406,-0.51844066302118,-0.3160372379351176,-0.5290132648551895,0.006040155356125633,0.5214991614369449
109,valid,-7.05392460211542,0.12661243424750276,0.49628170378258324,0.07738283482493505,0.06087497777744931,-0.04258074287752696,-0.018397014876744718,0.05570678502806191,0.05095950632908179,-0.24965317075461957,0.8089869125359819
110,valid,-7.141621980352464,0.10579776316686816,0.16645391337260526,0.10630213051749485,0.06888516861930946,-0.06738407740667068,-0.0008221480178712492,0.06662191305523357,-0.04484318128763784,-0.11853221654452738,0.6612353420940066
111,valid,-7.050516532711225,0.09497013180154644,0.4161719987371115,0.1318713842806397,0.015908674746871306,0.029802817168890126,0.011701009202417923,0.10428275342012419,-0.025757815578485794,-0.24734811776789623,0.6718415985092482
112,valid,-7.044228568837737,0.11108520923312577,0.23344683415065695,0.1431463513685121,0.03200926954512964,-0.014987334790019678,0.10191620662321799,0.1992012848193788,0.06400710688212267,-0.16154519219650978,0.7222096774664184
113,valid,-7.126959591853632,0.07835350683550771,0.15938487471888346,0.18273445243165345,0.0638369575601781,-0.05519055778092644,0.03216886240211512,0.15646470307657734,0.01581613552107359,-0.03260288620072638,0.5428399518445112
114,valid,-7.037364307418029,0.10767772107870878,0.46828160663267965,0.10585665425191904,0.0007627657148736161,0.030742559739871132,-0.01822398418563116,0.06545545669678235,-0.0204176841717993,-0.2568943640754511,0.6805476212331014
115,valid,-7.04648057712154,0.08210150019002882,0.191112407474808,0.1092679612270452,0.039471607797004406,-0.013472968358480787,0.12543219562251468,0.1306647202338428,0.017719370082786158,-0.12840378221338822,0.6669169621094754
116,valid,-7.034404935223759,0.12356674310744266,0.2965899408302945,0.08896475373096716,0.02663352780531262,-0.025748203394478288,0.024562087991108816,0.07959230826346315,0.028345546025297,-0.22123568405399216,0.6820052450925742
117,valid,-6.958280310248345,0.11273253777964636,0.3342417294749755,0.1661428758149787,0.028453274672248837,-0.01010044701290196,0.075963258084025,0.16612301997879383,0.20058330437078914,-0.17395452112723594,0.5738869966242531
118,valid,-7.116286429487433,0.09902106654305082,0.20672500995917364,0.15479089526754422,0.06715225205969168,-0.0024102192666249395,0.023534236465822894,0.061940873170798806,-0.07094534046148175,-0.12141273954499769,0.5434340124920856
119,valid,-7.121466928562591,0.07979639552430269,0.14933829343980184,0.13547980411718513,0.033952095499418584,-0.052517157900251125,0.05264292640423845,0.20180007962460003,0.04054079528233896,-0.06519115342402723,0.6396262953520682
120,valid,-7.1452398487687585,0.10527657020820975,0.1909503898249685,0.10293070949593099,0.040258017509516436,-0.0012195546159749363,0.020493633434020577,0.18473903270185701,0.03084780571587945,-0.14441398573763384,0.7020541527144556
121,valid,-7.037307459612491,0.10501950271923383,0.20331667435579207,0.09504426228029818,0.02060903252745805,0.058040510189840244,0.06695112102106425,0.20767467572245388,0.07798632816002474,-0.13024993691696146,0.7103067535560041
122,valid,-7.117648749876583,0.08705842499327464,0.1463519648438593,0.1887388968332854,0.04789399069423203,-0.02341761634016278,0.06416585488199977,0.12789581362582328,-0.04453045761840708,-0.07164726498762411,0.565638961784154
123,valid,-7.146440896567934,0.09817784061405434,0.15618290513048752,0.11785649065971364,0.1748525292691457,-0.09825961712079698,0.0055144721534580885,0.04397775718417422,-0.035237863248541744,-0.03264139563194733,0.6011374986853755
124,valid,-7.0767666059272925,0.05037406264944764,0.15613512258197154,0.14508702454232555,0.04289789564886374,0.060294769586143354,0.18433707902975977,0.1777441364690876,0.04875100933029232,-0.06572062211730842,0.5203237293706555
125,valid,-7.07718387792092,0.11695110081651199,0.233520113832724,0.1311872001776287,0.026354437949713313,0.04278362576303624,0.09791331701137433,0.17532321651204105,0.04265596376546933,-0.15039865829638624,0.6228787230236152
126,valid,-7.123426042619325,0.0846524540936852,0.25987631695562324,0.13919837367358814,0.026647108578402974,-0.02696879392986572,0.04601692031951019,0.1241764853627744,0.008637625026616113,-0.14245828906280106,0.7221497095033332
127,valid,-7.01595539508585,0.0699430494345561,0.31752439456606407,0.12418644064833889,0.007591250918547599,0.00018295978834769358,0.13558197308358114,0.12704253702991603,0.06762559621410345,-0.1720851753312617,0.6973103455296308
128,valid,-7.16088949695994,0.08225928730618562,0.2821601265850603,0.14183942879207773,0.12477847687104325,0.0301493687853444,0.07283570703105505,0.20101280511281716,0.09516934500915579,-0.10270685784694074,0.5544170090596593
129,valid,-7.1678012308087675,0.08412016981119126,0.1264993017960173,0.13015985850437423,0.05773829893327527,-0.018931666097294346,-0.017089175810574394,0.08594867081107196,-0.027398269907359416,-0.05333010702635183,0.5627140227435906
130,valid,-6.983636864441583,0.08544629126916939,0.1356697795463624,0.14697237574299754,0.021306109122969163,-0.029005852474425595,0.15060686976342602,0.29970875363971194,0.03525148524491905,-0.054700012162704356,0.5757373884285613
131,valid,-7.127057589183602,0.1356121674289337,0.23125646775624328,0.14503977373390367,0.03850559950988661,-0.012668677910282405,0.058325264267169524,0.1775830713343347,0.014352589704392545,-0.13727123636224567,0.6513317926861018
133,valid,-7.007699263418375,0.0946855688812607,0.1269530712257269,0.12729820303825073,0.02816523304922077,-0.06222453610265634,0.17241430868092847,0.1812104351383074,-0.0028040030019126053,-0.054959496415960644,0.7012119653305172
134,valid,-7.071783871025614,0.026213113826360455,0.21813091561064743,0.11046390389069255,0.04539657667464014,-0.016751591149676906,0.1280968992800669,0.07066453300712378,0.05779542746813486,-0.12819947217853347,0.7025655520790368
135,valid,-7.070191661467952,0.089447256648936,0.1759442516733864,0.15924276038270757,0.02912221214836189,-0.015870319181177244,0.06853392466934645,0.19132715131657682,-0.015101304264938808,-0.12678109137443042,0.6093967610400229
136,valid,-7.08438618294973,0.09114048950933884,0.2909957330977762,0.08799355690388307,0.032677946313019124,0.016180608816712523,0.0494016499787662,0.11507708066379374,0.01582859531335289,-0.21717329272974237,0.822454539555157
137,valid,-7.119003192026629,0.10166303317103721,0.1552113309304057,0.12387974566576135,0.023984490004111368,0.0003681482671873312,-0.019279566696900802,0.18956254327780134,0.031210494685274048,-0.06504663957533448,0.746487123127664
138,valid,-7.046426001918947,0.09426619291745815,0.14201106351145062,0.09049935563121728,0.0007740077297737586,0.02637060026122235,0.12309984086112148,0.27348234569260477,0.154984440047168,-0.097345800152555,0.6932627610536335
139,valid,-7.028086825431851,0.08114896119181235,0.23363037494105676,0.14119847445219222,0.028768401282374685,0.053361210358410106,0.14765224911451177,0.1474034353294526,0.008507930664623601,-0.17826028193846216,0.6859899634164429
140,valid,-7.19033661643127,0.06632107227576754,0.24730823226140347,0.140800823261467,0.10148739313484359,0.02729559572152174,0.15021570423564526,0.1070173731893936,0.0758951624033699,-0.14023168142540682,0.7242852729567852
141,valid,-7.01357257955725,0.08943385061389168,0.18356203876861749,0.08549734623338785,0.014661411618887956,0.0331443576050582,0.047888100803574626,0.1638350844694683,0.07173693688509014,-0.14941128231438455,0.627899762490239
142,valid,-7.0002202494621,0.1147970723911084,0.3354848146231689,0.10744377407644472,-0.04194443579537649,-0.00017450960035055905,0.02329128218868793,0.13746614624503464,0.03066730056195377,-0.19867788090397465,0.6111074127907409
143,valid,-7.188533715654174,0.09205696053655335,0.166802040904263,0.13809620022704563,0.11810294687258872,0.038337254994137114,0.06560633700904007,0.04710781560743985,0.0030209085831671137,-0.10328780618613007,0.644486353821656
144,valid,-7.007439412082994,0.1198501165602285,0.27362401265692365,0.12855063033722794,0.03004153240150585,0.008424539380737698,0.17217571190844635,0.1648279481697339,0.08711535436667864,-0.18451395641488902,0.6776638056034837
145,valid,-7.067697566365181,0.12387315836448858,0.26823090138902717,0.12410071295184387,0.0477475061525953,-0.035652321881474255,-0.0045840692731016425,0.12609189991235328,-0.01709833605124981,-0.19194627528888336,0.7090321044144571
147,valid,-7.061560609920649,0.11383831617985003,0.20926209810275626,0.12429817506106551,0.027820838448525967,0.0036104165100017196,0.09059627957982937,0.15921801942810632,0.037089132051896755,-0.14230299224958176,0.6641052724616358
148,valid,-7.027112502178812,0.07526520330195217,0.4406375891769244,0.0816877444330142,-0.007915534704031675,-0.020452806751558535,0.09992556986244157,0.10195918094447344,0.013771822872919021,-0.24155783133482495,0.799351391183222
149,valid,-7.071011776574251,0.08571768988661556,0.18819743937342737,0.1691518437000431,0.00574078719735933,0.0021134883785781542,0.0709305258364889,0.22820321028021393,0.05146552792931597,-0.1061204090045682,0.6030007752868487
151,valid,-7.0031500267695606,0.16443015152817433,0.31375915572805124,0.13073215939181312,0.061916189901885195,-0.0818935286040668,-0.006018170956323716,0.07153164997422777,0.03687503378015331,-0.14012481091583648,0.6252573556185833
152,valid,-6.971191676256883,0.12534429335901423,0.2063749815320755,0.10748940516225804,0.0984608819338517,-0.4934597723004731,-0.7343130758816272,-0.5975710215382135,-0.7719647782512591,-0.1377785307402064,0.6573113720726818
153,valid,-7.045351933400446,0.0759859239473384,0.24084666384159453,0.12573932633052434,0.1354845075942705,0.030097979566169206,0.15237192431231147,0.09244527496418863,0.07894723993389209,-0.11450402107111403,0.6669345706746849
154,valid,-7.028439301185676,0.07539083920658489,0.3168271613193305,0.11536686299914065,0.19169903775668146,-0.051076371416863615,0.09969889992877498,0.07943188773972545,0.0491596124691032,-0.14045667288859914,0.6362803646581374
155,valid,-6.956061076034936,0.07900717110418647,0.17612972915447184,0.10835561069821992,0.011884444364944347,0.029359923579418315,0.09820354379120438,0.22919424105934208,0.013316252903452445,-0.1279345692353185,0.6656970787342653
156,valid,-7.164427174993987,0.09527701842143856,0.17254372706487486,0.13902293563772491,0.1019835533359069,0.056521284443362914,0.1038530661550039,0.07761709286296911,0.0632910612574671,-0.06458189573395556,0.6349243478801658
157,valid,-7.019270301447205,0.1280830078394861,0.3190984519902159,0.12346869908396123,0.010094904518435683,-0.008482588039863887,0.09427426755052289,0.18461004068950124,0.19498556462309935,-0.16112008719629634,0.6097555037651694
159,valid,-6.886544188765373,0.1654580334329918,0.3049379175228366,0.13824253878189566,0.03622143123494718,-0.4799365654994637,-0.8289846543822019,-0.6244230356876578,-0.8058976322059063,-0.201294477129021,0.7293594404642251
160,valid,-7.098108102939245,0.114266230377093,0.42483661492371655,0.10068540482590634,0.0189700725141048,0.0037488924339321213,-0.0004081318526090594,0.07810174151231628,-0.02414949938011178,-0.25413607089957385,0.8419162817604328
161,valid,-7.076885175437144,0.10895179758969543,0.15823755632594733,0.08626193403520357,0.030032443300678478,0.20266402380156465,0.0951171165783028,0.25604831773677716,0.1245046993155597,-0.10723496337458872,0.5983598687799688
162,valid,-6.989767186547696,0.08312058754552035,0.4449764523704666,0.09981810825359741,-0.0431034263114264,-0.012461533568832034,0.059343868866553566,0.151644967057357,0.0033548570317803385,-0.24044559247297373,0.6549284073902635
164,valid,-7.03430208141576,0.09251713840147696,0.37918969429983407,0.1098877122374376,-0.03441880766953293,-0.026521691059375147,0.049458521068558435,0.119447056641335,0.024662522188927154,-0.24241894141697465,0.7683156922628418
166,valid,-6.979517069936227,0.21227505819638964,0.2930270869593841,0.1404573464340266,0.006687174487906675,0.09012542293504258,0.20181397619042338,0.21148153590421698,0.17089984719865245,-0.21013734626957745,0.6375512228193632
167,valid,-7.1203995212409215,0.08734124199237234,0.3607458609364976,0.1038130524022931,0.1900114196550792,0.02962427503937338,0.11261293145029357,0.1338570541389992,0.038174928100012086,-0.18493148352306443,0.6025875869200839
168,valid,-7.079279331360579,0.08500784254247656,0.17327594389646905,0.12970781310668766,0.043280721721382746,0.021323854529639898,0.053147393070093536,0.1924004278730534,0.0001262721361753754,-0.11836289574334868,0.5683356294386618
169,valid,-7.121630497561076,0.07030573165049422,0.29617334286135005,0.12056842098421124,0.03715091695995132,-0.03383034420268179,-0.005431001295538912,0.059550631953038446,-0.041110327499078975,-0.19052144538660656,0.7165325940072333
170,valid,-6.8896039645763025,0.15133869278257853,0.2999179069040778,0.12783091069734695,-0.03594055818367427,0.04442265958824775,0.08260643684626896,0.16680582101524252,0.24037007838437707,-0.23272972357687685,0.6775020807220405
171,valid,-7.035449748763478,0.08479384455630826,0.21430705743918368,0.12804862181427554,0.028706955504091622,-0.053298980968365495,0.05835504369331785,0.18162122677761328,0.0006492762291137878,-0.12151296280937544,0.5965328028247083
172,valid,-7.110354821913655,0.08878801709089643,0.14322772693252514,0.1601988610770451,0.06138150832048854,-0.013487580545965244,0.14526273495617484,0.11384060946148404,0.005064706784695498,-0.0804773890728322,0.5507248401259391
173,valid,-7.028796448603397,0.16132076936460085,0.3400021391080252,0.16468330485897037,0.1611332140394321,-0.009529093600984952,0.08434074639585802,0.0672315142669182,0.045274813056907316,-0.1467544930836424,0.5825428707162621
174,valid,-6.976105155376617,0.09303610472666472,0.34027284863857254,0.17280166502261848,-0.046792646820672405,-0.015353909220590848,0.0937129114214383,0.2028397282236549,0.049474451685316875,-0.18337017669727684,0.6543064980028402
175,valid,-7.002798100717588,0.12459331809078758,0.38130250854239944,0.1187959703565602,-0.025459121949835992,-0.00010225962910051011,-0.03919172657628145,0.052750937865287825,-0.01728391824511489,-0.24190999342286368,0.6681926784775053
176,valid,-7.122706678267657,0.11157235975761932,0.24681782738507868,0.13093453974321914,0.04667095020683694,-0.03608487487499182,0.05706102483880684,0.16269375851322132,0.011031436410789673,-0.13536985781652955,0.5476933543646353
177,valid,-7.070574529340237,0.11753690992787415,0.1391040646459764,0.10733621873665625,0.040728809711860936,0.023878858556326113,0.16360905100864376,0.2320319202226782,0.07213601089315463,-0.08867594406227393,0.6340780254221646
178,valid,-7.038806831964244,0.11381251360116626,0.13050271108068145,0.12387742730796199,0.04180416592259229,-0.05168238000422375,0.06330625627281485,0.11682394586658155,-0.06853699384020022,-0.07819730263902787,0.6081039110468245
179,valid,-6.993369207111799,0.09011730121216065,0.26609489027651223,0.14257071872251084,0.05007869246495752,-0.03412279526906747,0.0912406438993847,0.1255118131196933,0.08401048492237544,-0.159296070319704,0.7323532673093939
180,valid,-7.126372053416592,0.11339008628396811,0.15700112887413958,0.13408259542563938,0.03605232195059743,-0.03729979152778223,-0.008770401441725187,0.16672607979320192,-0.010754753921092548,-0.07582442166870319,0.6752975925435863
181,valid,-7.1247491924602055,0.09951842635721492,0.21312335693865558,0.10177038673969978,0.01608030732920372,-0.0007054007087584378,0.10131167583945341,0.21703952142647362,0.07344149118786626,-0.15718425769268934,0.7230132669228547
182,valid,-7.0685364663552805,0.09461907268281439,0.1827579029579238,0.1267351801843535,0.0350178349778834,-0.03923602454561208,0.08262962066940144,0.18779036291173248,0.07252568647680992,-0.09099770157031772,0.6527058790373456
183,valid,-7.098442994011477,0.10090502832006376,0.36626647474168694,0.09832123516416211,0.028801119169674205,-0.01892724249811279,-0.09468145303852948,0.06982659615337955,-0.011223312505609073,-0.1626300451651336,0.6476181853360874
184,valid,-7.159667190749094,0.07957467290127437,0.1814112296534915,0.1614434095657833,0.07651467100769675,0.027364292603699887,0.12251759115278778,0.1637640183319447,0.06881158078486714,-0.08853298463401904,0.5861932178819766
185,valid,-7.037402524856682,0.10222090575311832,0.19077419363480214,0.10761974330067486,0.037222096139561824,-0.014026478857760486,0.033333163975345775,0.13024900258843738,-0.04791779387229108,-0.1657844243080941,0.7134973799395304
186,valid,-6.9972142754128965,0.08772540972906967,0.17455228562635336,0.15114694254640315,0.02423914092514125,0.02106574189124995,0.06217238439427211,0.25524501603586097,0.011974992760635558,-0.08843933403541944,0.6689784235129401
187,valid,-7.10554593151512,0.11012835431933965,0.20614158044802608,0.13454254164785803,0.0304900295604969,-0.011647598275138225,0.05289852103105005,0.18506025079671742,0.0633390440435858,-0.11608755447915178,0.6476313851436789
188,valid,-7.0751273914225195,0.10083569995063728,0.23081607036738433,0.13257433111436578,0.008805091828229595,-0.011337554359145975,0.07944524600465533,0.233879831635631,0.09416739283205906,-0.13860095779502737,0.7103788093596867
189,valid,-7.127565843931565,0.11113138629448947,0.15409967410714212,0.17672562085672677,0.05833540179408014,0.011272989337521442,0.12544018029450169,0.2205064707897668,0.06584533334263185,-0.03662262280143017,0.5269608852326757
190,valid,-7.04941073970258,0.08323871662198927,0.18652820939755535,0.11654165541895922,0.024640906767100127,-0.0657475721245194,0.06345198603608505,0.22164999352824657,0.014262351347265376,-0.11619323781979796,0.6177127475255973
191,valid,-7.070647367543908,0.10695663475331699,0.19437832735082752,0.1171979660727893,0.01656598124008859,-0.034545038140049056,0.01991617422433414,0.15062745405355438,-0.03991600418160932,-0.12173052088261345,0.5639820677849062
192,valid,-7.016328248154175,0.07779086676673252,0.11257161128000298,0.14377924857215615,0.027307581053984484,-0.34599434123701966,-0.5294245182515757,-0.46023019799334847,-0.5741003383134592,-0.03267214447107306,0.5738618488900484
193,valid,-7.099105937595102,0.0827529482796104,0.2405969209280118,0.10981512094663835,0.14167198234223516,0.0681459876254807,0.04174209719788013,0.11169773215495217,0.052333220216371434,-0.10357710496154021,0.6610627902307155
194,valid,-7.140336557029695,0.10196144270302065,0.17232941845746055,0.12359657555626145,0.0713843789709008,-0.030801021376235263,-0.009269659425484281,0.06195417724876293,-0.0546118260663791,-0.06136663421835333,0.556178505910092
195,valid,-7.09478741758004,0.10064714606552373,0.18605703435572296,0.1539019982035422,0.03921803402930953,0.025483446375270828,0.1598230890753685,0.23693585158710584,0.08778977940537944,-0.12729077726216537,0.6207897141312156
196,valid,-6.986641814255454,0.16295413177197693,0.32073562094696223,0.1437788593093365,-0.05077875430614999,0.01991605887799542,-0.002095299501031655,0.19200405150426872,0.0867988444875455,-0.1631617560273957,0.6754740780062279
197,valid,-7.054699571140463,0.07581368746996585,0.33098746813711555,0.1583826560312382,0.10083424059538337,-0.021157007835278012,0.10470334888897813,0.0597787288587561,-0.004503341164592568,-0.12855957499851997,0.6146045326084822
198,valid,-6.964407832730632,0.11494907913675784,0.4064383257999865,0.12125894945093979,-0.041419156578837546,0.009924653636624967,0.13393720512244967,0.15517956906868366,0.08516588468587932,-0.1951736878565776,0.5507572205241517
199,valid,-7.149246630120913,0.10626833648523364,0.21684182645507658,0.09546500970696876,0.06044871949239719,-0.03256571335304998,0.017542339123720514,0.11594825218236395,0.030336971605416607,-0.11946193863276547,0.7307721755551936
200,valid,-7.073178732913334,0.10784080388204831,0.23180915510506675,0.11445315568636712,0.03248351344864828,-0.004368513171614544,0.05831402035678327,0.1774306039441674,0.030194224339526135,-0.16656994134194722,0.6882798663220145
201,valid,-7.091801090181573,0.10681589111914547,0.3210505196158246,0.08796852175051141,0.011690948420648243,-0.020034360811443778,0.04449839947998966,0.18831995471601312,0.04262257483471063,-0.24402136045298475,0.7063363834963713
202,valid,-6.9939347859953696,0.10077251487318385,0.273997357388813,0.13389105152528852,-0.0012963137819191899,-0.04025903303316561,0.026305911992834212,0.11513329635708384,0.054537188761858084,-0.15563933762331586,0.5242408355956979
203,valid,-7.025711626065181,0.1396845867280214,0.23319302180402232,0.17905180366199724,0.0914862848508719,0.10217030757319724,0.14104803666907512,0.2194254244532933,0.24075820420907204,-0.1135506062999311,0.5006666982415782
204,valid,-7.104835204224532,0.06946185470154496,0.3084185735641485,0.10284769080891293,0.179458295978896,-0.015129159898024366,0.12129610801498421,0.005828961621159495,-0.03082366396188376,-0.15391470394493273,0.7153916499054074
205,valid,-6.927372418099288,0.02236656246501764,0.19240666092796646,0.16815587031535234,0.007500227271400203,0.02479388080418,0.13464168278594782,0.16191457751054184,0.2445762459416128,-0.124772996194098,0.5763344374165544
206,valid,-7.160124332798874,0.11183488667800434,0.1789104898138551,0.1312479893011288,0.11082614992019059,0.030169889895886915,0.11933221154567845,0.2154626911354002,0.10236990295647218,-0.06733551653231681,0.566381492113629
207,valid,-7.044390644145636,0.09900186524514061,0.1518028215185744,0.12938864106750106,0.020256545391839877,-0.06387694289337954,0.06146492009358697,0.18811789475054674,-0.016634819057009156,-0.09244798410999544,0.5918779133100499
208,valid,-7.0867817509445485,0.08257036136888586,0.24477387919259005,0.14647508794072042,0.05499827085418555,-0.061068709754811164,0.001165198356054274,0.10772353307560334,-0.043639876828735234,-0.14775260717095445,0.758905388062824
209,valid,-7.119595265558556,0.1331354599605409,0.3164802189628909,0.14730740106150703,0.15088661071862536,-0.058500295950746795,-0.0026416345102343282,0.03816368075117028,-0.07761461639799273,-0.16003510512706487,0.49748736804720217
210,valid,-7.040179404901374,0.12621536420136112,0.3079971916501081,0.10762746075462215,0.04856250860695725,-0.0015489739920794274,0.020031114776771535,0.1132244506773874,0.02018651532327663,-0.15954458525381737,0.7057292949742171
211,valid,-7.143154554037006,0.1000175487466783,0.21835531732600044,0.11736470479159218,0.03080958170815879,-0.022324589025597606,0.007011819369854052,0.16374695459554944,0.01887920613984752,-0.15661014389841565,0.7192579767963313
212,valid,-7.125422544681672,0.17560524622899745,0.15939941972982455,0.20115931098233328,0.05727008156160695,0.0551445210942083,0.16085572178972302,0.19641268973577014,0.02483945815964356,-0.06566974823711781,0.5015382384244385
213,valid,-7.075355461920519,0.11028644444647338,0.24593674118389602,0.11091583236120788,0.03795555955658784,-0.03866834178337255,0.004159133947506746,0.06758498721084143,-0.03620512019499477,-0.16383732066980644,0.6941490292699009
214,valid,-7.04047117473253,0.08538101846057831,0.19956143231683782,0.13068323365388076,-0.011702151693219363,-0.05226804210469413,0.05725407772579687,0.2084126768224257,0.10413317370614772,-0.12643407396472872,0.7101301651452798
215,valid,-7.0131613831996775,0.10659915484888575,0.2946866122263738,0.08171204041969185,-0.0017286511930519877,-0.03736294044775372,0.12420777642811366,0.1601488093309532,0.06505883848258813,-0.20403316161600268,0.6621185959283896
216,valid,-7.066107266017308,0.09378619871600656,0.20462105885891038,0.1299422450665051,0.04203226464189468,0.07634814550526968,0.08174515868953909,0.17937368395290246,0.04873750982268646,-0.09394344253392269,0.47576887556819397
217,valid,-7.0536872858083255,0.11940947054482026,0.23404692188293955,0.1393906107086679,0.05424539387639123,-0.04585099866530446,0.06177344089858139,0.1247823974367802,-0.050670792834472476,-0.16743211945511677,0.5793057674685465
218,valid,-7.1087461891185715,0.10507095263508932,0.1482808822950965,0.10887198173048536,0.029630492658267803,-0.017631935049122985,0.0010377760576188568,0.18929041960635695,0.006699057315849912,-0.10693391913380845,0.6484347020985695
219,valid,-7.0836646043935545,0.09627434090852889,0.27585818479480173,0.11683567944887548,0.03859411689368387,-0.03712333615886246,0.03152219280446645,0.12452526223409213,0.004936741804465785,-0.19271769431105668,0.6783817696112721
220,valid,-7.099298741007855,0.10099884752754688,0.12115944601633576,0.17348425077916713,0.0376861196812196,0.0018103984327052446,0.14037164974865118,0.37895911352296435,0.07455519034361836,-0.039099149348580366,0.5033050668861613
221,valid,-7.013758276458101,0.11727351611379887,0.45095723179773844,0.11261990991465363,-0.04712758493422217,-0.015478122299677342,0.03517567685651395,0.16599034782529257,0.08962514456995425,-0.2360504578767401,0.66856853636322
222,valid,-7.057868110767564,0.11549889636190083,0.3369280198914519,0.10438374342329061,-0.026862429216453074,0.052381831843469756,0.06258276890482933,0.20005415238808072,0.0904656831218682,-0.22089535881778105,0.6528140455328225
223,valid,-7.0795642971867165,0.09539903089780573,0.2335258456420893,0.12806214213716527,0.022836489874472943,-0.0001744021882259485,0.015166354686411492,0.14119540291274288,0.009745985385999642,-0.13879901640666314,0.7099827589330362
224,valid,-7.128580072758345,0.11058450986285774,0.2005857514308663,0.12005451024346905,0.27195344874577476,-0.00844388918581583,0.08938306799730486,0.1626610719964547,0.04011294131721851,-0.06290776754338359,0.6476679387596299
225,valid,-7.123977387341218,0.10295462016483896,0.1694745320141546,0.1201483436668337,0.050133839159134004,-0.041274682258799295,0.02224374698508727,0.15041914860035258,-0.018777915916015544,-0.11020068185022958,0.6094049085436416
226,valid,-7.062115187638513,0.12843509505562398,0.16674050778744248,0.11167556611999459,0.07580597046975794,0.05798898344782735,-0.009823730855979828,0.18220734112607098,-0.04007769364358279,-0.09629000364625317,0.5781140471877767
227,valid,-7.088678896073453,0.12869179377533235,0.3570957264677198,0.10236462045319264,0.06122243443817011,-0.041517464880273185,-0.008397630729101754,0.10436319117221528,0.0013457796987169158,-0.20745972492561615,0.7420005410800263
228,valid,-7.055399875396372,0.10292726500699399,0.1411373417705712,0.12147179349691895,0.035114949934496154,0.08100140767269175,0.20029751081765254,0.2361669306033406,0.07999758409914665,-0.11523216215214142,0.5659268526652278
229,valid,-7.055449219548343,0.09066824929200122,0.40635569194980403,0.14861132228213592,0.025120828103580132,0.0022540570948734566,0.03756836479417847,0.08651320972192009,0.041263881812244725,-0.2139834527052283,0.6428751110629302
230,valid,-7.051063946275388,0.09731071396683029,0.20674651148621237,0.13065626828059174,0.04430072461660057,-0.0006151000587563452,0.16218028855316152,0.23477249997158844,0.13860711251837377,-0.10411534765876057,0.7105795594468987
231,valid,-7.016652293149138,0.09383533223200553,0.16000711198093376,0.12494286442060787,0.039886985681331914,0.02104530795652205,0.04431382886689619,0.18429672372275127,-0.014966066057340995,-0.09057806782163032,0.6126328232318926
232,valid,-7.016646955405353,0.09974174584234953,0.4215568414958654,0.15718245648093118,-0.01705112573672483,0.04259758337105522,0.04429798407150097,0.1780198539919643,0.0827488068954255,-0.187594200047683,0.6462072499421657
233,valid,-7.0928667797134874,0.0883128080694734,0.17535923814952525,0.12556755522679683,0.033223816295224785,-0.08141027590310529,0.01927617654474573,0.13949893855624268,-0.02127487728544902,-0.10233726063620233,0.6430962140957903
234,valid,-7.106616742910163,0.08685270524360382,0.20201383824094551,0.0874488734202269,0.026918678706265867,0.02402910844751224,-0.03871699015565847,0.14348913868184598,-0.002230842491521435,-0.1743666307845702,0.6970845654143916
235,valid,-7.111768774204378,0.09301172839757647,0.3042507999127782,0.10595214553112363,0.01928086582625296,-0.030318574767988046,0.009125517130222619,0.13684455890985806,0.012845291559638115,-0.19215283782664438,0.7240464153035489
236,valid,-7.0574557189419895,0.11817992748875018,0.24763858887320728,0.13645038073783936,0.02965425180815889,-0.05075508288449857,0.04424462838354214,0.14894418541995538,-0.004599125368372181,-0.17028295710125552,0.7078258158329791
237,valid,-7.059623605598083,0.0904750225250943,0.29193743419693113,0.1193093190015057,0.01673419655992543,-0.013270451904105187,0.023779064010091423,0.11042736671720348,-0.027111653886564297,-0.21397719450292874,0.6690100243651544
238,valid,-7.151690475214323,0.09240299360156783,0.2737457962489638,0.1135213867753251,0.19989880629770818,0.0007235111287817815,-0.003934002758842914,0.12392448059031222,-0.01696293389930304,-0.12350961502853772,0.5719477885831671
239,valid,-7.142689812194555,0.09075103399532992,0.2387793050859297,0.12470770824041226,0.0708359028018083,-0.0583579282518374,-0.01830116929414627,0.13131183110723102,-0.03393436457003336,-0.13454290349112213,0.669315879380817
240,valid,-6.984206869413688,0.10085878259324853,0.18761566542609104,0.13145465367904957,0.025343569306780698,-0.02588637109816266,0.08472191213002161,0.24049285747662635,0.010225393667461528,-0.10078460060103461,0.6517486884369059
242,valid,-7.072653699798717,0.11520565743637468,0.2685961428970492,0.1874047710715777,0.10106004367601988,0.042426175799783646,0.15863388287250768,0.16490146552253038,0.19412413479543605,-0.10858518487096883,0.5526771544728883
243,valid,-7.052898529239097,0.10528271795081709,0.23562538748218392,0.14036887384306593,0.01359024710429397,-0.051479905395281494,0.03076024212006333,0.21405628000028817,-0.01938391129957665,-0.146556859214816,0.6612180748381514
244,valid,-7.041421564921471,0.11031655222826386,0.2145277293435542,0.12090077799958396,0.029896033182149378,-0.008270724217219073,0.11648210648581782,0.1807692430222522,0.03149218406203458,-0.14557802532643324,0.5531767888359789
245,valid,-7.054365158836829,0.10223030015521993,0.22554071654092833,0.10958225412950696,-0.011214994640601524,-0.005726350991152535,0.07820403713463372,0.2804339517752157,0.09043604953698466,-0.15520711867691134,0.6565350768242093
246,valid,-7.07246486653238,0.1026486468637136,0.2852220270772547,0.1037479519401177,0.02491587738368328,-0.009777787216880617,0.06116077700913493,0.1307458870746664,0.011354224461581889,-0.20574215360401743,0.660158822989155
247,valid,-7.08956307557222,0.09350638152173847,0.31749742845612877,0.15371477694931474,0.0757913738984784,-0.02011752759008254,-0.00705119823272322,0.028775598016740712,-0.013111548205034929,-0.14226817517663207,0.6384933149563825
248,valid,-7.077432506926389,0.1143973475664579,0.45493497124702814,0.12934531913297284,0.034834708541341096,-0.058741386781217916,-0.04984589710334147,0.06147457849276005,-0.07868100177159236,-0.24787732062664666,0.6897405182140294
249,valid,-7.1627626461215455,0.12161280911934182,0.10434236501212202,0.12079000366717157,0.04195919623875017,-0.022961772927086305,0.0895975769797359,0.2675567443596222,0.061625873740132786,-0.01741332582240375,0.5618917830697556
251,valid,-7.072476234857655,0.10568561034497645,0.1576902473728971,0.11704059109048154,0.03242154573075375,-0.040904284473782436,0.11312926794877015,0.1899434480489939,0.03913911432948082,-0.08551349069397045,0.5747450164041121
252,valid,-7.104892482944787,0.08939882579767139,0.2558631032263708,0.11016895151495203,0.02956987660444583,0.010494911569207482,0.03236333758402367,0.08846104898925967,0.02768265253461144,-0.17024541513846594,0.7456039484306745
253,valid,-7.101289433611802,0.1134143316280895,0.27540233731087205,0.1455802141429435,0.10560043604619479,0.020600407749493257,0.0755225571808321,-0.004456418027068246,-0.004201077705026013,-0.14227648038084673,0.5447153993061192
254,valid,-7.166130281770499,0.10760854723768194,0.14590979158753872,0.1322040966456667,0.06717236327115725,0.018710449234557048,0.11851512338204953,0.2624319324953288,0.08393937300118894,-0.05692944431734317,0.4537743116807766
255,valid,-7.065086810751036,0.04637340357753994,0.18431633631959107,0.18605117303840435,0.018334214065580695,-0.004299626464472691,0.07751363502238345,0.12488595113114703,0.007851691719306738,-0.09562995390437803,0.5672526252942389
256,valid,-7.155523730319412,0.08126618681738529,0.15516075371426408,0.18206518486538734,0.1002425380617411,-0.02027509203842439,0.15580240441874632,0.1520353143484152,0.015052758077347513,-0.03677800096542943,0.5646494503878318
257,valid,-7.140134804369242,0.1554442763470789,0.18024025214255096,0.11162481319544605,0.04781857816246146,0.01642614800229556,0.055856743423479654,0.2316370252380871,0.08034370483469194,-0.08136281349931437,0.7119912050605146
258,valid,-6.898795468542224,0.11086402951890456,0.27242177119850386,0.13486766406484427,0.041214109725568625,-0.5370430950029946,-0.8703260792468386,-0.7197272022050533,-0.9288887168192513,-0.21870316462231235,0.6352744327529514
259,valid,-7.074071583453987,0.11971683286916088,0.1763423968304675,0.1023139278303092,0.03563421812873076,-0.03404651076735059,0.08854537469127909,0.1935385592597305,0.03596733485489403,-0.13102422167927094,0.6661231100592642
260,valid,-7.095536295528038,0.09140931327066333,0.19265651203727113,0.1338503085606482,0.032601711085562174,0.011167468697847776,0.001656145097537311,0.12503482700479737,-0.010125149059513231,-0.13756922757770684,0.6377957685667034
261,valid,-7.077862730480082,0.12358032109879494,0.10615098028075265,0.1256919319126444,0.060963127789086594,-0.03508461432014584,0.1838344146636288,0.16538936331384793,0.035174900156752544,-0.03456699094431766,0.5639223274119194
262,valid,-6.99656264019017,0.08321946465474325,0.18386512494653984,0.11590326814348245,0.006558761700409185,-0.005449710975085932,0.023938679115046442,0.1874932181986156,0.0515298518821685,-0.13590095426576534,0.6371110655737907
263,valid,-7.10272281787454,0.10237027535628611,0.11949028416004642,0.18219902480792566,0.039459716665420495,0.05116559217202433,0.1598462422898615,0.21785157308459083,0.049988215991574304,-0.03346779932687894,0.4618431033860202
264,valid,-7.084390296978985,0.06277825468532759,0.22190023915865384,0.13996567902315085,0.0770266855073469,-0.024206262862551006,0.12302161611226832,0.11286211603580486,0.02588707335227235,-0.12542094898168107,0.616020302409289
265,valid,-7.013558240141933,0.10710477755064757,0.24314282078439242,0.10611284443890107,0.01194156829252484,0.025863125195984944,0.08791958981105927,0.18688030098930522,0.04326790791924861,-0.1775452702832089,0.6631276028812252
266,valid,-7.110251224027546,0.09112285003705078,0.20083526656257875,0.10819738253825625,0.027676039750400668,0.03201610716650161,0.033674257621654366,0.19498268246357645,0.05187451221010903,-0.09961781291508187,0.5519100054457713
267,valid,-7.034538800526572,0.09074905792507496,0.12572973383080324,0.13670961965605163,0.04563432724163973,0.024265769444975688,0.15664406753126392,0.08719252440174571,-0.0179277081469771,-0.04522373666717871,0.5618844452782294
268,valid,-7.068277351817994,0.08730642698061147,0.42943680239324644,0.20618099858529296,0.038940520904282364,-0.0406465581572738,0.007801517556293962,0.03573228649870744,-0.07558847526092907,-0.16471436875139775,0.6167548338756101
269,valid,-7.007455574105786,0.09424824657333751,0.3624328742619188,0.14477164862822126,0.06283905444232632,-0.032994942591603064,0.024533926817322683,0.11013015794996964,0.10193230847579489,-0.17101919791816897,0.6110002768824628
270,valid,-6.997235090272013,0.09600329951053817,0.2795155802044953,0.0879828762451461,0.03037922504879915,-0.04534574680943593,0.09008532986311847,0.03644017367735027,-0.044669801341677626,-0.19096016858686135,0.6626763821001354
271,valid,-7.0027196124629025,0.09243001832596874,0.3829480113653673,0.09603346535378192,-0.09640856914454116,-0.0025311013831727453,-0.007358867757227647,0.11209091415916254,0.029426929949701836,-0.2287601784718083,0.7198922581418451
272,valid,-7.061958877339786,0.13360492302239815,0.3072313869236311,0.11079485188777739,0.05108587202334739,-0.07969445739991508,-0.03675555819017751,0.07359888100461029,-0.032183640888320424,-0.14972900126079786,0.6451353701468647
273,valid,-7.075949423350666,0.1423101487571474,0.22661247224925987,0.08340488395393107,0.04347408362970361,-0.008546130856383597,0.0031753546013040448,0.14412916831443012,0.07194217346373194,-0.16794059533127167,0.8156431096149541
274,valid,-7.10389857260331,0.07119348001416931,0.36728588121219824,0.20901160119173232,0.09548729133052178,0.009416516112853246,0.0872254827610698,0.12645612067886133,0.002120266038478187,-0.15619489168050954,0.5587602271870702
275,valid,-6.96626484442145,0.10093685985242479,0.17134460194136925,0.1516504365733138,-0.0019963009868243274,0.011202879215725456,0.22144599031836576,0.3206588388977547,0.09877974398517676,-0.0933152646322097,0.6251589672078325
276,valid,-7.117519537369097,0.14796131560068435,0.20336029409194364,0.11352852243891565,0.04656602333126111,-0.026806727965630155,0.04636025167652286,0.25810143465991253,0.039915762634428684,-0.08129465316186074,0.6009645066375968
277,valid,-6.881160632313725,0.08175923210688514,0.3354231064418046,0.09735128349644312,-0.07310444803198679,0.022846196813164864,0.09716341765969586,0.1384396674523576,0.22226108149298435,-0.25316904889920105,0.6691383026768569
278,valid,-7.074082443511166,0.13169601401996858,0.20958959089221685,0.09323118962793654,0.02265164562239984,-0.08672347373846703,-0.0945676204349589,0.12600233758070317,-0.03851701254528388,-0.12249655826575695,0.6819894348095213
279,valid,-6.885635742219365,0.04500471278148521,0.47692169487145963,0.08203521497002525,-0.09278985879415658,0.045135281071261926,0.0030155423112306697,0.08687604182725628,0.1934154776606687,-0.33185749686680094,0.7493094076554759
280,valid,-7.093833934563009,0.12177292028118755,0.20391215191250175,0.0947905749650826,0.02998212371582712,0.001240251327996285,-0.006008013815225042,0.11380357134993388,0.04719606818502221,-0.115992839617255,0.7187889733984901
281,valid,-7.037957998431403,0.1056450631124078,0.24332888490391655,0.11201677576059263,0.04064745630244294,-0.025106044879073443,0.11959842957212245,0.16082970109968864,0.008603065163464181,-0.19188599929062208,0.7017466909247786
282,valid,-7.097736713214326,0.10643318607859559,0.1725262252064911,0.1254911213496871,0.027569561367724132,0.0630949512657121,0.13498210490062654,0.2660124474322135,0.14005503479296225,-0.08972397743365226,0.6823888410791988
283,valid,-7.050428128021183,0.09276831550728848,0.20130175682473184,0.13682640632658633,0.010542068172796631,0.03120373859442546,0.05417741500210124,0.16968071279853697,0.07688390920942231,-0.12723939855744257,0.6261736770477881
284,valid,-7.047254470471716,0.0962900495142691,0.13411651332388763,0.14365670786292042,0.03943418457577073,-0.05081884835432817,0.10510312740695199,0.3002713969359384,0.011797390773192515,-0.06666698684170587,0.613978429369307
285,valid,-7.209733470848762,0.14402766883708912,0.17007910951774757,0.17182542123823483,0.0987561877623358,0.028221277436052277,0.21113196298182235,0.13609641179544618,0.06561220767091493,-0.08227732592786115,0.5589792084663192
286,valid,-7.043361511179974,0.09492471737725947,0.29328322477791613,0.08324471247095283,-0.010159226147814763,-0.031845577456605045,0.01719092176148396,0.16092479828322234,0.04812002423181916,-0.23372023872089848,0.7342295871195907
287,valid,-7.007620104310631,0.08739541444676784,0.19537258202141197,0.09639279746377673,-0.01092462941380972,-0.054539218386458636,0.08849439831519111,0.21154025891870107,0.07538336272428355,-0.12401441568494143,0.6679957310172847
288,valid,-7.148093630134602,0.10253418421265728,0.1211628811032169,0.1369599002014396,0.08335446109893753,0.0707893320804679,0.09100527368504376,0.2856413909004156,0.11701495911213827,0.016776201913166887,0.5069065000878094
289,valid,-7.007931269717255,0.0771341195211729,0.3031606679979957,0.12635752095385946,-0.05059624719161066,-0.006000060328662811,0.03718633705070363,0.1527613123003778,0.10633486036303592,-0.18614274265710523,0.7576886994202097
290,valid,-7.078901301708328,0.16814488306237216,0.20564235796233646,0.11256348037124618,0.030810373751798233,-0.03836503349637659,-0.08148231089680956,0.057795952968712185,-0.12477419555369716,-0.14068270911413067,0.5915864122018564
291,valid,-7.123319266546039,0.09816380210610047,0.14898189846188262,0.1482712860524078,0.03840468176207212,-0.04815945969765326,0.03612150614990796,0.17181816094771007,-0.0158723694315612,-0.08834910708098598,0.6451568399963366
292,valid,-7.075395354784182,0.14822996335214708,0.2099619511043896,0.11132148967088396,0.03641608083264979,0.034160809531735906,0.08122891718463146,0.24575631231251427,0.05394246868366739,-0.11486158092774561,0.6005237372120567
293,valid,-7.1301729315630675,0.09214248345836235,0.24638320764300517,0.1171855445377665,0.052384079671417456,-0.016003121944371746,0.10037334344559572,0.18578734693977192,0.051836222717689694,-0.1387059660612504,0.6463686183376917
294,valid,-7.1050651280222015,0.07921118100652826,0.25353177393003146,0.16255945462417634,0.05151418527670682,-0.05229866340383603,0.00934987284858491,0.1304305030499906,-0.022448304209403233,-0.14507665260921154,0.7170166293136762
295,valid,-6.962690653937227,0.15054931280712788,0.4596224273224139,0.12692637506573762,-0.07306397652004196,0.009552678540369298,0.10428589086981173,0.12709234153064608,0.053162673946951,-0.1925667942096038,0.5111088346051675
296,valid,-7.066108534531714,0.12613764058240123,0.3084092034310367,0.12327633436782534,0.013639181642059562,0.017462638994806122,0.09015827218598302,0.23272637213751485,0.05474178962230819,-0.1805263302876231,0.6076863513152522
297,valid,-7.066869785247416,0.08909508384377797,0.2426891408965316,0.11796162620028565,0.030627614003242185,0.0055303828450750875,0.007104607937530977,0.1210610777309461,0.0020029106459966313,-0.14000280256855263,0.6276478888237408
298,valid,-7.051387745990764,0.09566032252233653,0.15476145355173546,0.11396610545295346,0.011888957217942782,0.05546283509206329,0.13820532798103025,0.2836472126861091,0.12267342891063658,-0.07377474775641849,0.574094943583651
299,valid,-7.010603058126136,0.08172933367458428,0.23846554476639673,0.094520572209258,-0.018945177912582104,0.026619919159544016,0.07835161324316504,0.21951268890489228,0.09542932054950476,-0.176399671093571,0.6507298755887658
300,valid,-7.157590769643402,0.07478669439258184,0.21589473390535555,0.13139070508386086,0.08280739736713609,-0.014546066320716564,-0.022813724712397336,0.026981421724583947,-0.02257801604220457,-0.11034951862986432,0.6695026124465842
301,valid,-6.937731927497053,0.11161473549756211,0.22703457688384843,0.12823252031983504,0.043151433193811074,-0.47683086011775627,-0.7453568499353314,-0.6279186901063956,-0.7775727363213732,-0.15273197146157336,0.6431923356034592
302,valid,-6.912625452331891,0.12017528683601285,0.34834206838194026,0.07672809549379865,-0.07605526408765863,0.017020876702948808,-0.0024999966109497088,0.09357730684296062,0.13698454349154088,-0.24911250779491337,0.7762307225472913
303,valid,-6.967074559765772,0.03509385448621045,0.5326124213797454,0.10390915693403648,-0.12560751101258616,-0.021810950094869334,-0.017415592972382005,0.12503988188572587,0.05230316439349951,-0.29843165441398756,0.8159438615491479
304,valid,-7.155079075889415,0.08049102591243858,0.16433178739104443,0.14018859052147106,0.057948701930551814,0.030700872711962954,0.035929675770506285,0.01867161985315099,0.005527567747933506,-0.06370371771586758,0.577493370215994
305,valid,-7.020877403565857,0.1318834243469796,0.4118357357661169,0.1496229138490876,0.016975461450952987,-0.01059603058762953,0.04839951010316956,0.1022864434066284,0.06069830810045084,-0.2074142972482873,0.6750955657400259
306,valid,-7.126340525925689,0.08168065312957595,0.3675481808423461,0.12472836627580168,0.07563435779208819,0.004565589702274996,0.07070629529755676,0.11635626455611733,0.03091950749952771,-0.1927727344036109,0.7276756233808891
307,valid,-7.0395201374954155,0.11280018197878489,0.16221295324683482,0.13881735092075326,0.040921902118625356,-0.03282476657253445,0.14881880604131925,0.3136010200877848,0.045891100530379134,-0.08592705627167527,0.5967103909030714
308,valid,-7.0258019847315545,0.08256554460279635,0.22531280342101412,0.12763286137622584,0.04651410734399135,0.003717283515350063,0.08488996978610859,0.13660858735845124,-0.004472047212742188,-0.13490297204074517,0.6739153800516002
309,valid,-7.204971902444817,0.08122750165477056,0.15062987613462261,0.13223140499067315,0.06700608966352495,0.040698527613142445,-0.03448305244723275,0.16508441618318523,0.005191474319890137,-0.053287223353033604,0.5442885186586052
311,valid,-7.081848207462481,0.10771731821665721,0.2263130559664069,0.10540561214838463,0.027019832262463423,-0.03644702551488342,-0.01413414354419263,0.14801509783484737,-0.02655051137517902,-0.19016496928110943,0.7087383086460521
312,valid,-7.034933316325106,0.08539675663561162,0.13309204882140882,0.1202717097028143,0.05728326475332535,-0.3605990078237522,-0.6146076410937947,-0.48527998180264426,-0.5847256317604821,-0.04631702402922535,0.6114761609989285
313,valid,-7.096406766441441,0.07970230226879062,0.5362252135231923,0.12277899642336869,0.09592332045583132,-0.047389476760655545,0.01922312439062232,0.0415056097296931,-0.04966917714955155,-0.2303347270018263,0.8020133533372695
314,valid,-7.00827996811825,0.1107016347698761,0.3212790591294652,0.11846047567083365,-0.02994660421927953,0.01463423038542198,0.03257897675729749,0.17901201265697403,0.021883468392800136,-0.21617752247708985,0.6378217583896633
315,valid,-7.074389739566112,0.05604191460262585,0.2795492590889825,0.13654106667006688,0.14765606447306504,-0.03008115636902663,0.1030360173410397,0.08089446070777419,0.08324944036335813,-0.12523987828686411,0.5923571220252438
316,valid,-7.1157514743974755,0.08996088883293452,0.2155760337734615,0.10394225013867946,0.04226619329253825,0.03233392192062568,0.013300928805042729,0.11062256338592977,0.007779022329897271,-0.15052786802774418,0.6307570773180113
317,valid,-7.053135966452134,0.08580495752064209,0.2971024616184516,0.11156055029029056,0.0044014897064268,0.050278455594580274,0.05861923450888862,0.15466422497711477,0.11040651225237497,-0.1503830223324115,0.6221336677764595
318,valid,-7.102773674997778,0.09854587465185323,0.15339135543342047,0.12821446058358085,0.02401587803727438,0.03417349966470688,0.05582848576543322,0.234389533054808,0.03177098671721706,-0.10678412813296324,0.5688164887290226
319,valid,-7.0784658387639166,0.10058383734189252,0.17891151522652113,0.13061126476951393,0.03481957224866099,-0.03240301357477068,0.043723278027975765,0.1416336880834837,-0.0046835730293652515,-0.1060253556569139,0.6060629340980385
320,valid,-7.051302536850382,0.08471099539734205,0.30087433538901,0.1356927679009748,0.04588599826150433,-0.036982477712306214,-0.005133671277498956,0.1530247395857337,0.1439189592210929,-0.13364306405448934,0.6326473171232554
321,valid,-6.9474150145398665,0.10362233009346043,0.3499895457073585,0.1575952269731847,0.05447017626347817,-0.05511622201581434,0.038962983179744504,0.12639321953978605,0.1084418616521478,-0.18711439064195085,0.6580523571720592
322,valid,-7.191510083657499,0.10820396927320072,0.20470894149501098,0.15313957244384788,0.09934357023366447,0.03466396036410152,0.18264383911059245,0.12275271004317542,0.08053713874626733,-0.11280977850356204,0.6347955570190084
323,valid,-7.109943059486145,0.14105083979806118,0.4031708107082555,0.1076821190342135,0.07155389623476655,-0.057593070900800604,-0.039990302198454175,0.07554833783689563,-0.06022365272659493,-0.2237555095936614,0.7577276594038471
324,valid,-7.135215085157621,0.12501476203655545,0.19769598313314596,0.18075182660474926,0.09627318187542534,-0.014407043625127847,0.08214602441023214,0.09059151023318765,-0.0516987614587973,-0.11276976112148764,0.56882644115644
325,valid,-6.995118346608469,0.07295988230567951,0.2438292323189361,0.16261597300836325,-0.020420731527943367,-0.007183795226101696,0.11678545786637383,0.24008850608394067,0.2428264440147799,-0.1304701636537599,0.5311485506669748
326,valid,-7.080685477403718,0.12251349632513178,0.22870424655648294,0.14963096201306192,0.027338357263364754,0.016346778625746895,0.17020318084177252,0.21922553098888353,0.07760590177008768,-0.14799812089540343,0.6621535092334365
327,valid,-7.07511942327721,0.09489235586332441,0.36114174713434666,0.10859274674990012,0.012380435699328727,-0.005408217851967199,-0.04722554918161139,0.13051854202278076,-0.0448983917715266,-0.19588673604126644,0.6527268522584571
328,valid,-7.058019428500841,0.10557942625864598,0.36725826661419947,0.10994148534824402,-0.01514012025449073,0.0181669333218669,-0.021035090207093415,0.15438594211424508,0.021814701512681656,-0.20117562013924647,0.6589417198338778
329,valid,-7.06818130599482,0.10187985274769726,0.31761057297136897,0.0798353343024583,0.012389218943264094,-0.04234163115112084,0.04098339527933956,0.1374228509924876,0.04248932281621969,-0.23433248653809946,0.7746201177989842
330,valid,-7.080309960343876,0.12844851104686003,0.1474260049757283,0.12063618276956135,0.04409601576548031,-0.05363444381292366,0.06606860316892159,0.1652637857137478,-0.005588448600012058,-0.07530861169759791,0.5969722281053382
331,valid,-7.15362298458309,0.07887390805460044,0.1903269821316849,0.1094665936165396,0.1266925111917418,-0.011228039711409451,0.04737280249807496,0.01698876778407186,0.0036045194426481907,-0.09063427221029907,0.675210930573046
332,valid,-7.102710298100065,0.08183369312592456,0.17046319690999234,0.14742123830011383,0.036196423078344676,0.005081226310735577,0.07639427128470418,0.17359259223671947,0.005091929612794368,-0.11317831841489738,0.6216193377895723
333,valid,-7.113559881218151,0.1428819381215667,0.1618325042480216,0.08134447422890487,0.058109282155679814,0.055494026849131975,0.1588126174593339,0.19262754673827664,0.11385512921430288,-0.11951620164615102,0.7228237770861635
334,valid,-7.054182116794724,0.1042556895974738,0.2183553297779996,0.08691964987112631,-0.003086214328805642,-0.008843045188129943,0.037815981688169235,0.19424270762664372,0.06271408835184752,-0.16324267690546715,0.7022630301518636
335,valid,-7.0827413073355565,0.08353820724325682,0.21446384643662236,0.15691159026049936,0.17141135715048475,0.026844655107038012,0.22152870582262618,0.1849440158256809,0.11392878664833393,-0.05828887884231716,0.6381241472418715
336,valid,-7.04267546764152,0.1097307173146122,0.1933334570953118,0.1182777543111423,0.025183065755386733,0.01934153115077809,0.1956568225454981,0.23118651495392903,0.10797062798699152,-0.1133815860891368,0.6252244744302793
337,valid,-6.977715042688945,0.11688210362845274,0.330116299938385,0.12069167080289366,0.1382382412831549,-0.3655129406926582,-0.7128572565370247,-0.5357472254809551,-0.7027999840291249,-0.11078684559412909,0.4800625755644329
338,valid,-7.030731135133114,0.09500427932605295,0.16846903893132492,0.11268245516572492,0.008252908032471178,-0.007257924037092919,0.14448717926695434,0.27242199706652137,0.08681946991782245,-0.12431408534295346,0.6527592977787373
339,valid,-6.983739324866501,0.10037258430277499,0.2982856486374764,0.16081187792228047,-0.044246647981459816,-0.010023228137039607,0.07396693009314546,0.21476269259722852,0.04222889617129598,-0.1450242969757906,0.5378262389078202
340,valid,-7.0330889460196175,0.12311746203203519,0.26551916826298244,0.11910080005462786,0.03691058335536004,-0.060775904572510475,0.0058197814439032705,0.14696870925140057,0.027309044573573617,-0.1162643941596752,0.607676607177857
341,valid,-7.212075954054742,0.10245118483070526,0.08631999461394432,0.12834839442891055,0.08539133695939638,0.011295241499441075,0.20964330453739238,0.1806592385257717,0.14288084568819232,0.04960477166040655,0.5702646447539907
342,valid,-7.144456853865609,0.10224719988248318,0.1646947167434937,0.17403591143189315,0.13130279343208986,0.008079540687528093,0.14660790634146853,0.22030738660753932,0.050500949616976216,-0.07611403541693719,0.5813714402115566
343,valid,-7.058920388257709,0.12355049699473342,0.1681867260285067,0.11957719830881741,0.04394609936402053,-0.03540631665525149,0.1296447870068283,0.1543311533412706,-0.007367309629709196,-0.1277768877565051,0.6234326776321897
344,valid,-7.1729918776584825,0.14656169896989055,0.17791224830401264,0.1873728777452887,0.1027123353193019,0.008437123858264941,0.11081292074443574,0.11867448901135863,-0.016931336700156143,-0.09009752212566458,0.5734341659137115
345,valid,-7.069525021737233,0.09763276176476268,0.1563208945713962,0.14160382841552552,0.03896867732156596,0.006044366065979469,0.15415490852853736,0.27152171897470484,0.05787236727055062,-0.10072053774216681,0.589037871755954
346,valid,-7.008120663048805,0.11139476443082241,0.23166574674818582,0.11813086396249432,0.03663168709972375,-0.4437414944786434,-0.7630770466921332,-0.5517908987739256,-0.707022257309312,-0.11864052341376756,0.5688749930103552
347,valid,-7.105943130922216,0.16333186078777195,0.2424578262401055,0.09237105025294844,0.03527113019120361,-0.0770023589672737,-0.02361669962868192,0.08083232211478505,-0.06991144356151108,-0.17427023879700695,0.8186357147352288
348,valid,-7.053847555910551,0.04729842079364924,0.17801703746095818,0.1287698997467654,0.03707062396155849,-0.0031528673304844278,0.0698627082723518,0.03970322323314148,0.02468033959844117,-0.09800226707996028,0.7172289427643654
350,valid,-7.170889296433215,0.07022747928732424,0.37919461774476787,0.13741110242852045,0.1910533444824688,-0.040686531176559536,-0.04326052264391791,0.021398709116372722,-0.06427230356629478,-0.1533347195553169,0.6689537239113451
351,valid,-7.122006453178579,0.10576160151066806,0.26142142245314737,0.1376055269998413,0.04494590788179995,-0.028415412493582853,0.011188502695313683,0.08157292022345333,-0.04809106869157124,-0.17282737094494266,0.7346385810492843
352,valid,-7.140481005277067,0.09056642636924332,0.1997912568326544,0.10650865710282673,0.046273275399371386,-0.043756471679808756,-0.014889519440016126,0.13875122857794858,0.019759978115343232,-0.12423652680670867,0.610995011595755
353,valid,-7.0591269287611995,0.08807330705597803,0.34444117867104024,0.17595678298379197,0.01569732321748361,-0.0031002389527070946,0.04457729398363866,0.131143648127303,0.03860628040441154,-0.1855423430175749,0.6963816870535974
354,valid,-7.068491607089582,0.0788241593748758,0.2797655214378002,0.08725684227435086,0.006801906243719759,-0.015643228491662164,0.0003234880877280151,0.10811903978553644,-0.012102553530240949,-0.18763889504398157,0.7238148573116792
355,valid,-7.071780311317943,0.11748237142548597,0.1560845814623451,0.1297490892597129,0.04877398091829303,0.002044133178515179,0.1083364268495777,0.15649742204795694,-0.003953439754300792,-0.1225418784362683,0.6153729644638355
356,valid,-7.107828663807868,0.07578595168553796,0.2512818999439714,0.22769724630106408,0.04533990050415051,5.983760479763357e-05,0.03884714830574994,0.14066115560171494,0.06299609221946788,-0.08156800988813578,0.5779089358555201
357,valid,-7.013593257232409,0.12004011208937368,0.21229643860510367,0.15720446897766685,0.025511384430352956,-0.046670713874922026,0.009590492494440531,0.15916960920766568,-0.07509198232056524,-0.1391678162241805,0.6038356515925789
358,valid,-7.098914360563579,0.10029168372641015,0.20688191841796197,0.12183503385236089,0.038292654099666486,-0.0033574644161319164,0.0708610681477431,0.17336542430776125,0.10165397823582745,-0.12309387555339539,0.7111142360047185
359,valid,-7.102900822310031,0.06979909718181966,0.2476917794219501,0.11000331475429655,0.07564520476222393,0.013644519428884614,0.010547449830574785,0.04495396806998522,-0.015457251436068284,-0.1357083616347802,0.6796717257110798
361,valid,-7.021709853891696,0.09328378602670816,0.3146632664536186,0.16081682171929654,0.05977236681490063,-0.010264328394595203,0.10429358879155393,0.24502134421677157,0.01571027209634874,-0.15449059598809653,0.5870791994468249
363,valid,-7.036315941178104,0.11935775942527106,0.21604356747261494,0.15953077366883295,0.05391246961260229,-0.04262380574908726,0.09739590830043963,0.16306284496444332,-0.03914347547139171,-0.13573417371940283,0.6100688041630842
364,valid,-6.922846471072498,0.12782270472979493,0.3181709589664327,0.12264520181194952,-0.0322423653367781,-0.03161537229360053,0.07175777491089125,0.15420105540652235,0.15371526330362023,-0.21215230688726716,0.6236829252791876
365,valid,-7.048558592744643,0.08803798994959137,0.3308195377162645,0.12916713989857512,0.03535811284792483,-0.012516072021862897,0.11827521471861989,0.13857666587987796,-0.000572723692470196,-0.18552930018330582,0.6568736817081964
366,valid,-7.1213697291494436,0.06753183678353337,0.1488283314631142,0.14295704563293762,0.052603027407174076,-0.06388661340005612,0.11363398587164136,0.0929126987487412,0.03388021583289084,-0.05889887308452237,0.5981263253206155
367,valid,-6.973933935172219,0.08123843916335143,0.267907784073329,0.15350326607423712,-0.03907064255536389,-0.06676362342068091,-0.08363317117769005,0.08978658239745312,0.11916981701712036,-0.17900483024340344,0.6973956716149762
368,valid,-7.076204472164545,0.10539775125169701,0.3900788350297095,0.1544445548503249,0.08325506715006163,-0.015813730953675765,0.006772199085647383,0.07802483187852036,-0.046977480613397335,-0.21226747059063153,0.694001965156226
369,valid,-7.015823839952217,0.1026237063653506,0.3867676668534303,0.10391185704244582,-0.029272011511202133,-0.001187107997501107,-0.008285483874685447,0.12839761676310252,0.025284453001494393,-0.19701212318436506,0.5890099633517253
370,valid,-7.113349158664542,0.11518149568719739,0.19603017713770737,0.09814017554949442,0.033778230709833344,-0.021324292606858017,0.05381899218441503,0.1492635748103127,0.06296696891641693,-0.12105382898223614,0.7233674929505313
371,valid,-6.978699212079261,0.11605534769659621,0.17952484202413577,0.15556008304519228,0.028800728661737086,-0.045300171024885906,0.14747521405502098,0.25964007222343316,0.011988917707068811,-0.09097812591965522,0.665518738045958
372,valid,-7.034053491959667,0.0909915118528026,0.3189119780122806,0.1298962875334469,-0.04457382922067836,-0.005602323865415993,0.015083105909108512,0.1779696458799174,0.09235183508314873,-0.18319382503156847,0.6504026018281192
373,valid,-7.028358238901999,0.06897016661134577,0.5689709366716695,0.07863773962160421,-0.03868869744157796,0.026615112043414102,-0.04854954683197126,0.06543797882957232,0.036774532467920215,-0.25408065287192544,0.7979800011204009
374,valid,-7.049743295397857,0.10625194999145456,0.21919389068170317,0.14332780189974367,0.05660416557528058,-0.03699644690576913,0.11822866326816213,0.12400716517683896,-0.03243909344744288,-0.1529344059745849,0.6683788385701227
375,valid,-7.088762384155697,0.09538099775007176,0.12849708087727904,0.12500812942487619,0.040465962179928414,-0.05282239606850058,0.15839763433954732,0.17769380134443122,0.03199075734212265,-0.057994104564462017,0.6780642994479325
376,valid,-6.970610402478269,0.050658694422791355,0.1656112361286793,0.19299474468515257,0.13456956582237883,-0.0009635162943444263,0.1585551292694116,0.18539663732013678,0.2161686034646484,-0.06295784905879175,0.5748412899057399
377,valid,-7.191851278342135,0.10746641614271649,0.1271413298339191,0.1638899574232706,0.0544262204289405,0.04032752702038621,0.1664969294064175,0.21589161302094534,0.08884227826172672,-0.03938331973696001,0.5247696215544922
378,valid,-7.065141563271066,0.11715486999785524,0.411153233304473,0.09971906577515668,0.002481681963459701,-0.05885163745567689,-0.03184291331996069,0.16968510734130024,-0.003945809807067696,-0.1697775692973421,0.6628635802441901
379,valid,-7.061411260759307,0.09310186969001034,0.2939964414750173,0.09626465312394815,0.02155231902003642,0.04077736755553622,0.05680188300473134,0.13790895394812916,0.037410589299876236,-0.22464960515536286,0.7845444698476489
380,valid,-7.17128812284634,0.07917548985837808,0.18227659993368578,0.16525743457753464,0.05813307225859898,-0.01572078115597084,0.03539279919659963,0.11387742256877936,0.0170600465820042,-0.06764075932968731,0.5929343457160864
381,valid,-7.17474172329796,0.06997973869261837,0.1538455743343551,0.13121048694791201,0.0599622078516335,-0.018889520031856274,0.08404684391073862,0.03864926706916397,0.0010693370323672186,-0.0858644637999475,0.6680235121274183
382,valid,-7.090423189523914,0.11503649341251218,0.3736125649360448,0.1499412144129407,0.07868063333211762,-0.00861961064212512,-0.019316443155156172,0.14956476287766673,-0.044202134281229606,-0.1688715376850773,0.6672061374700019
383,valid,-7.111111682979419,0.09573102130416701,0.15672404787097735,0.14162295139502287,0.05878865804236189,-0.05002613731871488,0.08305352500647303,0.13152138348108908,0.003374444048674939,-0.0706698189388202,0.5508971979023829
384,valid,-6.94410700077297,0.092889913773641,0.15971976721039827,0.0823367751081669,0.0032585077495667788,-0.08137291321964553,0.15203804552250627,0.21210141540341326,0.030124787985542672,-0.10139659263750249,0.6098323827661524
385,valid,-7.0128772948241345,0.14772964042873993,0.4663609936429547,0.1190763013919916,-0.0004412668400602707,-0.008703501092892127,0.09958691148980592,0.10362428830678816,0.08408846431109883,-0.21902800977637646,0.6325357755199787
386,valid,-7.077734350103731,0.0940272978494973,0.22614295349393687,0.12598970642933258,0.045683298161944885,-0.04347091160183483,0.05127514565899313,0.12138358978501869,0.05145418731870309,-0.13396448371809241,0.7054441833350026
387,valid,-6.994037926643791,0.1087119975278735,0.27268015354473835,0.1255381065406505,0.03951958299968214,0.00551604981432497,0.1423384794346584,0.19305032221210564,0.02785471540064123,-0.15788102645545216,0.6294512571152439
388,valid,-7.015928199796804,0.10145529098228562,0.4596578727362766,0.14280456326591878,-0.027023620443165086,0.01498146652295083,0.10852293387453481,0.14824843983183,0.11973270544058909,-0.22535800400653758,0.5270583601731472
389,valid,-7.193480031154126,0.10234330251180383,0.16506362641040964,0.15645114977385824,0.11605696621788765,-0.03275736520031606,0.023102428595307145,0.11669673368576337,-0.01193978509732124,-0.033298221932136614,0.5303168815104208
390,valid,-7.183498225781819,0.07720899311807011,0.17881786560794957,0.17404731393179354,0.052275785338213206,-0.0210892500604414,0.039398637001804834,0.027329969757648613,0.008177268106969894,-0.05462406185743656,0.5606297129862079
391,valid,-6.99709595515984,0.08397342847625829,0.20975921638008646,0.10363440573463559,-0.020898864302103595,-0.004192678665757853,0.027224551981026104,0.239286590340999,0.11698625943529452,-0.1576366447093352,0.6939482898270091
392,valid,-6.920836054360921,0.057534564436167335,0.2421919901550056,0.17511804903325737,0.0959049211453885,-0.44977231744482005,-0.7547894748132208,-0.6270841344820289,-0.5897503297463976,-0.11523173882325136,0.5622121373082141
393,valid,-6.757745249268617,0.13858585082075636,0.3388775666169229,0.17370635756756797,0.0032422293186670074,-0.5121122594503678,-0.8661358804890602,-0.7544207048903754,-0.7054358449131589,-0.2380465410403397,0.5340938302641451
394,valid,-7.122336130929185,0.10548802394205857,0.17895926363417225,0.11571277776227173,0.023750074368424415,0.017896854018018632,0.10631622754697967,0.26673783118524874,0.09538699168194309,-0.12898600332893354,0.6416054359372632
395,valid,-6.989252801848051,0.09043636994288477,0.24709008787704315,0.18641286035523652,0.07498685992725701,-0.4590667261086982,-0.7781281976687789,-0.666142767273306,-0.8357421173869283,-0.15521396009236327,0.5270224618313291
396,valid,-7.169696114997449,0.07989048544726297,0.1814255935673589,0.13209832602816543,0.1077192094234403,-0.006207262431562638,0.122173756452285,0.06958686903046848,0.045387776377964324,-0.08955221047231161,0.6013708734812429
397,valid,-7.044306920138976,0.09491724670499538,0.17098558657579385,0.12398159770461507,0.04481957530371934,0.055157562245872815,0.16555160781456885,0.18748919412191473,0.035777545546385243,-0.13495472806538578,0.5975295324198648
399,valid,-7.085603758034999,0.144370586639767,0.2539127335999002,0.12403832894907854,0.0427246571749226,-0.0319898649090268,0.052500197823464705,0.16700580078592545,-0.0022732978653564784,-0.17904856060468802,0.6953465137040922
400,valid,-7.05912350406239,0.12544068619700818,0.2101758352806263,0.13923364027190316,0.04494723996585984,-0.03759396441457686,0.04985391764837572,0.15630992077194766,-0.008072383280691552,-0.1242129797074603,0.6224362688027251
401,valid,-7.115940768376617,0.09276399217287994,0.22281057786183706,0.12834590311741104,0.04294358007441335,0.028837443231978104,-0.022539731822653553,0.1580176459455927,1.807989461280942e-05,-0.1161494773728878,0.6469355575091136
402,valid,-7.036268664640434,0.08279667292070735,0.2300941798297828,0.13462531383977125,0.016261061297668543,-0.01564078497334144,0.12304304866657856,0.21371674974083443,0.028836449695605743,-0.13940371968092619,0.561004851236595
403,valid,-7.131205178129342,0.08725562309561992,0.1600118340671211,0.12701933871223767,0.037114716955815,-0.06644117160471534,0.015067457935526666,0.14562167827062958,-0.02249952050094363,-0.10345462347498292,0.5728222587170442
404,valid,-7.00652363903604,0.11323783991604874,0.37755702214972675,0.12421723336487361,0.005201174918815417,-0.025846106115515913,0.06817073244905587,0.1267337177346048,0.027036127837603268,-0.1695030288316389,0.5546880077801548
405,valid,-6.8876413629780275,0.1043608408029156,0.15883625494688425,0.12286168701849366,0.04741869954297703,-0.43019185932635834,-0.6563147426882384,-0.47091462126073536,-0.7469256475134245,-0.11694192131607188,0.5430651362698462
407,valid,-7.050626956540973,0.09570917699547356,0.244782971445899,0.138587802108351,0.03368554248595831,0.014870221797565824,0.1032210236339272,0.175537806155263,0.010203501407037796,-0.19560528295201118,0.6501990514056178
408,valid,-6.907984824987205,0.1549312620923524,0.24408346716140147,0.19463160015031233,-0.04523717877960731,0.04569021438921648,0.18673912624066294,0.27774151151464155,0.26787506817445134,-0.1667632214139942,0.6375697839861258
409,valid,-7.086299765322201,0.07590168855648877,0.24457144522053725,0.1802447696414677,0.14163187615769457,-0.010637651391286135,0.14419437560813153,0.03637029970722676,0.07665474767864147,-0.11791923136521909,0.6817967918431846
411,valid,-7.0371994666270945,0.0997330523056063,0.3039322382833871,0.09190669015051717,0.027940883075517266,-0.0586392204865221,0.06493331260749798,0.10509262508674004,-0.02900148395010114,-0.21168016159255962,0.7208622683493213
412,valid,-7.1551393817226545,0.08994605538708818,0.14878876612516137,0.1258841949648137,0.03370069891708118,0.057642317138124004,0.019806138566901454,0.23219698278540893,0.06339788696927598,-0.07217206376631415,0.6197814452459464
413,valid,-7.085143160672119,0.09612221219997094,0.26744935327380603,0.17158421624653594,0.161972879226965,-0.02182476972288771,0.07642125242235029,0.12258174943093751,-0.015158077414884367,-0.11238635179291619,0.6061824374048466
414,valid,-7.027058937094601,0.09546128789452342,0.2527911625461956,0.0995783562759769,-0.012038893374622758,-0.004891726316187751,0.09137798180173425,0.18796611619609072,0.043209646347840566,-0.19840140653001198,0.6800053462437085
415,valid,-6.992807086939992,0.04473056513030976,0.3020292106618057,0.1846451335943912,0.037878562850320395,0.03025649965429108,0.05913123469728185,0.12447689294787671,0.13548887479398272,-0.12899789788168753,0.48730827288530243
416,valid,-6.998658569208694,0.11579185888944199,0.15143857362861174,0.13480796486897814,0.025062901990056636,0.02326224499127374,0.16593671513549807,0.2817550783211579,0.033086281708309774,-0.11058957139368812,0.5744370583181527
418,valid,-7.070797923146022,0.11870249984551443,0.18454097505674946,0.09920788058872866,0.021294180544312917,0.048494306137988094,0.18132334201318184,0.24646460958894117,0.1358316922131822,-0.15049981987292482,0.6883408099481574
419,valid,-7.095218722579778,0.097860432568271,0.18911655197369423,0.18377233663685053,0.0693813628163902,-0.05346468471142652,0.016110902759522844,0.08043528588783024,-0.06625049467819367,-0.0884742116203849,0.50440458070016
420,valid,-7.112625450241957,0.08676243543957332,0.13480178782920704,0.14114716494254,0.060920446932225494,0.029988681704588745,0.0630901575666353,0.10128171540305417,0.0033033938493007885,-0.053981742734447564,0.570446269056171
421,valid,-7.03954247805981,0.07061023842041948,0.27007103779906144,0.19804256172650261,0.048477419424222325,-0.05249329589903338,0.024522228891784188,0.07633951765424167,0.027308216518879366,-0.11513211484300154,0.5900874971091264
422,valid,-7.111669770437408,0.10465411334477896,0.1460557112181232,0.19730889165899224,0.051775323344433896,0.0143609963087967,0.1355047686988172,0.20617969484235915,0.05450688357175669,-0.026481069035412877,0.524703526358678
424,valid,-7.10867533593274,0.04235175910218985,0.3345931034433978,0.15415329506135972,0.131418407312733,-0.02203507778884417,-0.02491662477778115,0.024272706216327565,0.03292279488295913,-0.1531911238060446,0.7316985682698525
426,valid,-6.950482511476642,0.12315929033896283,0.3108810445614218,0.1548611780777866,0.1347130150922636,-0.5038663518400883,-0.8744655340112104,-0.7430120686753239,-0.9241853238815297,-0.20914052408331948,0.6613561767196697
427,valid,-7.055328527664189,0.09708974898680607,0.23760391680242765,0.12779187222814034,0.027548546082353752,-0.04818416203453558,0.060697851986035556,0.13807127485812604,-0.02872061196998598,-0.14549075361410252,0.5439270163028189
428,valid,-6.969136686364849,0.06027674963576894,0.32424616250947097,0.09935161580877272,0.26708009793938664,-0.48481181350509545,-0.8382154464776246,-0.7791235048558587,-0.7121217767219064,-0.1432091071615188,0.6402855329870496
429,valid,-7.069586421007662,0.0892786005945971,0.15869224675517632,0.12481260322093621,0.02784958429285996,0.0017955041950837311,0.023439971861212865,0.16230816538018067,0.0116204737629926,-0.07922566342308493,0.6325126900344289
430,valid,-6.916139438653387,0.060125108983014416,0.30733181624928946,0.16285837745206858,-0.021466996977829507,0.004051412714685242,0.06002345794158081,0.16432473771058947,0.2133852051363435,-0.19121373572652162,0.660313020466591
432,valid,-7.112628002898939,0.09123184483134635,0.18817339835822555,0.16814956455317726,0.0837097665498016,-0.05878394995811987,0.03756408855503199,0.12660152853496554,-0.019975391539638173,-0.07741783077441612,0.5618197112290181
433,valid,-7.00238870883684,0.07943606794098032,0.17955052550035816,0.14286879621066056,0.07271703289914867,-0.46732902588792763,-0.6735104237881424,-0.6555836814064766,-0.7527830243412941,-0.11464296813530582,0.6096166067518942
434,valid,-7.136731761537118,0.10565679538273338,0.14692384760148886,0.13149983177269578,0.07518230575225648,0.018174040505773377,0.05165941077512426,0.0029352550252021766,-0.01851278860423343,-0.07244255189859153,0.6479678407204841
435,valid,-7.149952247497916,0.09899722622340017,0.17422735950544943,0.1636572984166549,0.07520799704573115,0.009659485653267779,0.019613479552723533,0.06509815411706875,-0.04593150304854193,-0.10754252903578185,0.5968264657682827
436,valid,-6.969398730453394,0.1092772391471189,0.1877439531036746,0.12191589531528445,0.04529487262643118,-0.38388305923807503,-0.746172245362161,-0.5724411445528262,-0.7455197345903253,-0.12545713060967068,0.6168606503430756
437,valid,-7.0479719544625326,0.08155558621865086,0.15775649104431613,0.11587899062669219,0.007718010202627367,0.003594463864354701,0.17467829142582011,0.27550664871538766,0.11239354763686292,-0.1167194159254283,0.5690925854441625
438,valid,-7.106264356613968,0.11532847450084292,0.19623337736586402,0.14481976014709813,0.05276034555146584,0.021593555346089487,0.03027784401321214,0.13857257419700192,-0.01760634661690495,-0.09268201296437334,0.5133020957726797
439,valid,-7.017416047067135,0.0774257824512497,0.27282653219111647,0.10684431677394297,-0.0052417276864505065,-0.05816727897412277,0.06986125680788627,0.15901935162103742,0.015823597329671084,-0.1941518154920105,0.8044271021396239
440,valid,-6.957465549735314,0.1224915423049897,0.15951022593327197,0.12298952003517197,0.026685106678101873,0.1012001927664991,0.16087146623599807,0.3100975790738892,0.10666889357892682,-0.09392066356710858,0.626326300259177
441,valid,-7.127236660837083,0.08510377331009422,0.12440853304578453,0.14470643763884924,0.04724621455951554,0.0045389873658561244,0.26586232394112375,0.11198273441443118,0.07277299604708681,-0.05630898821281633,0.5465511246242977
442,valid,-6.983204757136443,0.05131791253162367,0.440106562980042,0.19461576936523628,0.008683708554348926,-0.031068107468569132,-0.0018127921444613675,0.13584621456821214,0.11321501930224158,-0.19337167793694135,0.7018673660173574
443,valid,-7.074257873373361,0.09954655814240126,0.2707466895543923,0.09148882268095439,0.003674587742866966,-0.011491287798259149,-0.11432021830575058,0.10216839553099023,-0.04945413459449777,-0.2150203821674671,0.7094431200072382
444,valid,-7.080510980859379,0.11325849453494442,0.15677347987062396,0.15515882158664446,0.06543341600664032,0.010664562668574297,0.1735097890538379,0.2092361177352827,0.05908914425486245,-0.06586441233706665,0.5224817948459195
445,valid,-7.10208299976719,0.10676453075149238,0.23185114773647628,0.11572872931633842,0.032440447260485714,-0.04180179482057203,0.03219319601449205,0.1329621445712313,-0.0023899482357207557,-0.17270069303882346,0.6334154873621516
446,valid,-7.0109994341517545,0.09288099669068912,0.3725950288890478,0.1336272457081325,0.005972115042549107,0.031168234453640305,0.02707436877003218,0.1349001763592002,0.03746768032579654,-0.18869560056948537,0.5726591282953991
447,valid,-7.0747462983314024,0.12421766117681349,0.2069847244883054,0.11088132765514344,0.04243931404632769,0.028361331523625726,0.1282431863377209,0.1394453046608013,0.022243168373221302,-0.16853740974154618,0.71724914772999
448,valid,-6.994949301129808,0.08853486743452502,0.12389124070633346,0.09808025183469839,0.020796468828834926,-0.06214083317734657,0.1719748080505524,0.1315816020160976,0.017794081879789612,-0.06579442303273086,0.664236803477072
449,valid,-7.060354528664931,0.08433388504288879,0.1909817779457863,0.14266258344211208,0.15022370039183477,0.0580142106081434,0.11601950805910485,0.025684927286122795,0.07343541056244263,-0.07038771337755571,0.6453464055524099
450,valid,-7.079733026679713,0.08244198380498773,0.2937143340675384,0.1470548727957195,-0.03561300151203843,-0.014697704891901224,0.018143089625460313,0.22617198074801403,0.06821421202696946,-0.11082226591581337,0.6383823347261556
451,valid,-7.037840122410686,0.08720870837205294,0.18418223116553803,0.1231466858767254,0.0021892210618346918,-0.026706402231636627,0.021158386965318417,0.2693756589808574,0.06969823013334174,-0.10435120285527186,0.6919884211803431
452,valid,-7.085764297371285,0.09325416767350195,0.1733711508226061,0.17601409762934248,0.08257190766117997,-0.014800590633333948,0.13022328822544385,0.144896992393674,-0.015557343986153707,-0.09863452405278302,0.5534025749408139
453,valid,-7.019113758761495,0.09308811133041042,0.4651379179761619,0.16230198421823588,-0.05330214550489099,0.028956902512469396,0.03683621006848839,0.17991981124550085,0.06276991653771626,-0.16489975064677628,0.6335374600507656
454,valid,-7.09786071784414,0.08222035238599891,0.368648342788718,0.1776857684726281,0.08226155790437217,0.0028565881196007817,0.05971091182101533,0.053497697728264695,-0.022566062719779557,-0.15570579772977133,0.6327541065479557
455,valid,-7.1132632104427325,0.11419951201580307,0.19980787325942,0.16922646732433547,0.06798004200987547,-0.045305445177981456,0.0347564431999316,0.11466652474270088,-0.04750296435505031,-0.08120807324424867,0.4861754107987288
456,valid,-7.1667873267832425,0.07594637947394786,0.2910126485901214,0.20509687118734052,0.17055871259255198,0.026676519040407482,0.09043154647061964,0.03227344778937018,-0.014209165477075123,-0.14495141116157603,0.6679291528317641
458,valid,-7.086299550565536,0.095536310243447,0.20958181681637475,0.1400295604401432,0.01790607369775955,0.025560314597995033,0.12107111632613139,0.2514772728280541,0.08660483227898433,-0.11952327533394627,0.5809381243214722
459,valid,-7.096829963655508,0.11361599151631119,0.19693070937646157,0.1083267145188369,0.04315260832906555,-0.015961418029025124,-0.018462277149601924,0.0737771775353099,-0.06415898276595035,-0.14251788455460337,0.6142387092096574
460,valid,-7.087366288526419,0.08965694877987875,0.32931582508234836,0.12452275930340051,0.0616280925280185,-0.042130153602332486,0.006410192905414192,0.08034672858975311,-0.0019805943524727567,-0.17933144109843427,0.7710543570958821
461,valid,-7.070164101805377,0.1230965500953569,0.39549565908780976,0.15449817548514402,0.0498595552172235,-0.02303249445330324,0.022160914163851252,0.0653661489007899,-0.05885790402706243,-0.233374759237546,0.6521419737449782
462,valid,-7.043776754537558,0.1356035350104286,0.193475124043365,0.12491641931093364,0.030587058259420596,0.06757557293678768,0.17692342961464944,0.27483474594090385,0.1370456202340451,-0.11575297839489673,0.5813302892344594
463,valid,-7.029056362481307,0.09743407867321975,0.3875957343861457,0.1320399567213674,0.02839304663043667,-0.062297162034718016,-0.02614056304644073,0.01986456046908329,-0.08470629157446434,-0.2095964585543069,0.6578836498550263
464,valid,-7.054853266956442,0.10025761889391242,0.20597316202525834,0.09978676027599852,0.03234439678849779,0.01783823090470684,0.06305483656754822,0.14412973609160395,0.01669419702273499,-0.16258496429276767,0.6930327085950587
465,valid,-7.112163305842942,0.09979417233688827,0.23057992261842628,0.09253824936155243,0.04414941574487234,-0.033145430998588125,0.01000770875581076,0.07581491362129741,0.0018764040232684216,-0.1413119668119108,0.7332202468525578
466,valid,-7.01066196342844,0.07578304117288857,0.47434038416468155,0.10244569178243784,-0.010309581546753122,-0.03047291836093736,0.04282071739213159,0.065936451910603,0.024217394050245332,-0.24644840125937517,0.8354382550710696
467,valid,-7.033594696137641,0.09625044277255035,0.21107148599840292,0.1276239447980658,0.04002652744301579,0.023514644776572984,0.09167113340685377,0.17600156385900217,0.008200379332276776,-0.13954253149202203,0.6266485248437605
468,valid,-7.062023589423244,0.12088273154675287,0.13870626868837083,0.14995088447056207,0.03287179418300114,0.04011291444042418,0.1336806407674808,0.3581621258180008,0.08299503939385884,-0.0593259743582177,0.5879171183083456
469,valid,-7.0894419747726785,0.14498824652402675,0.2052828041432956,0.11386878548963861,0.027820629552716806,0.0443397783062883,0.1535859400414512,0.2707674305930942,0.1296312730671916,-0.14746624148234294,0.7163424676690612
470,valid,-7.127127625929505,0.09667111702955115,0.20146641504393512,0.12079431500221628,0.029959438978210278,-0.023576736586766883,-0.04512732486303092,0.153496519245536,-0.019176175010948357,-0.14758426860005588,0.7054720194412929
471,valid,-7.0754993592297515,0.06095242995185143,0.20476230418393163,0.18516432565862068,0.07209725881314404,0.023498877257872114,0.07943106817561936,0.04155266824210209,0.16025468721247854,-0.08684275285260373,0.6083852407774423
472,valid,-7.150015774064866,0.0799011667578662,0.12850885454717828,0.1717292976136517,0.045400015845575445,0.04419225372119965,0.1788319858208674,0.19467976625326117,0.08923467959418356,-0.04578081707966937,0.5051414128002281
473,valid,-7.03814096338538,0.115272900244168,0.20850115265976607,0.1182995718795376,0.022747600202848862,-0.025345991639165334,0.06807238624570862,0.21280448978833177,0.025156568106642935,-0.13427919386687048,0.6917171175303425
474,valid,-7.139014024920801,0.08141599794360163,0.11751874601835292,0.15845738955134595,0.029316118755024156,0.08758630932764042,0.12226262913216533,0.20629236122319833,0.08298531331011033,-0.03316240548473138,0.540756947170505
475,valid,-7.007614545352699,0.1085184784756726,0.3555320593151837,0.1532393164072343,0.00478344126057468,-0.05744102327910699,-0.04822627631910367,0.05861181369789666,-0.08137936211738238,-0.18069435518876997,0.641126262150212
476,valid,-7.0559665590471745,0.05361543915957518,0.4464902861052299,0.1604787031758588,-8.191742216677405e-05,-0.012317735376398032,-0.013142367451993516,0.09090234564614703,0.10665926731342723,-0.20245099031479022,0.7886052609700879
477,valid,-7.099352586144512,0.08536362924797622,0.1883866774298393,0.18124750425128813,0.050013124405032944,-0.003918306977457322,0.17884599888033012,0.19722497695387098,0.04228304762512552,-0.09037357750520168,0.5614361573565216
478,valid,-7.050470393283141,0.18510735764535108,0.3197899926899219,0.10001128425938773,0.0018271830006328382,-0.01743682059637023,0.06704166463845414,0.20831078398374475,0.04444579829723305,-0.1666478466231222,0.7009956137106389
479,valid,-7.02490106172324,0.1083324040998592,0.2704732012946562,0.10199721420175976,0.04420649237780139,-0.06290937327982099,0.015488270489295148,0.03613871702364836,-0.09153700455256772,-0.20829536407975952,0.6617177965582937
480,valid,-7.089292157212334,0.14430310211937403,0.3002475837099622,0.15838596321082843,0.08394895756520333,-0.0019380419861943444,0.11510846765335632,0.21395295103225215,0.1001858852101393,-0.14272783458837557,0.7203088724058889
481,valid,-7.033921158138183,0.14566102199013525,0.33803078547924575,0.19472993838935065,0.03643410287229137,0.011304817963960963,0.04198623798187954,0.18902990913573772,-0.018748583184764658,-0.17486728409037963,0.5964899098721859
482,valid,-6.993336142274966,0.11530042299848575,0.14818734255301275,0.171642036714535,0.0295758779456582,-0.055719404949730496,0.03087205662471067,0.19584527689243275,-0.056819968309943146,-0.08280469086958432,0.6567275865768774
483,valid,-6.954433483891204,0.11986083645652051,0.2508950109298237,0.10717744080202274,0.027497871474611045,-0.05791774136327226,-0.04459530426614777,0.08302946666398704,0.13602255963588125,-0.18456720309493407,0.7077529657599179
484,valid,-7.019695952416707,0.08515380230543845,0.4093782189807,0.12007336203429324,-0.014002199931043003,-0.0016960537426578008,-0.05038310068530072,0.054484949336125146,0.033448983492023125,-0.24382549373082835,0.7263428621865115
486,valid,-7.065899002503091,0.11751581734928736,0.2589663436138313,0.0891024403582157,-0.0009445444546203219,0.048504616037067676,0.06458278433059202,0.24024733292514086,0.10412826030298235,-0.17539315127932267,0.6124802464800638
487,valid,-6.95884093384852,0.1541840920723149,0.31273169778983284,0.1303003774165899,0.023763490469191437,-0.022961930803062237,0.011180884075036784,0.17423892185524,0.1819885528117321,-0.17815730530739177,0.652171591863307
488,valid,-7.01854038377715,0.11035504961226136,0.19532650480381586,0.10098988494371824,-0.008276503665391208,0.0006524005967091503,0.07943375861502387,0.1858275363582216,0.09730162588329913,-0.15179669780635316,0.7262481759086239
490,valid,-7.128879699803561,0.08247721194644689,0.2136013685675204,0.13675883164526953,0.07431413008056188,0.0272302323160356,0.14699795032826277,0.17145468813478223,0.06314281558053686,-0.12052889758621907,0.5746817824354657
491,valid,-7.025794916352818,0.11586815600414598,0.24562123051940926,0.17945381835266447,0.09554434557839207,0.005645791506007789,0.09912779340693505,0.11382381887462346,0.05603407941560992,-0.13204788287424252,0.614421043477825
492,valid,-6.9862530259774545,0.11627781490667148,0.4210394040520014,0.16742852514865944,-0.05388061988237859,-0.017751481919171554,0.04263796169151506,0.1717753793158407,0.07281174558519835,-0.2266757167932013,0.5933213115589183
493,valid,-7.090527637375892,0.08600119805043091,0.151429390006292,0.1619402597567268,0.06217697314055346,-0.01961214219041769,0.09541328426132815,0.14279635479357217,-0.02042586217907484,-0.08428056515044907,0.5555332165158433
494,valid,-6.984203659089435,0.10850426842842789,0.19497416669954726,0.13393284364912783,0.039579984058307004,-0.46730657701767225,-0.7577825189918371,-0.6058290727055252,-0.787168756105162,-0.1403902051169899,0.6427068633396893
495,valid,-6.942921096111151,0.06949482345580049,0.30070734950927297,0.10644271603374118,-0.11770205427493215,0.029976402617742905,0.05221532810866561,0.1934015270586222,0.14418400173138113,-0.2341634500106865,0.7567375694645224
496,valid,-6.897409512605491,0.11423390698584215,0.1754825816923759,0.09094265709224947,0.023817505735611394,-0.46782882344088444,-0.7653673582274874,-0.6105456212189964,-0.7955547093551575,-0.1606110131463607,0.6666036810694828
497,valid,-7.039407883516445,0.11549705624151893,0.2920130611285459,0.11870021253389999,0.016950004376360947,0.09556118646236414,0.12533630754729375,0.25517808646577006,0.09567150180536199,-0.19336870615000026,0.6438954627419243
498,valid,-6.988896191456252,0.0664414154735438,0.18459581429395994,0.12068183550741336,-0.017388839368098565,-0.026456367842455947,0.05123689217238219,0.24044442645816103,0.0781240827580243,-0.1339532195876401,0.7416486196274319
499,valid,-7.104353678418656,0.0758993745961571,0.17718040736405385,0.12509375260740124,0.09374736514337449,-0.086901300109992,0.0567285933190533,0.03929916303877794,-0.01805184501680173,-0.07295398449016076,0.6764533490558506
500,valid,-7.062166104554947,0.11502282814278203,0.22225438814814452,0.11750461228728254,0.015151359564328773,0.008876252695370476,0.14981327058459928,0.21392722282217286,0.1203906869748347,-0.14321932606126325,0.584024705517953
501,valid,-7.084661337825437,0.10437784313980267,0.16141087319841993,0.10643098854020172,0.032773132260259345,-0.0010803325796936959,0.07477986224995789,0.2644549253312092,0.04160088056981646,-0.11819073598220788,0.6473461180693711
502,valid,-7.110593954476423,0.1058205877769514,0.12847308599992577,0.1267108390390995,0.02708669688161001,0.0011097222627579081,0.1649333205845529,0.2725056060226371,0.11367019245911611,-0.053826142709629925,0.5055848222508367
503,valid,-7.088636735117666,0.09227627149184794,0.3197532932379335,0.16677520861212133,0.1194082091758937,-0.013030602045283146,0.021025789353880428,0.046533930730225,-0.004512864465689016,-0.11462640586694241,0.5965366988873019
504,valid,-7.047734144941585,0.09341541511678005,0.1497887431130753,0.12704293090451096,0.010218239410063015,0.0009298814295469174,0.1815318673119571,0.24793603916074178,0.13351905499013125,-0.077387479019696,0.6750576471439106
505,valid,-7.045501654164541,0.08230795870115952,0.2744976597110315,0.11005858552493034,0.0074013832943461795,-0.02048755949747818,-0.006893761648983017,0.14586718725778058,-0.03677654047085757,-0.21010713839292322,0.6539365207039556
506,valid,-7.094134647041098,0.10493899141641123,0.1359303565964838,0.12222217078594542,0.026621344711523273,0.03745374244559364,0.008533039433501317,0.20897536535167024,0.007636235325304057,-0.06717910939246804,0.5514297528987379
507,valid,-7.066592197567907,0.047802787643275266,0.37256512106344464,0.17350791710191094,0.09444804052085493,0.02588447711516404,0.03473313806913141,0.0458756966691707,0.013980832012621413,-0.16284280753805258,0.5961910548310241
508,valid,-6.9573862427545174,0.05039028076882043,0.2660927814062491,0.12066923574417213,-0.025804470184818545,0.013866418163152757,0.0509796700241795,0.11342253287130388,0.20557772631491242,-0.18155400343687492,0.7415939917358191
509,valid,-7.119961685520874,0.08241576006554945,0.15005111186354295,0.1608065640484604,0.07250690926045197,-0.08529784770382637,0.030070999505599924,0.1421957129436307,-0.03623260636619963,-0.017063963850097518,0.4811945570715075
510,valid,-7.241229175282473,0.07678782308189615,0.10778752554315107,0.164149669291758,0.036951280923590166,-0.01717035887522217,0.08852821873917761,0.12787929331919853,0.10442731970735136,0.03497958958874403,0.5849621598625174
511,valid,-6.988144473842261,0.0747324710799539,0.31077680652730066,0.10755685403174164,-0.10664938239221136,0.026934405732975373,0.008284383554142447,0.14630560280375124,0.11698062878416278,-0.21983248044274437,0.7444044953208957
512,valid,-7.090129811436693,0.09470440049780798,0.32618305350137977,0.14016422413572707,0.05440818103918815,-0.006148822069563449,0.04127583238793865,0.14834165377599373,0.028436530939597245,-0.16353550636243241,0.6248164098106899
514,valid,-7.142825172126593,0.08471721146619238,0.18711971120674656,0.13154840563445455,0.06929830398996303,-0.02553087418126082,-0.043943376802903854,0.08438097878780614,-0.02788086282495032,-0.0731266274912864,0.5877638843920374
515,valid,-7.199372994199503,0.09446339453635579,0.16372848434042298,0.12284059857848008,0.1250325061452668,-0.006555804746875076,0.14395001139380442,0.23116404444937064,0.10045067561081178,-0.014748253836828446,0.6138935466115316
516,valid,-7.128033481155066,0.08742075245361763,0.17664479600884192,0.13896743588356475,0.03775500482759576,-0.039661246542622666,-0.02348441000216748,0.1536947814392001,-0.014056384405561083,-0.09584447556263283,0.640222499839149
517,valid,-7.096270063684112,0.0962144567476941,0.15035593238004427,0.1763473541174962,0.05086506161303122,0.002389534799532914,0.11235532414719794,0.1620423782046295,0.010368999666333393,-0.07783361865941871,0.5496576910658115
518,valid,-7.093757463880067,0.08423401658655942,0.18312038571291878,0.1607118379186091,0.06929127822414861,-0.052388988621057474,0.07001816808088493,0.0768531475766046,0.020050228061404753,-0.07440757813770245,0.564315276562703
519,valid,-6.951918185308037,0.11383228194893617,0.24220814814526895,0.13360564497847807,0.01744477781120466,-0.05347891238337781,0.012099217109935547,0.11350964099784791,0.10753058827903215,-0.14799815997563975,0.5922408447474228
520,valid,-7.074772526868562,0.07624044850227621,0.2720613238935741,0.08814627062826803,0.004630146099667992,-0.04365102571004184,0.03335219824530041,0.11852930245270117,0.05331036547051875,-0.18265495977253832,0.839961061817693
521,valid,-7.095698259128918,0.11841611840082236,0.4172384578436508,0.13455508959117077,0.07474396724936393,-0.026442623066351367,0.00992408576956372,0.0719357568054134,-0.009921608383773475,-0.21243585665720505,0.7171761617943552
522,valid,-7.126252009225154,0.05882226477026294,0.22637708825236558,0.10887624329268256,0.06649276400329014,0.021590587877564384,0.0686981619684968,0.02015782499759209,0.021487673518722147,-0.14055047466674578,0.6730038596210142
523,valid,-7.213454112580287,0.08041442288110028,0.11299343644542618,0.16045932063763585,0.042492608462268086,0.025931663298538944,0.11969187902830696,0.22823245168015915,0.10814061420702659,-0.000300230696035237,0.550381911815428
524,valid,-6.967745267053713,0.13341124269495763,0.18368276684150003,0.13018143068240565,0.03531820205268968,0.053338204688311,0.21411261474120094,0.2905082311633604,0.1938750073468682,-0.10615555887379632,0.6313622034167857
525,valid,-7.1172386616679395,0.10576874949152819,0.1998110319489523,0.11011275032969751,0.04031442537800086,-0.06023967413359235,-0.03508641746189357,0.10869008204688967,0.025704365795059886,-0.10574886273953642,0.7209188126553228
526,valid,-7.001744355770216,0.08955047476098954,0.17491717522559333,0.11850700375098926,0.009999154341000502,-0.06876023023773566,0.009689029629932074,0.1799855864619705,-0.04177861002661627,-0.1287961589943757,0.6986153944294569
527,valid,-7.168755128925357,0.14827811098054666,0.1740898538837696,0.1332782139068188,0.13905480639531498,-5.738511842800824e-05,0.08163478767082297,0.11436470536533395,0.036110606603540985,-0.07573473367418594,0.6715371771283432
528,valid,-7.003729038827315,0.08079826376258223,0.33434967314104896,0.18832624783775942,0.003507550022264726,0.06672778681768435,0.07440894501049107,0.24832839247194788,0.07027665540706705,-0.16269087931894996,0.6654590886488595
529,valid,-7.035810987202517,0.12325421610663216,0.4226750339742043,0.09198540405381375,-0.024309972796731198,-0.029915345299625903,-0.14015703721317668,0.009230382767061384,-0.0565792966618884,-0.24943969603420438,0.7679852230263471
530,valid,-7.1149807683928765,0.1386945819517987,0.2031799712573069,0.1711323324225825,0.12090842283074683,-0.038552605337765285,0.06514889634159253,0.05278929722122549,-0.08742033292665899,-0.12836609274074015,0.624530945811418
531,valid,-7.122830131863138,0.08073047502272626,0.16363620700572062,0.13247093599079285,0.05783190710654538,0.029126713352043154,0.022006229531602937,0.07939038247382116,-0.012219907375746563,-0.09810693392746551,0.5819200005975989
532,valid,-7.1669579194996444,0.0885507649650049,0.1911599278405146,0.11109610969037485,0.1045657771972113,-0.012964552070318387,0.12528799069197138,0.13701119041965445,0.07596945424778623,-0.07525081938445993,0.6545757338513142
533,valid,-7.089254180940517,0.06446933519359317,0.42498498343413293,0.09991189624518386,0.08004928056380325,-0.03844899201328555,0.013450852671387145,0.05131354250907564,0.03257014757973079,-0.2146594655369076,0.8023794306597243
534,valid,-7.123576723101538,0.10138637257435792,0.1496796948263866,0.15663408221699276,0.03532335818257068,0.045346061054273745,0.16697860655194316,0.2673167765143328,0.0870403503785943,-0.10088469184496762,0.5944899603750176
535,valid,-7.101070985840251,0.09439460041463814,0.21793756876083362,0.09230318211098111,0.04933058849336192,0.04602253737931794,0.10443643740233106,0.10592409739125605,0.03411539395153696,-0.176989160040902,0.6897701565427048
536,valid,-7.079788063338981,0.06439718934579522,0.21117666298051704,0.13736668280195727,0.06874649596842622,-0.08485131601670999,0.09351652421290985,0.03875706722033957,-0.01370337990505593,-0.08464204740843502,0.6454841473045687
537,valid,-6.956677800809845,0.10423159516987542,0.27976549860931005,0.124400140176629,-0.003500816688167694,-0.06973001040489286,0.07342011155419878,0.13801313294708578,-0.05475604380440226,-0.1882220531248033,0.7570207205961744
538,valid,-7.078244157090635,0.06908753185067648,0.31123461919093626,0.09380284836234766,0.011748642092087877,0.025030678498554837,0.00485227940124266,0.098347669182573,-0.0022572566941292914,-0.21987039273684744,0.6885844039886702
539,valid,-7.094940140315113,0.056550921381591845,0.15809828790791414,0.16464832503805873,0.05700820031224323,-0.002891893976883046,0.0364079703892443,0.0843611316263604,0.038656994760662006,-0.05220104406902921,0.5806810503593897
540,valid,-7.056110588430095,0.12362716617484351,0.2088391703278121,0.18929379657350354,0.1537292562263222,-0.017038784801832216,0.1532842671120871,0.15700006508868747,0.03964174784653975,-0.07267985708350708,0.5946286962676696
541,valid,-7.027212055538432,0.08222800920212518,0.2155089576290129,0.13068649260591933,0.01940826013847807,-0.01243192513538495,0.03663409532828373,0.12516125038645062,0.04103340696590292,-0.14746959977707008,0.6918766498312208
542,valid,-7.030398993488357,0.10006170055877761,0.22961366955188925,0.07661135346347776,-0.02573089890720555,-0.05060413294574861,-0.10874378242779593,0.12482352349699198,0.0479736219111659,-0.18123408597429133,0.7274645159781441
544,valid,-7.073753693809911,0.10332483164795653,0.18814695105920942,0.149209438492182,0.08500351652512127,-0.029732789513431005,0.06687731445547697,0.10433664703808415,-0.05696619717253269,-0.11190287031781695,0.48135756418039644
545,valid,-7.122115054205847,0.057506280913470216,0.3509742205479737,0.16104036405511993,0.14239489715661452,-0.015263698730959608,0.04986054923138858,0.06689755262175133,0.04219848536583983,-0.15296530529615826,0.6366718308121851
547,valid,-7.086632263976177,0.09804745575461582,0.17923524216866418,0.10941766611909376,0.03372906320787919,-0.03415796299023061,0.12914402483514176,0.22909552091727334,0.09824179044237345,-0.08680114856025165,0.625451329603876
548,valid,-7.141401619450536,0.05983147985580175,0.23898320969686018,0.1172105126811835,0.09869520525838549,-0.005810450588270144,0.07536034136683199,0.07875531193607327,-0.0018635789778876824,-0.14507698941196143,0.7250873295186235
549,valid,-7.100030604517841,0.10336274021687386,0.23252344587257007,0.09463937094117912,0.04165970221586386,-0.06630576578256311,-0.018020734754063947,0.08995352241080587,-0.009588087923762416,-0.1759066377488612,0.6790081108751811
550,valid,-7.172851970680585,0.07816127468224816,0.1290281480997714,0.15732952551435453,0.05219639474029069,-0.049966664923138504,-0.006268840951959216,0.08070510292237383,-0.036444790521940544,-0.037364093750575894,0.5751579634896564
551,valid,-7.180915252315187,0.10256309892952457,0.1642786711392463,0.1870009767798249,0.06336304576846798,0.028312766177052216,0.08853514894835113,0.12843192422078398,0.004155295470882384,-0.08863150283614783,0.597435290964164
552,valid,-7.012739926504201,0.1628694080651494,0.2829860815340266,0.130360298905192,0.0094789668574753,0.06659369830102084,0.11314951316849302,0.2014453040995749,0.21719220534198566,-0.16141172476047366,0.6405127874924677
553,valid,-7.114753920456342,0.12156869501789799,0.24420894863807044,0.08669686883068618,0.060024254994935584,-0.011498888467216844,0.10280919832098998,0.19390807573363883,0.09078794869333033,-0.16616112630724797,0.7102460754031308
554,valid,-7.0126011697654045,0.09419333873312928,0.504933219693372,0.1399448427134599,0.003501142976334812,-0.04306019160034675,0.0131792669932204,0.08279696886673298,0.009327267529444164,-0.2551617589100764,0.731692032369942
556,valid,-7.019363107093316,0.08775886800955733,0.2130974472172743,0.1165705545618968,0.0017695316791458229,0.05706535982659073,0.16532798591712367,0.21513174607465924,0.06702019926350801,-0.18992614641258404,0.7219694126763267
557,valid,-7.033769009791851,0.10046430169116781,0.20349556193913476,0.14445187501606419,0.04180444319475065,-0.00014276045631361487,0.03600465510368902,0.2466850483450601,0.0031082787712256445,-0.10596895050624201,0.6099975444783543
558,valid,-6.995105252537644,0.0825393799335588,0.3252537019642636,0.1492856563019641,-0.07768416751279213,-0.018838468780532427,0.07684522849234898,0.21662498541466768,0.06405404538481047,-0.18280698052167027,0.7213807865257542
559,valid,-7.082801084836502,0.12109569237200248,0.20667505431769836,0.09411175598244093,0.023522462711880413,-0.016987375160263884,-0.018289348485237937,0.18935400398795751,0.024646297452874836,-0.16264584475337165,0.6381161939346935
560,valid,-7.069109392346033,0.08402921750531193,0.4808154984439649,0.11005743709648119,-0.022923589075517378,-0.04075238525251645,0.021454526042602666,0.10586842950640969,0.002194300000207659,-0.23202682600898955,0.6847334999137653
561,valid,-7.039071107094744,0.11262559449502865,0.23442350784613306,0.12498543657504552,0.03090907102237434,0.09648941311375132,0.16589016798888093,0.21275908091666632,0.06296621156853045,-0.18419196957929282,0.5277311503301779
562,valid,-7.105089066295349,0.10014939201010581,0.24115767289328652,0.1006817339253344,0.07849245296198873,-0.025724237130670086,0.05134737870545923,0.09467444450009779,0.024005097802259796,-0.15135438298458356,0.7340802623622448
563,valid,-7.04521662742933,0.09875981418698197,0.1664401312753457,0.15514660107116987,0.03724332354572916,0.019089523286170605,0.09983869407135558,0.3084560441076351,0.043768528741359634,-0.08713760617198656,0.6777871359293617
564,valid,-7.0606149195704875,0.08832850224705056,0.12411563605469621,0.09576691830886619,-0.002739499430236526,0.004506644450723468,-0.0338679987695127,0.2537797589010525,0.06344780567166888,-0.0550064503522448,0.6099966435890266
565,valid,-7.087014152439489,0.0990996019787385,0.23386793142450493,0.11884633648474716,0.08530192879849524,0.004355692160259756,0.0073618440485216305,0.071126837024237,-0.01661702740917385,-0.13644369848716928,0.570949190099738
566,valid,-7.070108588377099,0.09214267429190809,0.5370860607448282,0.09502532758265558,-0.03513100252483761,0.010465926147394541,-0.05199097055790438,0.10646059066200256,0.013602908397609146,-0.2856705001415142,0.7398078477769018
567,valid,-7.024738205824068,0.1340803100576923,0.2984440887637554,0.14025159145852314,0.004675425438548392,-0.01431048220901238,0.08226478252041773,0.15151382192647725,0.04454743518165549,-0.17745761454037012,0.6217492467357845
568,valid,-7.128416076940887,0.12107636748377952,0.22296299269763645,0.09711918527646238,0.07088171344479183,-0.01792670400568558,0.06575417355064049,0.1631556667558969,0.08108117429035759,-0.12704292531330627,0.6923532488756565
569,valid,-7.060946519964895,0.12963501602294766,0.3196166333465982,0.10423072444559495,-0.06048876136249014,0.01277958422391434,0.07134157377501801,0.22495312376718585,0.06157804553149879,-0.19992102079424945,0.703494274468601
570,valid,-7.015073011411701,0.14575943102289765,0.29312959505060354,0.16045503540713404,0.009884317005053067,0.011985463808977876,0.005872778205544113,0.18737800674164312,0.0055081679881236615,-0.15606188441081772,0.671685779483697
571,valid,-7.089512253402458,0.11087938843801687,0.22704015699081714,0.11396042307431772,0.02755608631514572,-0.06952018325946678,-0.05284712083671043,0.13651278703509775,-0.04994912166134058,-0.15795787536369885,0.6348722370709516
573,valid,-7.1648525356565855,0.09516961430000251,0.18020905528435527,0.1743990853635895,0.1177982698312979,-0.0013009241916436952,0.15483833520460188,0.07530991128229007,0.039318207906886345,-0.07649354041496768,0.6096481055104394
574,valid,-7.053454819043701,0.07657579687503407,0.2596994449820869,0.2177747401947529,0.10904476387107301,-0.015339205349188345,0.09692177538042013,0.11414049055825116,0.056312145531149035,-0.12357747821507603,0.6806837278155912
575,valid,-7.251131176650562,0.09159095958403343,0.10919304457822182,0.15520440116079953,0.057985649832067276,0.07096489237781226,0.12371833452115581,0.14731378749481105,0.08408903095271156,0.0018854315409280737,0.5378475342835699
576,valid,-6.99167735490698,0.10199248321515826,0.17509536309130214,0.15555063124249519,0.12946779423431612,0.03722646492212276,0.1952589884058339,0.2501244398459695,0.2858812316574351,-0.08308018809784445,0.5068543959552502
577,valid,-7.020235886640202,0.1286023562061928,0.19248669389417633,0.13662643664929686,0.0044239149138965515,0.04543203179279209,0.17128300953100659,0.25154315034256325,0.10133826528555538,-0.13473223922235741,0.5546816428173634
578,valid,-7.097196266777324,0.10793623953018283,0.2770294752818468,0.097091182169169,0.04983274447860989,-0.07905208650856668,-0.014438621302411164,0.0645630864161198,-0.001189048932318196,-0.1670784224428256,0.7214853599874554
579,valid,-7.085669547420803,0.08324227826358162,0.1378816123891297,0.16282024044191712,0.027154737524416307,-0.07927807381548113,-0.01962586738269391,0.28548232009108115,-0.007689584336065172,-0.03037702739664883,0.5990759994196796
580,valid,-7.088150886614579,0.07455980979206528,0.3968669391479445,0.2083119557226696,0.014888768903691216,0.011157840102708908,0.07613664068750425,0.30884505627993947,0.05316537065949644,-0.13282868126030292,0.7023061057842196
581,valid,-7.104740386382175,0.1203415675571522,0.3225284698452153,0.13535746493826864,0.19704876856090628,0.07485744150234629,0.11934547586612668,0.14304504628387638,0.14794456124225278,-0.13351496235456298,0.6542682090453129
582,valid,-7.120808720474743,0.08462684150093432,0.19343855699573473,0.17964536270648193,0.07765336743516568,-0.0209339084522058,0.12674046610812847,0.09586111892114739,-0.014179743069827165,-0.10073012130560588,0.5597947762000836
583,valid,-7.096985903513866,0.11299781869892839,0.16121966978305735,0.1406199987136812,0.08023321191529854,-0.34002840844997007,-0.6026241204698477,-0.3400943348639939,-0.5346074885128191,-0.01413342452043577,0.5283472390125529
585,valid,-7.051831673261518,0.06401106695910108,0.35499945168472014,0.1285397451094631,0.008860869504958952,0.021183095959964163,-0.019149067816022436,0.08216910444283024,0.055566431653683246,-0.1867195961151819,0.7237798854626765
586,valid,-7.114455487412813,0.10878725019430256,0.25475029075978817,0.1466233387871863,0.18970028594017097,-0.010031366305424795,-0.009973183348111442,-0.03217977989230798,0.00019450434907444117,-0.10461220836577186,0.5742846326098262
587,valid,-7.084194552162076,0.11797813049570038,0.23713142303491083,0.09767227827852916,0.007458775947793343,-0.023373006777019645,-0.01130386855060696,0.12453333464734966,0.03399176487901585,-0.16996596566902195,0.7429089892112779
588,valid,-7.099654367508464,0.09591648494747179,0.3248852591743753,0.09343875823280443,0.015835425264270103,0.027321139493284765,0.011423600129299931,0.15349972876675347,0.03523796024141167,-0.18571897424228767,0.6549252539976039
589,valid,-7.25374711859836,0.09761182400425347,0.13988108313076683,0.10682848637523377,0.11403111208931387,-0.02563048667950317,0.003157940234629515,0.05828399161981555,0.0050521893255486,-0.047837290512425155,0.6425931521767348
590,valid,-7.150855183249694,0.10420157924436645,0.1941435532025384,0.13677272256303458,0.045025683221430385,-0.0038109811511597854,0.08921729926698431,0.24714874484074295,0.06844590518273302,-0.11211902744110162,0.5733546101927113
591,valid,-7.12508691777174,0.07937869541820394,0.22668629309431623,0.12279815978557175,0.08581008585324643,0.08025449819195542,0.01550073337168689,0.09114080504977011,-0.009875459487808689,-0.10780688750914565,0.5787624867521171
592,valid,-7.063488929924038,0.12241204885964178,0.37709040440022584,0.13518445101653687,0.03634265061755628,-0.03175728295914738,-0.029201161380470683,0.1016308335558833,0.003910349855354104,-0.21399564830894113,0.7703998795996244
593,valid,-7.09939679976141,0.11243863547061858,0.17574245747054482,0.11778180390950632,0.041455824756873615,0.011609877103586819,0.026789909826018962,0.15939419018123235,0.01180393992235019,-0.11455364224923899,0.6513447317961529
594,valid,-7.113103796880752,0.09343408323327916,0.3665451930108288,0.16099946315192343,0.20789015920303103,-0.05201982615442139,0.023693741722987664,0.061762378106243215,-0.05943354863501616,-0.1224702608322456,0.6053233484242249
596,valid,-7.015790058686553,0.09397974026715347,0.21936838613113918,0.12500980308100584,0.023416453332535697,-0.03313155221420994,0.1055123293875049,0.12322108956416739,0.023798300559454786,-0.16102949050282497,0.6926672708263029
597,valid,-6.978187745655487,0.11711720317893197,0.33509613986812814,0.12605712900363292,-0.09690349323120176,-0.06876856353826989,-0.07511667636638775,0.1052105009771261,0.06872324916096094,-0.19962284781033207,0.6485573743844768
598,valid,-7.096325957412198,0.09660262852306664,0.21455110835854543,0.12675370826153304,0.046358661998421535,-0.0269797762642605,-0.0035918061971273317,0.059931580745380984,-0.056667931999856196,-0.15015407941909473,0.6564713841300451
599,valid,-7.084512869284501,0.0915541350972567,0.40685742455360374,0.11638978427590944,0.0946646000601627,0.005627833596980998,0.0038669904322098385,0.06965088181625846,-0.01534936606181671,-0.17497557488198576,0.5786640418425961
600,valid,-7.0722406929797685,0.14295572603020912,0.3318014204749181,0.13790047030542388,0.062335637048305935,0.05484130566714174,0.0761316432594949,0.14353913199201632,0.0247289282934408,-0.19496043141149483,0.6349194379068089
601,valid,-7.049901948776093,0.0946616830312703,0.22863443167705824,0.1357364418211516,0.05033697298062146,-0.047746305594676484,0.06862323041145367,0.11386234394489424,-0.023390320761039862,-0.1424699035400823,0.6908275301270725
602,valid,-7.146812639443446,0.08527355040765403,0.19363952659549716,0.16671337093965122,0.19541306104016373,0.001445321448806062,0.1189746300727153,0.1947464650256701,0.15350790022531005,-0.03386029294727494,0.6600946074094971
603,valid,-7.071356760468924,0.1551827501934757,0.29502984115638264,0.09867518173239187,-0.019061346768104052,0.016964129279463256,0.10488980631818598,0.25850134000643454,0.14591871853222377,-0.18521404438645456,0.7142047067222534
604,valid,-7.138114348739824,0.06662384276449101,0.4559430820519384,0.0944847928120334,0.09220455353713067,-0.010125995765874925,-0.02066740570373268,0.05297375793311072,-0.02205718909569464,-0.2238610070226739,0.7442082381771333
605,valid,-7.025295568170972,0.10655668205145101,0.19412449139858937,0.12101516541584147,0.1392776698165291,0.016371248234347883,0.08200762572868908,0.12364413028356762,0.07871953686967004,-0.08525610350287835,0.6017562118101754
606,valid,-7.012625636173889,0.10499813537833727,0.15028171477196473,0.14029038296393542,0.05318290164234825,-0.018057996578797975,0.07962634782495921,0.25056736989852985,-0.02795189598579093,-0.08497101162128533,0.6506620231941473
607,valid,-7.124298194616007,0.0889745113981382,0.1501718137681963,0.14422224795754388,0.055912780259279225,0.03207445451342655,0.03818530871526134,0.0659468374905272,0.0054554058282335486,-0.06986383180036713,0.6311890802503592
608,valid,-7.079662927335961,0.08042297039401353,0.3015087477186715,0.16283902784155035,0.15927003492435027,-0.002961953014951247,0.12574742783198223,0.0964873341824941,0.031139332046862537,-0.12533772939843274,0.5949459726489956
609,valid,-6.971257144720754,0.0911680465725883,0.3528386730067295,0.21350880672593395,0.039033017898150266,-0.039945103714253895,0.035201254379192415,0.20838964627759143,0.09312821970357527,-0.15392365395374635,0.6433662289766063
610,valid,-7.041018407814944,0.06031056360629512,0.362397614076781,0.17166123443182124,0.16467057367999638,-0.019926363839207286,0.09455145947866601,0.0662234298609291,0.06220086027599856,-0.15213758828668747,0.6148036531572137
611,valid,-7.00069514857603,0.07935263431608536,0.2948391459306704,0.09324805040033271,-0.004052569113011081,-0.004707287952053482,0.015010411718602573,0.08060145474833323,-0.006850260942545722,-0.24313883883570572,0.727959606111877
612,valid,-7.1453998640172935,0.08017371209956707,0.18053387625546538,0.12399999427796778,0.10499649799635248,-0.028321794302715534,0.12986437809284984,0.05088858484216183,0.027169238056212637,-0.07286143833474423,0.6628234444213118
613,valid,-7.1350655785701145,0.09179949238375319,0.10794675264747844,0.17173717549272755,0.05469110887681527,0.04470158950047215,0.27225104095689007,0.12329249178444507,0.06859387425707142,-0.041856211584498274,0.5861150597267689
614,valid,-7.00844364146857,0.16936082333287816,0.3475022628137865,0.1507452041855214,-0.07569533322175556,0.023581737933164256,0.1109275256327352,0.2585901587894443,0.1226326177525473,-0.16509149544029833,0.5880647335236698
615,valid,-7.160729544016914,0.05687627692087193,0.1584316688033981,0.14898461444527358,0.04125326207646628,0.03637516044403918,-0.011537586024181761,0.1248803653214722,0.05058165976559278,-0.03151457267297507,0.5606591626716628
616,valid,-7.067004530456576,0.09842220106466712,0.2749189076751427,0.09851720424860808,0.030008844126706208,-0.025492484806815416,-0.0145623199454304,0.08226783607657459,0.01651818844726543,-0.1975269049598641,0.7133354530679028
617,valid,-7.080106514233077,0.08100800622927212,0.2592606074797901,0.1378373449699866,0.04928590787820488,-0.017763116371206193,0.10284004304969548,0.11717553972095922,0.0057712895013094095,-0.1756441284600107,0.7258674059474989
618,valid,-6.940085007452519,0.1107524533988258,0.3117991951851923,0.1798242899293256,0.06140117169664803,-0.02233835980504224,0.08921568448504574,0.15134455091531934,0.13608979091882598,-0.17984524235926577,0.6702750383012294
619,valid,-7.1348960169953415,0.11667494988780633,0.16402446273489274,0.11570124758228746,0.046230363876093326,-0.05959277435148541,-0.044739724087795765,0.225388902215308,-0.005732495749886704,-0.05770874220399384,0.616427235346342
620,valid,-7.0632702890187105,0.06699136280052544,0.18714953808628904,0.12317853932387128,0.031721536962297014,-0.007605334719336187,0.06111028961322294,0.14483181267896766,0.004841253272124868,-0.13096806755242452,0.6976710928396416
621,valid,-7.1226622517326525,0.07827415826943272,0.3273253318711388,0.15279624747184148,0.12609792517851112,0.020559378920086004,-0.0060125378615001595,0.060231414595580235,-0.008669508009303939,-0.13263163932704458,0.6614862023683781
622,valid,-7.054292663135061,0.11470141394237615,0.18476518949694534,0.11633732912814057,0.0294250606374941,0.0683201565862543,0.07170631015489723,0.28329581198582066,0.042569902818167006,-0.1316671582402124,0.6649972986186126
623,valid,-7.086531202789772,0.09192631344447094,0.13180909668681812,0.11601985902401024,0.029224038648828526,-0.07325700399897764,0.07569737869615867,0.18513087843223439,0.02394068145266229,-0.05778481673432272,0.5856823638190383
624,valid,-7.163309230928196,0.1142692108906227,0.15824277222237454,0.16023647530789306,0.08516599747387577,-0.02778555153246943,0.14038234427260357,0.05329382386811563,0.004367139189634474,-0.052169941664549246,0.5638105047735321
625,valid,-7.146647603774279,0.09967116480148805,0.1928709452329272,0.10725879029444849,0.03619626636299174,0.03975805406895351,0.06458435581735336,0.2515386911417838,0.12398183560127454,-0.1070432882219141,0.6138285979747082
626,valid,-7.028077994854276,0.09066891453506089,0.2663135984891557,0.17157628073746264,0.039395067424055,-0.01160777397497999,0.11699489124176535,0.313137327291065,0.07455552114930943,-0.09523423873187878,0.6825550377680336
627,valid,-7.083692705921331,0.09713839953726953,0.5114810717549123,0.13816872649377998,0.03195024783710398,0.020029871874843935,-0.00856917558101812,0.06310203270800831,-0.03945563615908266,-0.23632322740242304,0.6359699834241196
628,valid,-7.022939498737713,0.12143893987938527,0.20147393032031652,0.13698055629241251,0.048653793740382756,-0.0348888644501732,0.03904303044359952,0.13305062501058038,-0.050030773263105816,-0.1400172973625156,0.6387200641471741
629,valid,-7.066554159123881,0.10260132897172317,0.13583701988306052,0.16509536625673477,0.04123434381603062,-0.06329579551457246,0.01810895802569555,0.28860158177137846,-0.005328577113814526,-0.03651091953799947,0.6551474509958578
630,valid,-7.110419331854304,0.13882223583076367,0.1733998559692738,0.08281360317497624,0.042563031658657983,-0.05076570611095053,0.05163469818252561,0.22406132270677603,0.06804900726854732,-0.10447889991704967,0.6686431137219392
631,valid,-6.994777110853574,0.09073647579782843,0.32808860425302383,0.11710685004358107,-0.011219120268752039,0.016035788857495376,-0.0331371481507028,0.1611365232044536,0.1818120024051799,-0.1502621036781707,0.5748074722479026
632,valid,-6.939733857490232,0.09478478603820024,0.13247366969201144,0.1325737929352619,0.05039989836268512,-0.34455018020048417,-0.6524375333377769,-0.36554227425259345,-0.665036917553513,-0.07152147038399367,0.558137048849579
633,valid,-7.025407735029639,0.11248968665434778,0.1813325938707464,0.08043688963295129,0.01490231993015813,0.012133936608641845,0.11844618419840859,0.2392748103647925,0.06545888918054162,-0.15257857890221757,0.6616171088862788
634,valid,-7.001230989348114,0.1153642922544193,0.4320709155878578,0.14813265861938837,-0.04680046052854648,0.0339014009278817,0.09573173696771184,0.1242234991215895,0.08477321802925877,-0.21690983003865708,0.7380958840198745
635,valid,-7.091492109650565,0.10915529092648794,0.12557089928137125,0.1270262147871651,0.04144091891090477,-0.0031426481344316573,0.16464682525496793,0.23512239297101337,0.049256482065724784,-0.06720991042621524,0.5965253937909321
636,valid,-7.201239265096153,0.08121249584330131,0.15281404358631942,0.123189675615995,0.04657127551668547,0.03563088668190402,0.06909440370306177,0.19774594016797142,0.09856664541335264,-0.05791271283851265,0.6140846773837063
637,valid,-7.086760253456951,0.07773473870117192,0.17068725036223328,0.15491938954744702,0.06051289688723372,0.0031754462947652146,0.07833989566106715,0.09287944831220356,0.041030876283204655,-0.08117483572780047,0.6163277930298031
638,valid,-7.1739458282599795,0.0891230038942145,0.20202189050756236,0.1226272195103698,0.07797120335082335,0.07957883342399433,0.08426364735175883,0.15976959100490912,0.10031254941547713,-0.09105573881704414,0.6229191876121885
639,valid,-7.122895657855517,0.09074705828633943,0.14930761204538753,0.11279319066986997,0.023703907352574848,-0.028417245669112426,0.10051347988253283,0.16304726024561975,0.09950745957256295,-0.08972004495130313,0.6780319367698511
640,valid,-7.13184683495497,0.1290910671539454,0.21705879696317137,0.09279562195879636,0.03583010830404374,0.02275806303002808,0.09602826662174835,0.24433625409679866,0.10059637128823454,-0.17915207991165857,0.7043808520449814
641,valid,-7.1314796622400625,0.10995919136885322,0.11500345446268578,0.14227591496545838,0.057290509553524493,0.002155633793370869,0.19178836089044946,0.07444822885979673,0.0347266338016976,-0.02512657037586441,0.5746673419721283
642,valid,-7.0679635313782665,0.11238518772823924,0.20226830417438885,0.11071295054523507,0.01962083480790795,0.006503440098298083,0.16490283553960028,0.18042971877240982,0.11068407120111413,-0.13976411847605363,0.6480478058752991
643,valid,-7.010846337391812,0.11829890507337637,0.21781076589274814,0.1436681723975164,0.03709228883016997,-0.05100631761018163,0.05510671541046237,0.1264682146739853,-0.0448403896241011,-0.1481164084657953,0.6165120033433125
644,valid,-7.128441401467881,0.08437674482365357,0.19082301225348408,0.13964924350464494,0.05616526957191884,-0.048084779373542975,-0.01766901132814762,0.12314911927155728,-0.047719297189507515,-0.12185125632490748,0.6518292706887475
645,valid,-6.996836885169578,0.09889038381676621,0.2747046859146428,0.08093607410148669,0.004009364243106893,0.005689592601333323,0.11208803814720891,0.14015213495875806,0.007362017238680852,-0.22640394169132982,0.6542914476433139
646,valid,-7.047504196524386,0.0909848073543622,0.37875351562337556,0.11452648539001141,0.07199176519779904,0.05018956174445638,0.08283710673340755,0.07845200204774316,0.04174450956024273,-0.23190511828111335,0.736232422054209
647,valid,-7.149091836416487,0.06465467499890856,0.21843210400202578,0.1298249618703766,0.09305179192722071,0.02312788027968196,0.012541471741595143,0.06699280722959505,-0.0006963570473054737,-0.10497430011030358,0.6782010413130184
648,valid,-7.051340013593347,0.07808094288047678,0.1891063068517634,0.1258548686485365,0.022537677574653865,0.012910105479326516,-0.00755867568953966,0.2218008099877401,-0.020689421626625796,-0.13531205893584144,0.6922385888709043
649,valid,-7.0608465162333,0.04155963853057574,0.21401782182696658,0.25592708134144815,0.14340202271057859,0.030533737530797123,0.07346094871133789,0.18189557196999281,0.16570283847120823,-0.019913844336838016,0.4826908940530339
650,valid,-7.070314326913386,0.05877588151364236,0.35664528338929785,0.13940022129764998,0.08217154152778279,-0.0033565979282858824,0.032833405486919605,0.01910008512489995,0.007689640746762881,-0.18392342228876507,0.6876977759173099
651,valid,-7.1364264218002695,0.06082452718119952,0.25707741354854485,0.08075413820830142,0.0402967589483893,-0.004838736667121529,0.10620253302109967,0.15139472332041362,0.13723910383812293,-0.16688752601305587,0.7866198015081071
652,valid,-7.001478423028352,0.11799482664169818,0.14452523311030538,0.11390695639923773,0.024963652314067566,0.0862607828416729,0.22185231826038954,0.2965924329574871,0.10320161357995306,-0.09175541468517069,0.5659892930630365
653,valid,-7.049977653528869,0.14466378653072454,0.17736725220609253,0.11064277961612558,0.027013770996880654,-0.06505339275600769,0.015972385692168984,0.08026902847278794,-0.08470110380537442,-0.11994599793404055,0.7304883584714412
655,valid,-6.9542071483683365,0.16996061220743142,0.23758820413350756,0.12771533234679364,0.013361155954377766,0.046533200650516984,0.16603999690629784,0.22250667244328254,0.21689502823190987,-0.15690671599067416,0.5787557747170325
656,valid,-7.019729061282381,0.08882764230804296,0.23551677748557948,0.1686303891612105,0.006421849167012779,0.004043439079813525,0.08357484582363978,0.2398345366601474,0.22433089534744374,-0.11380339002146643,0.6069955010046081
657,valid,-7.045920913037804,0.09658832866728906,0.19732243313533582,0.14105263360704945,0.03441935047012847,-0.03654085458275221,0.03013687439718367,0.18800944025883093,0.016469745833264656,-0.10101888946464167,0.5731695754104109
658,valid,-7.080233961023345,0.09738931268875546,0.18264830689518946,0.09303561971094484,0.02283306069565596,-0.0651915263321335,0.028185099150685202,0.16897676835959732,0.02203994534605608,-0.131153455424691,0.6819228143447422
659,valid,-7.046492007426238,0.08477387069346544,0.4174667781870444,0.15295023639385882,-0.012132836496351765,-0.007003860705434697,0.042085847903078386,0.10801150476700663,-0.033697886222096754,-0.2561180712195466,0.7960612105581921
660,valid,-7.09876223062591,0.0812516669133025,0.2694134838546183,0.05622730996916457,0.04895653405989507,-0.005174880856591865,0.0292237533843133,0.06076935653081034,0.03120466406388304,-0.17163525429042603,0.8268459147316763
661,valid,-6.993621228212084,0.10358194460764858,0.1699513981923659,0.08465400291982811,0.01550073499853829,-0.07698906541027971,0.015019676908164735,0.10273159904269412,-0.050434832574287033,-0.14923740261369925,0.7011030818311069
662,valid,-7.0380392400967455,0.11728028542740607,0.17127351407282618,0.12049921139103893,0.03659548859607208,-0.03633875402735278,0.023502869137290883,0.11561090152504994,-0.06882560358796332,-0.1286428777664432,0.6178187912648003
663,valid,-7.185517450698623,0.08576378131266267,0.16476445925592786,0.15462196395456293,0.08425384631597868,0.039704446573541684,0.19149501928300833,0.12282574492146106,0.0820839896104193,-0.10589491217898386,0.6001322959411691
664,valid,-7.080802277400716,0.10429993518788423,0.1357898128336324,0.176300661363125,0.07501227081639623,-0.03829829017206428,0.07538186866737163,0.1329244128785048,-0.02553564906361222,-0.032278994086790226,0.5662368593887809
665,valid,-7.055822775556658,0.10515231527141397,0.13823804462448971,0.13659330453304402,0.018394274048390554,-0.018163858606220967,0.20193463864299546,0.3168891730580091,0.0994810937767559,-0.05527183239326403,0.5988866147146797
666,valid,-7.156129191392606,0.07289644777128335,0.1634455025258543,0.16332146559800764,0.05991259696520605,-0.04153078705628211,0.031027303612983118,0.16266429187728357,-0.010638533696079068,-0.06848528387178303,0.5273100387678817
667,valid,-6.9868429519086055,0.08673629185108223,0.36392720898954506,0.16953705173938188,0.0012118754433265088,-0.028115641581003013,0.06083478056483299,0.0855151343983606,0.05134771278304133,-0.13180326119505026,0.5125698506425236
668,valid,-7.23593597990582,0.07464988103648301,0.14908773118411503,0.15786309692209916,0.07731279415052925,-0.05191676576593997,-0.012927406406084602,0.01079752745339189,-0.0515091049373409,-0.05040731577974585,0.5758544682721358
669,valid,-7.049839151167448,0.09415306407131283,0.15729879937144087,0.12446664256435237,0.018732018689086014,0.044300735515830005,0.13223791119242204,0.23824154063057346,0.0666115373381639,-0.10906042647042986,0.5548516366364462
670,valid,-7.128439461402553,0.11496793357761555,0.3616416569930297,0.10611191011685786,0.09699916079431378,0.012697126640504068,0.02798581366175825,0.14218366969245885,0.023066384436119185,-0.18970171045334344,0.6338073353151761
673,valid,-7.042305943617014,0.10841581227949651,0.1402088184533995,0.16663925890273149,0.029324608229578764,0.012639529998540256,0.17945498088729275,0.3702178715487786,0.10400914795445408,-0.05659247095812445,0.5900596310217606
674,valid,-7.158681478427181,0.056271706646566576,0.22873149947484875,0.07000436910073088,0.1297930400472093,0.04274934672125487,-0.009611822312494725,0.05530586472100428,0.03664692673334937,-0.1198382262879802,0.6966635344478128
675,valid,-7.155020878174281,0.0807905478623149,0.18012510974605425,0.18601739324935399,0.08569043317174561,-0.03717200313774684,0.030653111234047674,0.1584275323451843,-0.002420634993501355,-0.05539176527592048,0.5983961058407015
676,valid,-7.11341396466566,0.10085857136562264,0.23631726454777016,0.14757715635207486,0.08010987429390816,-0.03729124836952948,0.06572816876903986,0.050874926688023826,-0.05449496512970931,-0.15139330176035895,0.5448824164461378
677,valid,-7.088829707185381,0.0927230180372581,0.24589456978370472,0.13822074884473806,0.04004192779155115,-0.05136121299533408,-0.0036653505401290044,0.09819489490332527,-0.02837646736726675,-0.15101201477291526,0.6408992049652734
678,valid,-7.0782719436051105,0.09422845341689204,0.17626292108531855,0.1193355816196487,0.03591724285472266,-0.06190470507120933,0.0415968567078409,0.1331605821863293,-0.006535054047673423,-0.11293631195161745,0.6318624712424261
679,valid,-7.156232885947168,0.04226412633383389,0.19387922206837577,0.06106008665050409,0.1132357529543103,-0.041231450903631464,0.07935221665818806,0.05097664237727384,0.06423630074573099,-0.0947016934513435,0.8372490054307468
680,valid,-7.099599160045294,0.087769707593735,0.2121575768403322,0.2322276470588726,0.07809038269233944,-0.0651160318142201,0.031944672483652764,0.07512507836777957,-0.06275049442456004,-0.06914731034253341,0.5541897704617097
681,valid,-7.128284281121882,0.08749564927139478,0.23715447940568524,0.13446093190384747,0.1173878533763386,0.018228309133266833,0.06362243563155359,0.22056037542498058,0.07670682060015256,-0.05713199628937771,0.5414937941139323
682,valid,-7.19539532844518,0.0966387158105445,0.08473489030012414,0.14913318224496963,0.051274871012566114,0.010424421270255295,0.2510265306129293,0.19261970849857657,0.16289882845269682,0.047969325726027356,0.5655307195695161
683,valid,-6.995543955211479,0.10050600110662077,0.22066281275106114,0.1342205830656003,-0.003964261088194538,0.05374335204987217,0.10063032703116112,0.23701357939463216,0.1351294898850351,-0.12159813139652957,0.6129771444050257
684,valid,-7.038609333974394,0.11787352184703588,0.1981037311679837,0.11525558202544298,0.02331019164290427,0.002146520990500595,0.1781315611446718,0.25188810951830515,0.10649937360486873,-0.14699231255117248,0.6322519235387659
685,valid,-6.945813618843405,0.11988089630913945,0.1721404281976839,0.111716674943993,0.02210444637755108,-0.41521170372429805,-0.7304174831426496,-0.4406988906117122,-0.700485254829159,-0.1103373565985405,0.6308864892848899
686,valid,-7.046238603946916,0.12487189208358039,0.40529218263417505,0.10778992045886444,0.009647260038634965,-0.007594977058215203,0.03873080077470767,0.05376461784830004,-0.015290858529900697,-0.22534450264927355,0.6868587318846315
687,valid,-7.034424220675645,0.11916676583925234,0.15511940600631824,0.11502809547235784,0.012778158773024607,-0.06111752000926061,0.05118163833083621,0.21730192844760077,0.02074483071855771,-0.0873786847683321,0.5755382110640958
688,valid,-7.041283807071517,0.05993349297428333,0.19923271118777083,0.15327691582378286,0.07189965318248076,0.07684425090727381,0.11743265155324407,0.0686526345782897,-0.02095021679155138,-0.10175795626897648,0.6502286503026117
690,valid,-7.036271586431914,0.11610376217933437,0.2138846300441043,0.08485792049696624,0.004235293725100976,-0.011555099211621688,0.06395064101454342,0.1873001259322914,0.058511700979143245,-0.17092400355891554,0.6211611577886285
691,valid,-7.0189047637525075,0.10290047405741429,0.20075248137998944,0.098335946636746,0.03953614510197577,0.030461043757262607,0.10879319224970534,0.1195807171982429,0.04753415172916329,-0.15094096706594018,0.7050990503378536
692,valid,-7.078026675204886,0.11443378660257392,0.13063892220166656,0.17187485063338623,0.04555249109266022,0.013297682450331463,0.2076365007350419,0.20959284672056672,0.03681181153450377,-0.05042069354540879,0.46357688049068724
693,valid,-7.131834751774076,0.09786469583456456,0.45457543557000624,0.10634122637814074,0.013843746942937602,-0.03036788047550823,-0.06649721442613064,0.11178618537652323,-0.0049090020695675435,-0.21379985805498739,0.724013780396402
694,valid,-7.0130118602967855,0.11485924144775916,0.1827039497756657,0.11149896267569999,0.037538738486853136,-0.02615890856390945,0.10644195868988467,0.14039274244153596,0.025999301509646053,-0.13407820079214744,0.7461828143245691
695,valid,-7.093972810316377,0.10473313485180977,0.1861202706221068,0.12638788884391294,0.04569635945734535,0.021571478537879104,0.1584794293643855,0.26763819374693815,0.161012202176073,-0.10777805612943114,0.6836227558624005
696,valid,-7.081344357757856,0.10924668773974192,0.18920855126798905,0.18584706619205915,0.00570670630172547,0.02482960240511414,0.11998777984643397,0.3322377458478656,0.055593991425643384,-0.08558849250181419,0.5968329283882615
697,valid,-6.96341396340824,0.005994093569547549,0.26891517006588517,0.11082565309579562,0.1802780733749812,0.019174912349900607,0.10865925911220287,0.0671551289042391,0.26142704165627234,-0.16972320455764806,0.7565205462084887
698,valid,-7.040251499097493,0.08347138278621531,0.2589923528916751,0.1069184098926406,0.0049480841924269955,-0.044051950108552715,0.04474278825581584,0.16306688806469855,0.010883303953202965,-0.1929312815721166,0.7250350045188573
700,valid,-7.063834563691599,0.0997252729653503,0.2711822603576619,0.11396066023714045,0.016795768826027454,0.0507777614005072,0.003121231362909324,0.14379084812390405,0.020145293267015498,-0.1833303955564051,0.5907402569285014
701,valid,-6.962702911873783,0.02892425965104697,0.38248719884781585,0.1518779540406674,0.025709539482499787,-0.018271352171757647,-0.02939276390110569,0.08891390734760814,0.1877906161986865,-0.21159157757173394,0.6912955585782525
702,valid,-7.15597186935799,0.09681004815295881,0.15138184699969243,0.14577162464871074,0.06373853065486018,-0.0015570594985555187,0.1851100399548178,0.20059747956884136,0.08327778761590247,-0.044360348794219996,0.5813874553658658
703,valid,-7.068333537211455,0.10487828217202949,0.4135230303971089,0.07756688013692749,-0.019755564597378508,-0.004129606263725474,-0.08571889190745086,0.09380563179700166,-0.01104522915165339,-0.26572266848912984,0.8119795241048849
704,valid,-6.943586220328747,0.0951121941598196,0.23551499653407545,0.11925224355314108,0.22417947974250116,-0.4495382391976491,-0.6493718040942583,-0.6412774028052576,-0.6785030318911232,-0.10630823876573849,0.6745464757027498
705,valid,-7.066106603814997,0.09262325005842321,0.30671044070897446,0.13119946747775504,0.03899486282471917,-0.01276448075055033,0.07541573435614714,0.10591908222646723,0.02694056309211248,-0.1682153369366147,0.7552379127085307
707,valid,-7.101340312422142,0.0966305978734294,0.16502374390243024,0.09851867422796393,0.03706611401659057,-0.030544495046305513,-0.0104566640374381,0.09050251578752726,-0.004263345938176521,-0.1013570091936954,0.6451074422057743
708,valid,-7.089974567735832,0.10074419038489131,0.23033033854827548,0.143930758215092,0.059048060086004585,0.027244897057103434,0.13560990860837338,0.20717008165734066,0.0792060860808169,-0.15310329644046125,0.6473944423375709
709,valid,-6.983003135746699,0.09374773816503952,0.22924276695636478,0.13360167448821236,0.048653152302237,-0.49991839713294595,-0.7768192371174569,-0.6021027357995474,-0.7750078299049967,-0.14024760866810837,0.6687229338400946
710,valid,-7.096239329434565,0.09722787208007873,0.3877559548973873,0.16245222719167243,0.11817822625907498,0.007903855813530525,-0.06551144027961583,0.06094055269183035,-0.07909088447496548,-0.12453872039966529,0.5631466659457317
711,valid,-7.026881215335583,0.10738238039450311,0.23838906174733349,0.1085798972829063,0.0030712829090657526,-0.07742443044766302,-0.08337858144157644,0.04322951363128265,-0.06759590273641602,-0.17568579369758058,0.6772154047336615
712,valid,-7.127947783813927,0.08536291238434594,0.37747239056318216,0.1673826152278158,0.12608857787870553,-0.01507318249998655,-0.02073344363750791,0.039841438233513875,-0.0347305350840993,-0.13845633396812457,0.5497775376310693
713,valid,-7.114824748076224,0.08309219958377193,0.1316071124855211,0.12178867460716196,0.06426369678142449,-0.0008334742567750287,0.12032518340133684,0.10970236567785055,0.03309849684767303,-0.038800351482493715,0.5906236080453073
714,valid,-7.0623588342958525,0.11492484003242051,0.2009864649870427,0.09459396249677357,0.020380504207545728,-0.05360298668156249,0.02307318003302598,0.19755925916911907,-0.002779458953325788,-0.15554992876733048,0.6544909265998208
715,valid,-7.106395488644372,0.06229322171077359,0.19233488243413432,0.11974805018911301,0.06867560073497651,0.0063938067955068975,0.13036723837982922,0.013565748570044747,-0.01859230963892306,-0.1267326586478964,0.6844104562873765
716,valid,-7.080104450528967,0.1162794841482478,0.14225208233391726,0.11007663072994169,0.02805312061411149,-0.013089115912978929,0.004407424231466514,0.2156302136222012,-0.012539796019128127,-0.10144909518833185,0.5966979502637979
717,valid,-7.10056629817637,0.1192017971159493,0.16113413792351966,0.12437555933918407,0.038369335927354684,0.0017409718888097084,0.15683980259279295,0.30759500812793455,0.11384274917199315,-0.060418941146048365,0.5836841524453922
718,valid,-7.053742826449972,0.10242480402412077,0.17775300068915303,0.1191932790280591,0.03692279188245317,0.0049050740559273,0.04418397093231608,0.15990007959082703,-0.022985533529129732,-0.15236005071806075,0.6790619814190889
719,valid,-7.195256559660957,0.1161514077178288,0.1131465262717964,0.13557966004292538,0.08069842600380799,0.00531510364417938,0.0922759718733659,0.05762044684934626,-0.0009898233360374532,-0.03660372579621763,0.5499336669518423
720,valid,-7.039298757874171,0.08216367188329825,0.29413531139432775,0.10060981797065804,0.03389699384757951,0.06835452827379046,0.052841799634079666,0.09563885471287249,0.02763507194935544,-0.19252113008211116,0.643355601890417
721,valid,-6.951714318054439,0.08799236292040773,0.26450717031969023,0.0739490485040983,-0.022210124086420393,-0.0442371775869366,0.056627562555175856,0.12728607480564133,-0.0005049838779867511,-0.2331880285481323,0.7557253142854339
722,valid,-7.117711137124046,0.09521400744181568,0.19467752902414773,0.16907777118742603,0.06491869889660681,0.034145920444354244,0.051213576668838585,0.16489310491064563,0.02172283097430801,-0.07904734593905824,0.5219923240851736
723,valid,-7.061178888036683,0.07607166291443862,0.14008886537706888,0.14615887564249203,0.024223503968013982,-0.0035249998511815606,0.031895734732484075,0.3043111787874646,0.022741579035004917,-0.04992143864926301,0.5883608143569262
724,valid,-7.064658440458416,0.09539666823759783,0.2135954572253112,0.09900128252224587,0.023739291878799508,-0.03711319367025862,0.05084153617618192,0.1362168908646213,0.030585558799685005,-0.17192846425097266,0.7084783931379636
725,valid,-7.058902624805766,0.07972377429560477,0.22848939044783947,0.13102597317368886,0.03295434349404665,-0.028828594116289727,0.058838465669954244,0.13346321836159997,0.0012266979320240353,-0.13410552192727573,0.7131694893962178
726,valid,-7.155553077950578,0.11171608859470397,0.19205974200653733,0.11715488379411713,0.05823332618324516,-0.020321755544339567,0.04416551643208,0.16220763662057155,0.0295886737037865,-0.12226571035570176,0.6362672292466917
727,valid,-7.0013966936858045,0.10740368017532478,0.2668457125319791,0.1353260682242055,0.13348866501605222,-0.035683643205337984,0.1220866668416032,0.13207341955316562,0.13353332096774928,-0.09636081138966447,0.5758664025637528
728,valid,-6.998906620402387,0.11077394820460702,0.4227648868906131,0.12658673787479097,-0.06502335757677548,0.060938971734026674,0.003805708004411389,0.18940904618237703,0.08684035847645388,-0.22995625009099574,0.656097509702032
729,valid,-7.081636830847441,0.11326497568202885,0.21087300239931608,0.17396177938449572,0.13868450233521867,0.08345520906858915,0.10892728454329385,0.2020981841446847,0.07698204879955581,-0.04763460528204893,0.4716122622258043
730,valid,-7.1466465809076585,0.07419976428560883,0.18473506737892073,0.07701372843461911,0.09551875500330768,-0.05256418769931904,0.00021327956662109225,-0.018045292662692593,-0.020663911986311963,-0.08574688476104901,0.7237667058517212
731,valid,-7.086806297232238,0.09730525920350493,0.22599394042452486,0.12643243962304915,0.05284104634415584,-0.02846688169725997,0.024866761771050933,0.11433417727943596,-0.03864033709130734,-0.15063954066820937,0.6960798151953496
732,valid,-6.997840497267163,0.06426204131092932,0.1924947513447727,0.11247818834531244,0.010427158253235813,-0.05098961955299592,0.1331850550904641,0.18408519384571137,0.0285882356723513,-0.14445538245573908,0.6943885638776972
733,valid,-7.062862121686567,0.1274161564242685,0.3089408055540525,0.12240607935743655,-0.007718703783528501,0.05525435217126038,0.10186497702963711,0.23806653325199895,0.06703820957522773,-0.19541175325535734,0.669024645654649
734,valid,-7.12684345492651,0.09923178377275263,0.16498010460610593,0.07171307361721942,0.052277564035137405,-0.0691532232775685,-0.0053697373828777385,0.026375323086962697,-0.05041209202915373,-0.12215737848718139,0.7165747091414693
735,valid,-7.163261020016514,0.09206572941795642,0.13766614798815607,0.0794683536392573,0.08834167914634651,0.10424312915158007,0.10778121961838764,0.1624404284619296,0.1202233008856307,-0.044573761610925924,0.667755649371679
737,valid,-7.2559511306897795,0.08171346535345773,0.16652502299494712,0.16444349639045244,0.07872821491178716,-0.027620065281915993,0.04607757372738344,0.09839488809941534,0.06869847353347792,-0.021697056244367737,0.5753345683271003
738,valid,-7.01495100798452,0.09610659610852955,0.16789350931035008,0.13173265235778034,0.045623782131754706,-0.01997495211473321,0.13703264542877025,0.20596392854688314,0.007828953806654639,-0.11803147283667026,0.6083309850012694
739,valid,-7.015875458405128,0.09792585825454203,0.2050880064037489,0.12145806333252013,0.008623615026330984,0.016942995563534412,0.039604653833962146,0.21946513770640189,0.0044007060358600995,-0.14535350994863022,0.6678660170484368
740,valid,-7.138557338070017,0.12127113308876065,0.1944886908113198,0.08585211551998954,0.03564094166843552,-0.054023865167129495,-0.05580548243601774,0.14855241410643846,-0.018958169968374718,-0.15488242939304436,0.7307588774623472
741,valid,-7.062230174635532,0.13896847052159206,0.36700548649053844,0.14157100205937265,0.06925170604558409,-0.004349018365057254,-0.0010290762294358079,0.16415395079509396,-0.00323853219519667,-0.14447660440249296,0.5412269018859347
743,valid,-7.081073834777918,0.09456705647543101,0.23953729413582941,0.13133603206407163,0.01581213039368946,-0.002369006664849959,0.04326290983534323,0.17214192018177238,-0.0040149791163221794,-0.1743372541392016,0.74971086320498
744,valid,-7.028028052010254,0.1067408541576589,0.16883057282939495,0.11278845873923225,0.045926758935573825,-0.0028147426870841377,0.011046407799849702,0.06200488176393112,-0.09414173760382016,-0.14008107871744652,0.6189521255842476
745,valid,-6.9981205439110115,0.10769561843304522,0.23557608711055386,0.13387338435821536,0.013387020984821285,-0.008484877711683918,0.13262201418863098,0.17588023294874955,0.12900732055929545,-0.14760325409607933,0.674962385310145
746,valid,-7.074438982178029,0.09550054033887823,0.31716297513643277,0.1086653426271903,0.01549643008686286,-0.06377002767355876,0.030844639959679617,0.10273942708493493,-0.021255689854925593,-0.1987863520032063,0.7286703220712027
747,valid,-7.072767086892848,0.12489322418288125,0.26424837672015916,0.14042902344073502,0.10152544332874287,-0.019828940282262106,0.04433564167644226,0.28326118714133663,0.017339905385776025,-0.10080108854393298,0.6100280431257691
748,valid,-7.011879565178447,0.09072606572110832,0.19370963799242533,0.13168001569107887,0.07741160517323531,-0.4382292314976404,-0.75526416636276,-0.6843353056853893,-0.7975978108319293,-0.13563614413568473,0.6431354145269427
749,valid,-7.120496139330778,0.10277422157539189,0.23907390344363488,0.12268790435521346,0.06418235831224069,-0.05070685967803515,0.03786830736483849,0.11299772706731505,-0.019309257836567673,-0.13850687317721957,0.6352912404811161
750,valid,-7.035343383134187,0.09346981056684654,0.1974596208694021,0.10136740018738159,0.03002500122358195,-0.04093860732048975,0.11741504377635194,0.14489040162350253,0.022009867187021234,-0.16133975073316223,0.7088481307573212
751,valid,-7.155076722316478,0.10125168396649507,0.18987905127706917,0.18013647370610328,0.07080636858542201,-0.0016371666886900247,0.06551606797996948,0.17440589957589858,0.0023544063332267525,-0.0756406568882177,0.5112177328306126
752,valid,-7.005882460176218,0.11161630507029907,0.23532342104203632,0.1456140622904328,0.022498402651993016,-0.0362914443761366,0.04877456321534339,0.12854949413611494,-0.006794386606189547,-0.16912458096867947,0.6233081198387276
753,valid,-6.989105727531456,0.15286827178043425,0.46346967769255015,0.13884974314854767,-0.05374411058415772,-0.0488965993481329,-0.007636081929677464,0.024324274241251165,-0.01772714499966467,-0.2206279883345236,0.6685625876717576
754,valid,-7.177322431158023,0.08383225101761207,0.21174423776598078,0.1513479582634316,0.07935518165501812,0.038082308397005805,0.14939258509528724,0.09485610044013254,0.061280846863499494,-0.12153458842881329,0.6240308073759326
755,valid,-6.920358340779703,0.09689414302074742,0.2742304592909479,0.11459970077226998,-0.014245281510675691,-0.04441373423118476,0.16694397300004268,0.15380637919264542,0.046370029793022856,-0.13088128068358432,0.6276594662569035
756,valid,-7.035185220879583,0.11812289512244531,0.21240428774658612,0.10021416343740286,0.014944717742567759,0.07245030850181214,0.16506118987055407,0.28817183838113986,0.14169342773889748,-0.14469330018359997,0.6059162995337762
757,valid,-7.079079745639849,0.08812313619783116,0.2774422077376432,0.06547375806374581,0.12319222962426667,0.014376698168811944,0.09761514832896394,0.13194981463220948,0.16953391784634267,-0.16680779373680177,0.7892975268601053
758,valid,-7.123990384094184,0.0923513670822743,0.16944730267806538,0.11722735702813575,0.08143157694355013,0.045301724894728126,0.0064647201471978435,0.11241040894439465,0.05013836003731301,-0.06114321986491922,0.5832348963335826
759,valid,-7.159078450910107,0.09042947749250646,0.11472774097520229,0.15339520903357537,0.047421941387706966,0.02037230244103766,0.190696323974377,0.19237241956261483,0.11173207512190347,-0.011672944610603963,0.5555659399332272
760,valid,-7.064085359655934,0.14168187874207247,0.3109490185897407,0.13069209102568077,0.1731294745760451,-0.0073906720224177925,0.0368567298470951,0.031510505575946944,0.03470873672860543,-0.13424391424574436,0.5610302569991278
761,valid,-7.109695034651129,0.07722172667272154,0.4108719389671034,0.14496420286443976,0.1329576921716078,-0.022817638634587085,0.005690872450716911,0.06544163223766429,-0.03639722370153252,-0.16484546787252533,0.5618011692689466
762,valid,-7.143680977400812,0.09233242964406056,0.1826785825564044,0.17499835108256606,0.053783855877900834,0.0016227486004019905,0.06253984035263185,0.17874142027219123,0.007531911856564974,-0.05614948896505904,0.5689352442322777
763,valid,-6.98927841068329,0.08845222447284322,0.2830807149754882,0.08039211540761279,-0.01593494100248322,-0.03496488394488108,0.02013193892789593,0.11278871453334276,0.059069009433862986,-0.24026654297236527,0.7964151409290675
764,valid,-7.069989161052113,0.1127707571483034,0.3681120854542039,0.13930047856373848,0.1033552159242595,-0.028821295965370693,0.03567996906918143,0.1101988048303285,-0.04296268446250457,-0.23357509736071358,0.6945588958929125
766,valid,-7.120722654816631,0.07228739624992858,0.3011768431863702,0.16363207983504924,0.13826886412201383,0.09018257650335382,0.11281679490708,0.13677706682324256,0.057458979060776905,-0.14266000942013457,0.5882841123366926
767,valid,-6.996236655572693,0.10256224919707785,0.3295209867701897,0.1294908989907994,0.007496376188452763,0.08455068565841997,0.056577206363177625,0.19224716576738726,0.2603795326849941,-0.17692269488995513,0.6910297691378895
768,valid,-7.064696744742113,0.09206530125961201,0.23394674945088184,0.10211444129391341,0.03634805355043454,0.019698456905351328,0.02770528105821758,0.1146041906242322,-0.015128708585695174,-0.18626732592780051,0.6166763266753056
769,valid,-7.042171875709433,0.09471699650845394,0.13949389232280904,0.12195871296890336,0.012134374969714935,0.07286829625151726,0.20560861972580494,0.2965592884168639,0.12467167276051919,-0.09118156813031693,0.5406054382501562
770,valid,-7.183686568263368,0.07711686556667838,0.2264177095307166,0.14810545869469638,0.11569414710616216,-0.06604185790903899,0.037239381217689736,0.034151555806216545,0.03042001824958583,-0.04729791724688791,0.5859393646422145
771,valid,-7.100006790717907,0.1160875889475516,0.2859283555910324,0.11146630790961559,0.027088193234232012,-0.0855382978784631,-0.053787871855900116,0.09404495937680471,-0.06832312522602886,-0.16458253797816394,0.6440120043187496
772,valid,-7.066743155521764,0.08895641818896588,0.26539749788528433,0.08411554332778046,-0.01402934850539234,0.06339127943345295,0.018821320098665315,0.19745881383534583,0.15958559345320653,-0.2133543113182818,0.6950509767501508
773,valid,-6.912931967244644,0.10369818133549624,0.2306554762601894,0.14463531701713914,-0.1040172416220652,0.0014077883452949503,0.15886712245833037,0.22745384521157955,0.20907243006924164,-0.15845653087835268,0.6377541323431489
774,valid,-7.1466300471576005,0.08043218930741716,0.12421477077858915,0.1691515527545153,0.046361421469976884,-0.04325666393585307,0.10812239683655472,0.013820011955401085,-0.02800935951950996,-0.05839796633129744,0.5768478365846685
775,valid,-7.273882413787567,0.0674962171652968,0.16684386383645333,0.11953794941346728,0.08443973341622661,0.04638209115319072,-0.017834948926454538,0.08523132303062501,0.038461077997410206,-0.05652115349889361,0.6511633501496947
776,valid,-7.039891910134482,0.0880623906072164,0.22795344569552362,0.17091987682147886,0.04177117330114228,-0.020765850178397802,0.0175040866636735,0.2037031460105271,-0.030511176242605555,-0.14266997790157826,0.6233090756166888
778,valid,-7.127296207167479,0.10212020839491912,0.2136914260547014,0.1336644878786351,0.03927226637496866,0.0014452204285585494,0.09597094121106275,0.16786216397576295,0.04293291529821749,-0.11851217870842558,0.6644225307795139
779,valid,-7.050181389976572,0.09048558869599667,0.2881444214365042,0.1454025533102394,0.023563802337755548,-0.040958145362115055,0.010178305406231221,0.18639562909971666,-0.02193495522329844,-0.1870391098590926,0.6753950208397699
780,valid,-7.081248595820724,0.10659888297219061,0.1645558855330642,0.12960947431210929,0.05315518751061518,-0.0478608090608309,0.055916356434411084,0.13456741464225866,-0.04162635007179,-0.05297821170373201,0.47183948454313984
781,valid,-7.00782738493047,0.09357849889373179,0.19816344390015433,0.10158144191866633,-0.008604257953083842,0.02713532804943743,0.018639054314307894,0.1521884034107434,0.042658155487399194,-0.11871704827906579,0.5539007912030884
782,valid,-7.2082947249740075,0.09438139429569022,0.1055305394515494,0.09581868987350779,0.018192912735357242,-0.04475693499395824,-0.029816352624450277,0.292033225814678,0.08338305457238171,-0.04452696809847522,0.6288845886166967
783,valid,-6.94808218431234,0.1050685835094519,0.30404882248825227,0.15754647960000928,-0.009088120835987165,-0.018774102605052165,0.09709387944760843,0.13888308901342192,0.22663701858100876,-0.19498272904975314,0.6440603518877922
784,valid,-6.776222166311109,0.08119785044730775,0.49572393437240764,0.08732479411829983,-0.058852220885123256,-0.6362600616830147,-1.1086240828710885,-0.9563686392776597,-0.9245483708010273,-0.32274708527450346,0.8247678388090792
785,valid,-7.134287195061242,0.15996642195813385,0.1790883289647931,0.10370939176565788,0.09008237295589798,-0.07181820678493608,0.0197514450018326,0.10720630788647831,-0.0525240387170329,-0.11482069837788086,0.6646579395420079
786,valid,-7.031035398751753,0.1057605088870554,0.18896103566874506,0.09338782060309148,0.018935679478071597,-0.046667312963867835,0.06843532110146723,0.1274494574994847,0.03268218676466318,-0.15617005757837063,0.7109237391160605
787,valid,-7.135216081946626,0.08247596727904219,0.17312092292352171,0.1607900309864392,0.10777915997116537,-0.07042596916846444,0.05016068031940517,0.08870484345247605,0.006449822413274974,-0.0576008145822637,0.6463961067625809
788,valid,-7.078134128247877,0.0908529180500134,0.19435803321850875,0.1490040573599079,0.02079205433738227,-0.04184966175479475,0.021226118006926382,0.22470301637667967,0.056064775400245764,-0.0851942663605342,0.6271995384222091
789,valid,-7.0992502145860765,0.09054433465064111,0.11269092889868076,0.1587644646010287,0.04491486919039979,0.08099526862390977,0.18934930961995447,0.27040486009463804,0.1082779680138867,-0.022900814909330686,0.49612602802662764
790,valid,-7.091662195181996,0.07873510555472443,0.16924121004727552,0.1517268284995091,0.06197115294922499,-0.010190308206517628,0.13080151781422633,0.13920332114213352,0.0013098152619486097,-0.1103866232901454,0.5174488811731893
791,valid,-7.1744736222205026,0.09835052490333714,0.18084602112214437,0.1333982383444814,0.10742846994724344,0.02359407014207475,0.17622978432761977,0.11787360875734025,0.10086174305120935,-0.09557874471900446,0.5654343895210621
792,valid,-7.0711517549574285,0.11868133117116297,0.13979256562181644,0.11948118992044664,0.028802777054031073,0.02227201757093167,0.12829099767310623,0.23843536801704304,0.08321615623465997,-0.06049193915956767,0.6190918805881668
793,valid,-7.156265620485815,0.06394073799099083,0.21913838987812773,0.1395657349135172,0.11371567848258818,-0.01762570124948576,0.10592598948440532,0.08587551110672917,0.011042168749974303,-0.1260417371626004,0.6448912692307799
794,valid,-7.050965133254073,0.09716587386340306,0.276998468178179,0.130348332320607,0.06336125098761076,-0.007204619968402933,0.01932833038669381,0.10821845305937873,0.00460020219448506,-0.1233160497837977,0.530903101949272
796,valid,-7.103879495933037,0.0700316624452182,0.3041921635689023,0.1337111069811074,0.11183560442852922,-0.05039517800854352,0.0639194960636667,0.07623507636861311,-0.0017504974245203312,-0.12671740052081826,0.5986118300695784
797,valid,-6.969260689893816,0.09019667816696361,0.28549421644333667,0.11463372561549852,-0.044653170165448536,-0.019328380228564986,0.17800231347668824,0.19021980813234843,0.078305045145499,-0.17637314477483249,0.8031413080021785
798,valid,-7.157950258862427,0.09757766905426375,0.16669212560457994,0.16648311405888516,0.05551991658919903,-0.024966300584225807,-0.01797147917478493,0.16200433387640914,-0.030964459261777922,-0.09880793776271823,0.6196814888828753
799,valid,-6.991647396617565,0.09534057471330862,0.13113566635872453,0.12713536441878187,0.055574315658460195,0.006956145069726636,0.3284729998525957,0.21204485205767948,0.08357233240888727,-0.041367701293905275,0.5304252042411389
800,valid,-7.08985618039426,0.10432083318486324,0.28137513858490637,0.07478692585897624,0.018970898138132398,-0.03570342369796289,-0.030076594017131673,0.09299380957377047,0.02102733510227829,-0.2085621921983506,0.7951863684493238
801,valid,-7.094393084506821,0.10906798865597128,0.18684687441292797,0.15820949715500393,0.11221963511247719,-0.014162750830748168,0.08416802492463925,0.10636271553215754,-0.012394199171667885,-0.09906749588116245,0.6001175238534743
802,valid,-7.0808659583553055,0.122295270290218,0.2528617211339949,0.08670225756916954,0.019668888383743317,-0.13048321086104794,-0.1734197332077533,0.016165695471927092,-0.15753034939925015,-0.18017148753541407,0.7179183200058254
803,valid,-7.012239274326952,0.10512593701319103,0.16959389435785316,0.09303900965071601,0.030500184330665904,-0.024749903791960806,0.059219989449515634,0.1536881828768261,-0.01756754527822458,-0.13508486694845137,0.5897997475863235
804,valid,-7.0407462251066795,0.07325960641635192,0.25037957169362635,0.11240983776049503,0.1331992388386048,-0.3692149419014518,-0.7389408817209947,-0.6632484536814238,-0.6629054293417646,-0.09442448912629532,0.6711524542511875
805,valid,-7.053427436103972,0.09970168387668507,0.2786556738825444,0.09297374265480184,0.02008212414641982,-0.013119521886132005,0.043487795990703806,0.09166771716479453,0.0018120958886384956,-0.200542504569158,0.7459677648425092
806,valid,-7.125193767901921,0.0640724641908565,0.2095386630231644,0.168310347920601,0.05252836327692328,0.028486704399012835,0.09046815423216803,0.004395835960527108,-0.029381935172871323,-0.12267216642507794,0.632145469432538
807,valid,-7.105379519147981,0.10042496621867349,0.17320914724333572,0.1325082978985047,0.038703998192638145,-0.0472518170782137,0.017465382357922055,0.15540542776433955,-0.010165972392372264,-0.09264985653241554,0.5972257375507254
808,valid,-7.095274055173715,0.05875947270654284,0.23117272624145344,0.15707812729783224,0.019063692065965324,-0.03158058026730649,0.054837649076670006,0.2096669063947085,-0.0003972778361402618,-0.1288686196976731,0.5468962818288169
809,valid,-7.072592891004016,0.10282013209247245,0.11798810563112366,0.11720422543156157,0.031249822636083755,-0.02212089732353759,0.20518853627894834,0.2644938732271696,0.0957168782467181,-0.05138805632136275,0.6121355366220653
810,valid,-6.976434126278085,0.1235012496148589,0.2943491798411116,0.12140774261235181,0.006445496894640146,-0.021689271525215416,0.11749016325285619,0.16064177117645007,0.18422724634362483,-0.17217737816932538,0.5968898028462405
811,valid,-7.132073405530704,0.0985700698369171,0.2536651285531649,0.12814123825502774,0.06403872870046667,-0.04588559798916064,-0.02887387843194404,0.062369708029843374,-0.061503467770674614,-0.1687617762219881,0.7003929665451728
812,valid,-7.090384274467061,0.10511720260620709,0.27264456180711244,0.10129984992260037,0.03494102761537469,0.05347019256187101,0.09102569830833185,0.1791809939733552,0.05622153906565491,-0.20408558810843228,0.7270727375539094
813,valid,-7.08369223044482,0.10794195280678742,0.11300076934242065,0.09865478292071238,0.018592334350093234,0.03755332801759591,0.09165614973566885,0.2929741304811578,0.07592282832784501,-0.06443450173713645,0.5449312647361629
814,valid,-7.1443351568911115,0.07890469507423184,0.13275950206051162,0.17372359455785338,0.04482470875905533,-0.021970597346662284,0.021054292751197193,0.16285805874938628,-0.012929458605407161,-0.024872191128285592,0.5147856865822488
815,valid,-7.099011010964824,0.09261140603061767,0.16232032079198183,0.13071181231348514,0.05244349286831778,-0.01605191672931134,0.14729430588658626,0.13176687587978858,0.04758464657942152,-0.08878475589421672,0.5919605208647519
816,valid,-7.025649314750669,0.09674309161051808,0.2259165202190016,0.10829691413433515,0.01862070948244394,-0.021184036413324298,0.03411570720610595,0.13459618451967614,-0.028953335428226187,-0.19517989661548707,0.6925492097579338
817,valid,-7.020883820819357,0.05448863125236334,0.3693664117533857,0.13705760597279343,0.15556513570037178,-0.02637990481094042,-0.0037411651910463166,0.04051359831256017,0.1014496074441093,-0.156258282427614,0.5896400207788722
818,valid,-7.0966732821887,0.05004375261129741,0.41371833798256175,0.13921853622547262,0.09458768341778591,0.05371478443203649,0.05628793431856895,0.054077341342066564,0.00015695622745415046,-0.18120570225304436,0.6955185330379057
819,valid,-7.083755360051414,0.1169132640629601,0.1468233511584722,0.12084653116795038,0.04425139886658967,-0.07230736911371115,-0.03994113849359156,0.16837528348364866,-0.057021966616100164,-0.06696280558044276,0.6050525886879997
820,valid,-7.157804645049833,0.13474407733890326,0.15882286111634558,0.12934307669865025,0.1316222056496844,0.07385066278384353,0.18128715445755395,0.22387870580305294,0.12327362456069492,-0.06762025849768317,0.6184516288205195
821,valid,-7.045779646609351,0.11997733673499657,0.36670099324557465,0.14704672047752057,-0.011736235332989156,0.026021303693671383,0.011982865835206854,0.17550027468385762,-0.022611192552953352,-0.21393023152227228,0.667598859633317
822,valid,-7.0219817395807125,0.13444788935372637,0.2627201937312852,0.09534749029747422,0.008789877165464286,-0.014865110259491223,0.04774002695134674,0.1488240012437798,0.05772207256853457,-0.2140251724296015,0.7192718498346733
823,valid,-7.114522361973894,0.09802681275993964,0.19560788658737688,0.12990003352230023,0.03432863926667692,-0.02562476556578146,-0.01375737203339015,0.20865009859743397,-0.010895370396970062,-0.09484868879589468,0.577025054952191
824,valid,-7.077378777590477,0.10703292848595046,0.20660264734568812,0.11732989771151475,0.04747566201390436,0.00925732732024363,0.029251884596303734,0.1568121345650687,0.038368658569520014,-0.12135042702683393,0.6666300420696626
825,valid,-7.0573607464363155,0.10348516021048595,0.30671564704183724,0.11965662173301554,0.08492487900393238,-0.030340057372603202,0.11081387182182377,0.1897886499146739,0.047766337421323246,-0.14377877595288638,0.6022312119385148
826,valid,-7.007718809680341,0.08457285235719215,0.17096666010183034,0.15970061662702864,0.041332714421907626,-0.015285404864410358,0.10727362679240618,0.2335985368841098,-0.021569366801605237,-0.12755561576965682,0.6238138398181482
827,valid,-7.007467361453066,0.09547363884331218,0.12252116889135584,0.11275481192917142,0.017449526002927693,-0.03481042263092171,0.0859585451613736,0.2060842903200033,-8.868936120202897e-05,-0.06333748753762589,0.5750690408588273
828,valid,-7.119437621733837,0.11185472496189913,0.20573387176253397,0.10949344495023305,0.026796933152237076,0.044438319438793415,0.09565578169429285,0.19034949970125314,0.09533102782036801,-0.11637802424498254,0.6001933248324467
829,valid,-7.118129649371943,0.08767723097904839,0.29235847646960783,0.14890354772955108,0.13698507679630367,-0.04183106253119932,-0.013600192235785916,0.10853730955247672,-0.03559898424110964,-0.11457713673164724,0.5583079771367454
830,valid,-7.048296543052977,0.0962879238468879,0.16449571471959035,0.1110644540901259,0.005810576074148057,0.039352042371742675,0.1345507937916247,0.30998568204086924,0.14187808647827707,-0.11671586460638443,0.607136486864385
831,valid,-7.047766641310757,0.12162064517883378,0.19911499776255043,0.12211582113375179,0.02856192146687008,-0.046160251955481756,0.10420220678413303,0.16618666910587482,0.039090485538978446,-0.11574172365124072,0.6562428340958856
832,valid,-7.041453908575255,0.10605891917887461,0.24779851369232817,0.09781034154639487,0.007207333493577229,0.00968830767751405,-0.0014580135845199604,0.19745939968719378,0.05325559488448811,-0.1770636229349671,0.715656667638032
833,valid,-7.1536426033518055,0.031243339944072634,0.41842824495661535,0.10153498344751481,0.13799585456551394,0.09492170479699358,-0.005976567677359968,0.09006138460224748,0.015793598657187904,-0.16437323515345545,0.6736090694870983
834,valid,-6.986563143635354,0.08171134612516161,0.31841919593881707,0.15322186595727352,-0.039102630827139946,-0.020470048061908427,0.03386498867329882,0.16991569900544032,0.11131649174617154,-0.1552803825319122,0.6353742541753236
836,valid,-7.209173502691132,0.09964054713808881,0.1280257664974337,0.14552256776699424,0.08003593626338142,-0.05060196797298765,0.06523295160557699,0.052578684554233125,0.006615251182426342,-0.018540435761672813,0.6021936828675775
837,valid,-7.058392206556721,0.10421744938951592,0.22951687118062278,0.15220289177848348,0.059049286878912546,-0.058972963578694054,-9.845985518018928e-05,0.20624159610214035,-0.04656147730726758,-0.13117224797612465,0.7050725186198555
838,valid,-6.9734076221100905,0.11228242967805675,0.2279214588031122,0.11183418691524921,0.046882905294994406,-0.5027856398724377,-0.8377238527515244,-0.6212973797827579,-0.8276895806930392,-0.1650187760866497,0.6446833917484377
839,valid,-6.982485558093069,0.09496176363519614,0.3097447857757818,0.14697001934343393,0.009659002352455983,0.03658593350374946,0.06396642935985869,0.19053342717019442,0.01615658494477245,-0.18949212503615565,0.5732111727354325
840,valid,-6.964801888200127,-0.010821630432190256,0.24111418184840067,0.09062798198993079,0.3307987077925134,-0.03490240365721058,0.0977774415315183,-0.006425129606853154,0.19412298186807767,-0.11786179789069044,0.8296502567137254
841,valid,-7.103670125204199,0.09636597923151088,0.3487420780380846,0.07902172267644564,0.2546031215983412,-0.058806970820085826,-0.00313200222681219,0.06747991297485527,0.04478676847294938,-0.12292697536894606,0.6219058234126722
842,valid,-7.083391508731539,0.13652735422180148,0.3320468312679384,0.12307298019866061,0.20068093364200762,-0.004273756569683203,0.05575228395090096,0.06536159296077292,0.058879130350362775,-0.12166464859517728,0.6026649040177267
843,valid,-7.084081100148098,0.12464634159594115,0.22979982173370092,0.15198247234285753,0.04056531145718113,0.04031089962007247,0.16765055078984312,0.23621953866220682,0.11213890664492658,-0.1494574483847278,0.6654365967000146
844,valid,-7.149225299808495,0.08837591618645468,0.23285145324544468,0.21760618395382156,0.1402906856021459,0.0709657363592841,0.14205541565586027,0.1313421577787592,0.18292864244154933,-0.04140483385199472,0.6212554843819506
845,valid,-7.060606049219499,0.05608075538938051,0.318123357166553,0.15509910863463441,0.12028942059045304,0.02823623623948975,0.16941051824590414,0.11657899467455786,0.1277650394811524,-0.14849485249208882,0.6950564583362303
846,valid,-7.03170435683741,0.12663556185080438,0.20701027716338916,0.08470740138362444,-0.00011967593681629196,-0.03484584715151481,0.004963070293097095,0.12558486648848835,0.01254844314707982,-0.1601717483985185,0.7313081408566838
847,valid,-7.054878013895221,0.029044230920616428,0.1480654665723999,0.14033734569705594,0.14086850018956815,0.04276578692789235,0.03945498799135984,0.034014868597771836,0.1943897895254213,-0.055207940287534105,0.5987136129209794
848,valid,-7.078886952018596,0.0848674370630306,0.23522988271109427,0.15093761217491156,0.020329838870732555,-0.03176096654919799,0.03609743705052163,0.14423864632479638,0.030735563538321697,-0.1257210617071623,0.6770503962402968
849,valid,-7.0491431461848055,0.10423649672805119,0.25674525957111627,0.10035873094995712,0.019185357014609362,-0.035530779162808106,0.09967072859596397,0.14896647768045088,0.04358795199468015,-0.17654343652744037,0.691589418881715
850,valid,-7.018022620239669,0.09600428677207615,0.17513956234708006,0.12150656050218048,0.003977309876896755,-0.03917008273255538,-0.012371470333676998,0.19783555711061718,-0.0192373005045772,-0.11829276379977657,0.6703610142648976
851,valid,-6.988448172736449,0.10180461938051948,0.1521513206233198,0.10114475742079398,0.01587094288403393,0.023404802390461003,0.16807638197644803,0.2455543165865204,0.04635009367002774,-0.12896287870105286,0.6056750030989281
852,valid,-7.14201781283771,0.10650053665710532,0.1989013759652367,0.1648079531441719,0.15101029735282007,0.04568535973892244,0.11662856967225191,0.0825495643365217,0.10588349970512403,-0.06731617185136747,0.6702236706655372
853,valid,-7.101452484907887,0.08114473898372068,0.16395038992760358,0.1263160706864078,0.06284337528916882,0.02781691066559842,0.05618670270403149,0.0847842048081906,-0.00986101665511773,-0.09096712812607088,0.5770128089124594
854,valid,-7.153976554876517,0.08582124640611945,0.2663565008521379,0.18264136852286655,0.06298650429411443,-0.031109123248044983,0.028406402826770774,0.07385062316779528,-0.04824179024171453,-0.1562464915124233,0.584622908018464
855,valid,-7.069205627949418,0.09111503270676886,0.2102035770801534,0.1627619848978922,0.04244602696751835,-0.02988526096747884,0.049413610932148154,0.2677621873528663,0.01757902835464438,-0.11657252784038645,0.6581303357285668
856,valid,-7.053935395115682,0.13568967446285574,0.4071375627586632,0.12394961804483619,0.07027986927829886,-0.05088751358815923,-0.006129706807157425,0.05301739742955871,-0.06568278845474157,-0.20491007034828235,0.5874648914942837
857,valid,-6.9933295440508,0.07602736760601507,0.3057424124719202,0.17649364178022978,0.0430444331825875,-0.05030739096187422,0.03782798869063653,0.21241166413937568,0.04571321527724926,-0.15096857633761668,0.7320482741028858
858,valid,-6.91935992216377,0.10358710396632127,0.2693025509271852,0.1482705961024383,0.031749113636075244,-0.5223072945585353,-0.8364193078954355,-0.6689355662835366,-0.888679356549011,-0.1955432975523351,0.6130913659183815
859,valid,-7.124166927026856,0.11129903978844428,0.15346043722050395,0.13402134350567335,0.06629699058516,-0.010405834091100585,-0.09557625040161563,-0.016586490504675748,-0.13637133140498445,-0.07303221306246059,0.6107307125904656
860,valid,-7.132042928684039,0.08694362408535157,0.27202158971344476,0.1952905999501394,0.15057902699168185,0.016140493955124794,0.16269162031127188,0.16848474331787092,0.10786417183869994,-0.09344941356589687,0.6282648054960319
861,valid,-7.022907881892218,0.14504735178273323,0.17750530899405484,0.16717781451841313,0.009448222614055271,0.06271419716001228,0.18618836400982094,0.3587448781454736,0.15430566664034207,-0.08869591653749029,0.5832348350376966
862,valid,-7.082955628371274,0.11242625771141787,0.33362843750652227,0.15548241536532215,0.10055623141793803,-0.004947100641127409,0.06871897403185269,0.14065771671444294,-0.002874652649684016,-0.18611162392736494,0.6469045836103624
863,valid,-7.089273472426405,0.11451844521532022,0.19393547866495991,0.1407077547548314,0.045597811630269235,0.02221299882802997,0.10399838862929794,0.2757248780882792,0.07622805036939932,-0.09402561049272881,0.5947929170193992
864,valid,-7.150808055207443,0.11357996172368996,0.16336752768027202,0.11318799270685014,0.040408233923468345,-0.015579773300492927,0.06294820568994597,0.22284110422275344,0.05247861614353276,-0.08491008652336726,0.59501355093133
865,valid,-7.025878551133206,0.0528758106116193,0.28915785377143494,0.1769016405847553,0.10062121385248396,-0.005886958198955146,-0.016377131071149225,0.033455979632258166,0.12162050482406916,-0.14610085414206236,0.6281042878497668
866,valid,-7.043170897678431,0.09386879958731653,0.3725194032655817,0.1026631143396175,-0.05943256443875723,0.03936152518228283,-0.0027877193949779433,0.1417173014517669,0.028868274079612677,-0.22698817135646007,0.7558885142680788
867,valid,-7.0734419410707385,0.08665887999816464,0.3560398896221041,0.13111648068123385,-0.025382377531039505,-0.026524800600882803,0.008784303365377699,0.14433176612057558,0.09478086464598653,-0.1957212378396986,0.7678535013668393
868,valid,-7.0092476698962765,0.13906401579782784,0.17582140997150714,0.1692571148698115,0.032416253542616784,-0.052948535681697294,0.05801776188845632,0.2138637946194402,-0.033370537092719664,-0.09472618781039147,0.6501657622658589
869,valid,-7.056384964021268,0.13230859727424474,0.25625993558494664,0.1284533610861054,0.0467089400935,-0.024159934157954886,0.013120251827634119,0.08351713663562477,-0.011076249174704823,-0.18072445468900292,0.5689139447127411
870,valid,-7.025621147237776,0.0812899556916696,0.24818360726809596,0.16009203449559134,0.027037200286906087,-0.003022951514389675,0.006656564109264513,0.17917481344968494,-0.05737012153376581,-0.1569650861193654,0.6518331183624766
871,valid,-7.1105923849902375,0.09778991647788422,0.20349488674181954,0.11677992803341397,0.05798390983444767,-0.0409766439931112,0.05019158603269136,0.1422061333855074,0.035130553299026146,-0.1139364988722251,0.7246690343509647
872,valid,-7.109299376335477,0.07596449472076978,0.4739896108257196,0.13689838297232904,0.043137723218178964,-0.020298769011303248,-0.00859351750754562,0.08348172643283505,-0.009448305369949476,-0.21940519023941052,0.7196591285001717
874,valid,-7.056767248329785,0.08033987796254552,0.17824070243401668,0.09441640246174551,0.02684467705786886,0.07446950560385907,0.08709786572647718,0.11685601834102413,0.0692968073095435,-0.13502241283610894,0.6621422895913568
875,valid,-7.0467301326130665,0.06454595824420785,0.21410833667304652,0.17781540273491953,0.10849780849044083,-0.056746830430862524,0.021340973911376366,0.08382586194406491,0.10088558342009306,-0.06782870948581775,0.5629340487593762
876,valid,-7.046216281916571,0.09265328063550461,0.28356125562083423,0.12884570542602258,0.0816272193649157,-0.0015545737208915813,-0.003508438876054594,0.1268490988973041,0.18304902113993987,-0.1561508646380012,0.7535535707878968
877,valid,-6.989516268670624,0.17240579177937074,0.41479526678402934,0.09212387487859537,-0.026129099810510585,0.012237328273480407,-0.0025381664308213414,0.08165076731573737,0.031801129505348705,-0.23029506024855623,0.6376599175568669
878,valid,-6.992747208225649,0.08395912254109576,0.2978491429218106,0.1655319934046901,-0.025691065136863825,-0.04460015970377539,0.047599672075847796,0.21428448683507528,0.06056872949160487,-0.15387501432647122,0.7138513457535054
879,valid,-7.017143803139269,0.052667848453540875,0.22126042894517942,0.21708709337697485,0.12030860016458288,-0.024486986660579423,0.055728088528724753,0.1346836519509037,0.14325253167868823,-0.057852088342820684,0.5305673396522906
880,valid,-7.131713690854035,0.09983595016466193,0.22300710720331604,0.1353721075876751,0.056096025781904445,-0.008766628680529721,0.049931448681939494,0.1938588240766409,0.05133048456932317,-0.11407535272265742,0.6334111319221923
881,valid,-7.079764526100739,0.1079387476180738,0.1389066091961158,0.1116180100068042,0.041340004831930684,0.050463269111537375,0.190403236792379,0.2105314793872066,0.07842271268555465,-0.1035256403370848,0.6057455820273939
884,valid,-7.063942472906875,0.11368512008440151,0.3637991326930519,0.12203147622090937,0.039462063873007776,0.04374302900665814,0.11561582893434955,0.16573688453175664,0.11416177409888265,-0.21294429786296226,0.6416260924395911
885,valid,-7.150910306558558,0.08759784077853769,0.31289001004893097,0.12494295834812495,0.1726717801669038,-0.020814978902544697,-0.0179048287266013,0.14691350686287957,-0.01662457180581728,-0.1216468135553464,0.5628849804990941
886,valid,-6.914995482588363,0.015511564046896142,0.25508438348134593,0.1480175636532997,-0.05184883338160549,-0.04233186001831699,0.10620373771028656,0.1392319180248618,0.18924268100010386,-0.1599491870494492,0.7857620671602366
887,valid,-7.2080774966707315,0.08021122758931795,0.1270776558612552,0.16409105464325924,0.06380259546562068,0.004822599822266982,0.18063721791012344,0.1605150599716849,0.1505931309334828,0.006390315630703901,0.5545575712984148
888,valid,-7.012459706648624,0.07082119760610386,0.24797969805821263,0.1012242302383716,-0.015918042065293767,0.04250262072195931,0.06784275558299202,0.19832381658657816,0.09790365069206598,-0.2053856340065751,0.7196619171327262
890,valid,-6.919541443455233,0.09387033273057291,0.3118339343515647,0.1067393657407086,-0.07088332516433021,0.04691946574996965,0.10239914569357697,0.16448729225262773,0.07930309287259545,-0.20168610561424336,0.6451411550036474
891,valid,-6.993548576466478,0.09060689417273227,0.17283518057605574,0.10732309163302833,0.0279529779118553,-0.02629860244622952,0.21152431823059456,0.19100969356387112,0.04593644261738758,-0.09529740541509167,0.6964186840556456
892,valid,-6.8482040839572225,0.09396097058052855,0.26932849553486865,0.17934837154304373,0.09835827533815501,-0.4480373092483544,-0.7419907323041735,-0.6383563302503465,-0.60146152874051,-0.14426224468823767,0.5069025492040734
893,valid,-7.003525121057377,0.084215976295191,0.16855435904922847,0.1395428075488667,0.029368842486124654,-0.00010151997362630718,0.07076548377627276,0.2794032505315289,0.06601377558706789,-0.08565884105224122,0.584836182399834
894,valid,-7.00122813728514,0.10933324437817221,0.220088198029519,0.10469653202887058,0.0090580155725019,0.009528720918872009,0.007840743144392634,0.15116287117858135,-0.015164905396510348,-0.1560622262384084,0.6850944108803193
895,valid,-6.979261727973675,0.0981234924177258,0.1815551251244224,0.11685788032540961,0.02432653909449658,0.01980040901306935,0.18138896206927713,0.21774646188929753,0.04019876301857682,-0.1343251734815762,0.6376352921649695
896,valid,-7.082970818775274,0.1253526401935352,0.2948260388264319,0.11555781124222611,0.07182483950569,-0.0246964554297927,-0.038776259404816736,0.12151515533717128,0.041742704976612595,-0.13883856301338196,0.6714795083104708
897,valid,-7.057358357210063,0.10541899447302902,0.17346325375290444,0.12951146220454646,0.025509805915613325,-0.028596621676993398,0.044127211214358544,0.20720015227777164,0.010123216402564863,-0.12858897750768003,0.5842939109894577
898,valid,-7.031939837649871,0.0967646496311727,0.388277304436902,0.08854108626277506,-0.05902879082711477,0.02856707925452569,0.005520317734039536,0.12153843591518912,0.06187990094750476,-0.24368870526092212,0.8108278441377664
899,valid,-7.105946433759701,0.09633695579995248,0.10001116788692996,0.13054726467006356,0.017807371434387598,0.045667472249691254,-0.03341600268571569,0.3449883727672955,0.019760955181391107,0.01011356238588707,0.5436654818273622
900,valid,-7.042911492384282,0.07145509418020186,0.25683199037672233,0.1587920553057116,0.06295711168987492,-0.024610153166762884,0.08978369860315281,0.10338349097368552,0.08542623680573977,-0.1173162361087229,0.5852900838950894
901,valid,-7.033663727750543,0.10480844990615619,0.22056293048431025,0.13047798853976136,0.018737684305615822,-0.04800316156558466,0.09134640452449039,0.1872637878367255,0.04214877047716645,-0.1417700754824285,0.7221076394750725
902,valid,-7.1169697603887325,0.09651019078930585,0.1301639824131969,0.16940370351096426,0.042730519158102755,0.06862267753980343,0.18525955833847135,0.2514091411694404,0.09320811070853277,-0.06442881808351315,0.5638257941484275
903,valid,-7.079817546926617,0.0744583461555822,0.29462309395600583,0.11879697388083958,0.04216218195188612,0.020520510566444248,0.04854947384032648,0.06985151430140182,0.010329652120117522,-0.2026613649304491,0.7325470856788335
904,valid,-6.962652694849172,0.10524925225373555,0.2788328697687531,0.1290561001597304,0.0828283212287793,-0.032869456260170446,0.041202002790975835,0.12589463468464476,0.20185965557595767,-0.17481212589747305,0.6329115279886051
905,valid,-7.007534132354988,0.08050834336930057,0.23514124017976315,0.22099600256037377,0.05612907749096211,-0.005999425646480464,0.1080613720166271,0.13030611673936288,0.13575115384466313,-0.10148114846491854,0.5494615410794731
906,valid,-6.937894671258993,0.09625308447691194,0.18571518811402385,0.11343037752389953,0.04008732771217888,-0.4694692698026106,-0.6989267657591396,-0.6273540343112924,-0.7611119828183697,-0.1353641264128382,0.6720223959841551
907,valid,-7.106775248409378,0.10466957937311921,0.35227989331892484,0.12142431461097032,0.08646598352694661,-0.03941521221811784,0.0346534923151206,0.13433198419968548,0.057031043599633874,-0.15656767829281432,0.737474447781918
908,valid,-7.0923041807430725,0.08347914460833991,0.22053986013609778,0.19959609049902302,0.0248379314065494,-0.01129070207856484,0.15361178287725266,0.23965338959663965,0.07507777452963042,-0.09299018405878186,0.7148497021521416
909,valid,-7.146924072057236,0.061547129320910464,0.3122841810320234,0.15554927317823197,0.08624259197609128,0.04395142900269803,0.03256894940573822,0.03091506131873784,0.051726972593802475,-0.14247395599360085,0.7138063779970972
912,valid,-7.013419315337245,0.12998914164275124,0.2876233780230911,0.1452802108461827,0.006290454967755888,0.02418493871292088,0.11912878862662356,0.20046313603729457,0.20567279604415245,-0.15106418406103567,0.6374815472619523
913,valid,-7.051794120467452,0.09456955023353922,0.3741949480371511,0.21571977104502263,0.046114675112822634,0.04415175760564688,0.056355564416360915,0.1123520556003207,0.06418215878391069,-0.13899325253754266,0.5627204252851143
914,valid,-7.030371279579956,0.14765759324306224,0.3216515797673881,0.1238718018631431,0.037840251915761576,0.06976895884684589,0.14189296321085645,0.18946319821367028,0.11896933477680935,-0.17461631467538904,0.5768160701785192
915,valid,-7.128930905827981,0.10771284604743257,0.18171604678714834,0.11102799609829363,0.019741421064743938,0.05609683722161238,0.016466204655913096,0.242586449554915,0.051529070261776555,-0.12377187339093548,0.6662146789271374
916,valid,-7.140259672645193,0.10262836065276035,0.15756499834467702,0.15198275141625564,0.07205596512486297,-0.021168325711040794,0.0663461921495194,-0.006863211219983788,-0.03786074814593979,-0.09728902463712899,0.6140596389919385
917,valid,-7.0504391313576145,0.11257000213163339,0.40347343837179483,0.09935286890190632,0.023776040481683625,0.014952510800540695,0.030749603651206527,0.10872740405937013,0.0659461629684657,-0.24123951035803948,0.6987580054097976
918,valid,-7.074909309672915,0.10437670370185523,0.2714220113062808,0.176790936916239,0.04637912198447043,-0.041684525773597186,0.04715554238094182,0.1399109291939139,-0.058748729882258856,-0.17457350435982621,0.6554412773529734
919,valid,-7.037234091186222,0.153263095402443,0.17066601102570145,0.12042543908717444,0.026713748643149945,-0.0005070321232269342,-0.05284399156491612,0.21378234742949026,-0.0402494373950513,-0.059580129237773845,0.5480704834920836
920,valid,-6.969285493043359,0.09187299005933913,0.2032996030270428,0.10942381413081194,-0.013026304939041734,0.02131865334219433,0.061320714767441636,0.18803741262324392,0.06828370109023316,-0.1535626717723192,0.6166496864628627
922,valid,-7.081988763263254,0.09106976952012658,0.24070816133388512,0.20431175932465384,0.04336309774443554,-0.027786111568676365,0.06564513218496912,0.2517741489013546,-0.011154753674434482,-0.1385533328426776,0.6312885825903674
923,valid,-7.05701062497978,0.10837998625616338,0.47342144103598016,0.11336222917295039,0.00458040277289239,0.0008762505256259134,0.08387980689608182,0.1450637275994893,0.060050684105601645,-0.23982228295451097,0.7432683276258792
924,valid,-7.04904586816088,0.08879739780881703,0.339294003085624,0.1200100641345417,0.02979217915341032,0.06970662931244921,-0.06102017536896073,0.055693322017198406,0.029939322390141077,-0.18231498765003135,0.6832672148349566
925,valid,-7.109921653445993,0.12500148709410155,0.14420000801127594,0.12473715191866257,0.05934448785164188,-0.014778383363085663,0.13017281512056636,0.28276414230026115,0.07344584704774074,-0.062058150562490415,0.5919261096103354
926,valid,-7.104619689082639,0.10997202768489647,0.1428358450656984,0.1791818505889627,0.09474370210124197,0.03752312589037302,0.19849861722636689,0.243886162870297,0.08469043723759304,-0.041005001903971106,0.5410650169602701
927,valid,-6.988353139112392,0.08730415715808525,0.2886815132414883,0.08983860230252308,-0.024300478290394095,-0.05189221793979721,0.030417174488599524,0.12895219600847888,0.03608610004401107,-0.2292397815782126,0.7875552124645221
928,valid,-7.078296303800593,0.1436343343584894,0.18417193724276293,0.13432158980358466,0.03746642897586076,0.04399798444400466,0.14896509755657406,0.2873981707609952,0.15228490059395194,-0.10053805225384145,0.5792749995533369
929,valid,-7.081087624012748,0.081818072570088,0.20291196496577457,0.12467609468743196,0.05525470374672571,-0.035016530183151415,0.09736225673524179,0.11908496739894109,-0.010859073011194448,-0.15296362939031738,0.6634516282642825
930,valid,-7.197818212898128,0.10283195717411482,0.1552680249905004,0.19291878102545695,0.06218729559422702,-0.015047217493888565,0.04383751418118429,0.2183855835405139,0.04136432203467009,-0.012660332063930375,0.6015204722444213
932,valid,-7.070626580924893,0.08552510972414895,0.1725252149074805,0.09479675113050054,0.011793206380183378,0.06268517694368787,0.0623974746753498,0.19676656188985292,0.07991507802449348,-0.13262138024343098,0.6974483096770127
933,valid,-7.05624961872577,0.09550090232606699,0.16939043747698562,0.16548712796324946,0.050102988492178174,0.02286117095188639,0.11708345436473032,0.15531353853700103,0.027192504004278514,-0.08074256577953219,0.5424455333590575
934,valid,-7.10225741332779,0.10455641873963367,0.15521072072888428,0.10655312623900971,0.0342673199111831,0.0018898383354776312,-0.035332084550700964,0.1174532901170978,-0.0368973801014167,-0.13443188818546548,0.6707622197460495
936,valid,-7.127151541207142,0.1043436410092779,0.2330533140320921,0.11198520635732348,0.052269223460454664,-0.04395475942280057,-0.061966922105609876,0.09345772277492008,5.7143985013848446e-05,-0.13333713415954648,0.7032786364215968
937,valid,-6.978135455882477,0.06379022667668893,0.35115797441522906,0.11924246397636326,-0.016992799583812362,-0.007234398305001914,0.11969854464247931,0.16378954766999262,0.2530657691539456,-0.21708540332347664,0.8612323960803223
938,valid,-7.067463220392121,0.0960941865206536,0.26754726632828424,0.1254812326182752,0.058555787231385686,-0.005270193145180939,0.060702502176128416,0.0793011360924505,-0.0378779755058766,-0.19802460428164423,0.6671697167161037
940,valid,-7.019674336438446,0.11106902032336531,0.18809979024402174,0.13506942449959283,0.012407291824034702,0.03791616332076954,0.14568526407173193,0.2705375227320845,0.1874456835281444,-0.09647421901277414,0.6550582313844386
941,valid,-7.02436839273284,0.10376038719137168,0.21508110488434343,0.1698415841767229,0.02476948416843574,0.03939198640804385,0.14131690334082955,0.2741007599489966,0.043187547966744975,-0.14104320548392202,0.5682397960908977
942,valid,-7.015267107529194,0.12637888625998245,0.28500247552015623,0.15213575595094456,-0.0016463798910184974,-0.03185498151478226,0.04536973552983434,0.12879260739675613,-0.02732302077044514,-0.15672187348908712,0.5984636109900778
943,valid,-7.040386172357786,0.0960688974121432,0.22372785533233527,0.10049862310831119,-0.007576140994992929,0.05150668249348893,0.10500922319514948,0.19874555806351013,0.15460827923332907,-0.18558886171176747,0.8028740669705882
944,valid,-7.047165978707489,0.10141065443026018,0.371814900232992,0.12490172507686892,-0.008527435733738686,0.009248158425476757,0.01676164018982459,0.10917666417346344,0.046498721780955536,-0.2249871531273163,0.7561069735179027
947,valid,-7.094449805060764,0.08532909587809538,0.3289825889383309,0.12411150691158913,0.16831196427780679,-0.03447617929702254,0.04699495875134829,0.05902314232800509,-0.051228861019536893,-0.1683509675768466,0.5630417205748994
948,valid,-7.067890576831855,0.14266093907076513,0.22749411588972943,0.14599808187154983,0.04261232333944442,-0.007699468712823032,1.9313764925928882e-05,0.08774536998696829,-0.022178897069041817,-0.16012701950327998,0.6076073810357626
950,valid,-7.0470687799213225,0.145001838144307,0.20277968435772548,0.10569759345468961,0.12498257531934143,0.09555215760691925,0.12696192464650766,0.2561211925440618,0.19046459874551439,-0.10361239080284887,0.7171207480663104
951,valid,-7.029795876111846,0.08141085599234497,0.35604211716817147,0.14059230771106657,-0.03573488566781546,-0.026534484432660488,-0.010594034218066994,0.19267396188164604,0.033444453892830406,-0.1867246587404193,0.7749781960254389
952,valid,-6.9643617709549925,0.12916490643702344,0.4024679835790261,0.10098058099591975,-0.06754943628872606,0.04212294940480071,0.10543246718578206,0.13312102797547434,0.09687019675095342,-0.2440514765947928,0.6492530166332723
953,valid,-7.1391517210471696,0.05569518052253557,0.16268332061606877,0.1273842298754381,0.04894789029346337,0.0007979156585190589,0.1041328308610553,0.035677096024081395,0.01688110565908777,-0.08834299717734688,0.6092615676957306
954,valid,-7.10313618413425,0.10337011006548692,0.17204592968552007,0.1019877343742554,0.028753052984875137,-0.05560823980475069,0.024580381151244196,0.15958407333453106,0.03336170122134526,-0.12838462572235543,0.6800485072486481
955,valid,-7.131090070070424,0.11274851091031729,0.17990469174042553,0.12188030971637381,0.04940997209908788,-0.02519617846393858,0.0027141247909239965,0.10717384990326667,-0.013688126258222138,-0.1198344732459993,0.7346580338198417
956,valid,-7.1289534976799915,0.07621179599178014,0.11061228227189093,0.18713236761511284,0.03867490118638547,-0.06795142042736001,0.0976476122028918,0.18635097111564375,-0.007685357619331207,0.014132559206162616,0.4835895818502077
957,valid,-7.02729699578951,0.08151741814132307,0.2731144149148801,0.10196470513600933,0.028560298307342465,0.02702620978677036,0.11111142557156217,0.10783231062743878,0.0009429103467024753,-0.18844100189700141,0.6300187817976702
958,valid,-7.12240061061242,0.0846207560668637,0.15583814654743747,0.12281774993640092,0.017188696099721436,0.03262905074411253,0.091986180416859,0.23709386628737705,0.09342135268240599,-0.09468347370942455,0.6114897721343265
960,valid,-7.014494703547855,0.08699997082334998,0.28871199449159574,0.12475813670868197,0.017343246456416474,0.06952820537634073,0.19991959951386098,0.2111763720883173,0.08445476369669688,-0.15862561936103275,0.6559390456918482
961,valid,-6.9594207852595975,0.07034533767250513,0.3528987624087891,0.13562433359884318,-0.06546991320214993,0.0034739447052571,-0.015741813773318066,0.14889753417306847,0.20868242738568532,-0.20684266010645275,0.7231949699985941
962,valid,-6.916872845338716,0.09584902303584754,0.30675231288919896,0.1109638558955334,-0.09180492732881729,0.0730967110923682,0.06172309571194319,0.22389354925875626,0.2810823435472145,-0.21733801447881934,0.5889167730491294
963,valid,-7.214465306645389,0.06846510365530867,0.23169518032301248,0.18325022151206735,0.16241595391901884,0.01240045671226365,0.10297324913367525,0.1333473719585068,0.1391726111034546,-0.0241884157494831,0.6246961553676678
964,valid,-7.140535897534093,0.07742490150292515,0.24405241008927386,0.16059570103661916,0.07018878867215964,0.002488069269845512,0.0648449812009617,0.061786547200299066,-0.011092022473641229,-0.146503122384037,0.6172388780939438
966,valid,-7.10857087157495,0.12080930431014482,0.17694830190347263,0.11748060531017791,0.022036397074114866,0.07190227130405666,0.11885201546378148,0.28025955808247677,0.1432749324709936,-0.0778131237383419,0.6149971504722334
967,valid,-7.079613315370925,0.09738688469325002,0.33243962914287123,0.1414429496249468,0.03478380526264913,0.04930521123283908,0.04784048111345445,0.16023712021954903,0.03353229662102172,-0.17323363182114415,0.7435495074583682
968,valid,-7.1275059012788855,0.10211864780463921,0.1139421886484066,0.1622931974440177,0.05899876550612269,-0.022371143299278463,0.03142351356874093,0.14042576014669855,-0.052453183421974116,-0.034905773831303555,0.48736062193139357
969,valid,-7.06452564573082,0.09107515974438944,0.30701310188424824,0.10744268381724519,-0.0026393383023929347,-0.0015599428947642253,-0.013233303380914396,0.19415487521610983,0.01926485043918473,-0.22118690638682834,0.6842815508902448
970,valid,-7.09035123215833,0.09955318283793833,0.16688740288237622,0.1085786641953746,0.03758613645471888,-0.0178446544562913,0.07494015211352427,0.18444303132810586,0.039102550520020325,-0.09941633274362126,0.5579732638788532
971,valid,-7.0695545495743,0.1260865157009755,0.19295790888261702,0.11340667830307326,0.050675314151922043,0.0132759657095144,0.17292569245713946,0.23883359978694366,0.1312575071264663,-0.13004578549713974,0.6567787316507111
972,valid,-7.00979629476475,0.0837535052655618,0.38023186749339755,0.1330100508701089,-0.026443182014742023,0.11217742697509936,0.1003547278669293,0.2058408036134842,0.050404537022766524,-0.22107812791187986,0.5614093451825464
974,valid,-7.089200106597577,0.1144683048110313,0.2591753460574799,0.1271734051053551,0.02210363787889382,-0.005390363503900227,0.01098968797608367,0.16517581353323238,-0.01656970501453202,-0.17972943481178438,0.649740018799511
975,valid,-7.031767373697246,0.12017346448433819,0.32962165755312556,0.12609839909158557,-0.02934890477532074,0.031812101464770336,0.1108870747345855,0.1865646192250196,0.10441162941633954,-0.21315459614620513,0.6597790838980576
976,valid,-6.956791701614385,0.1526882827950061,0.27389291825161055,0.21548288473623556,-0.000598818701161488,0.00035943944801668264,0.12122874136369707,0.25659837569083066,0.14869383466786673,-0.12614186265941899,0.6233581847708775
977,valid,-7.017238553851269,0.12266272782100736,0.3169147268575336,0.11134377178579864,-0.03775408105414248,0.038102316757678494,0.09372306051322443,0.16718143520336684,0.08659267206317607,-0.2148139227031037,0.7081981878507457
978,valid,-7.0666819349317835,0.13735271144598205,0.23421730795548648,0.12859037146978286,0.02633650856437453,0.04159547675393213,0.02964276098253842,0.21865062146600023,0.15381265479791947,-0.08317242069922841,0.6641409596980685
979,valid,-7.179499450993212,0.08782629235936414,0.1618375319223908,0.14812086846792996,0.09034392356152074,-0.06899337199240314,0.046216187726262334,0.01368513232163312,-0.019482018101374052,-0.03549451973693741,0.5752571707274954
980,valid,-7.029728051808841,0.11343659199148975,0.2669768850038865,0.11891506508362482,-0.008956843076305537,0.016418396198288745,0.12633586060869087,0.2347566074654604,0.17988354197342404,-0.16922283846813407,0.7289020934643103
981,valid,-6.9528904756266705,0.09225962487484013,0.2842580892241664,0.19092574379197227,-0.05685766351056418,0.014660945040569686,0.17914486724072673,0.18382730838957895,0.18912842937852822,-0.15891923167744346,0.7089078578102471
982,valid,-7.136166834819012,0.09539039518831287,0.11797794753778501,0.15000850680597694,0.04565077788931765,0.00017384546242368225,0.11688972217834272,0.2312955152727852,0.05715377691580991,-0.03344511317737213,0.5112446961281674
983,valid,-7.090655406853914,0.07991487529811424,0.23294327649187285,0.2132109720724589,0.04028736613629153,0.04075212597917924,0.13110014480175836,0.09973093888558622,0.22842507000954554,-0.08284285988432918,0.6745129379963609
984,valid,-7.057120971707397,0.09027692735102895,0.3259701982861253,0.13377731519611297,-0.03407446518495576,0.008770606406506072,0.048753652036043975,0.14930810476972378,0.058276809847828494,-0.15514892047007936,0.6973198094782409
985,valid,-7.1601469671514755,0.08553764019420913,0.1106833838321912,0.1579632362767104,0.04156666778216983,0.01626005659690017,0.16646354180749218,0.2370727443231403,0.10683244678993101,-0.0193232650197044,0.5456750050575186
986,valid,-7.043863056071386,0.09048996516751924,0.2052361139969455,0.17335144981221898,0.023281266236892133,-0.009819906485949045,0.04176367592252552,0.24150948683744947,0.005867258381779639,-0.11669912676494612,0.5746711747881225
987,valid,-7.1758297989929165,0.10125901109324731,0.1718254253017025,0.13919476809660822,0.1114969283758529,-0.04252525033112315,0.0767593172028716,0.13892640514992233,0.017460835034912532,-0.05053084517064725,0.5568340212533821
988,valid,-7.085334303964892,0.08971882208943933,0.19813084126607183,0.13913443101594905,0.016057987702826175,0.05523349240540316,0.11488735795178147,0.26556152004625205,0.11230053902987568,-0.11495963053388686,0.6014887785922214
989,valid,-7.075044552717408,0.07539882975628522,0.31430441639541595,0.13102162656798072,0.009851938174001047,-0.038570924253915104,0.007316740744059841,0.155310851514955,-0.014667193001228457,-0.18664587834286286,0.67878965072687
990,valid,-7.1010682865965045,0.07801289331392186,0.17549452724339384,0.142874563150917,0.01743219592570082,-0.031984230463493614,-0.02773809273282034,0.26760698566832586,-0.016806188929841127,-0.08170905422892646,0.6461554201466312
991,valid,-7.076631055474112,0.09978000699741124,0.23676241079458038,0.12021113221061884,0.034571168308458786,-0.019763101297950756,0.11669966013616975,0.17965224941363506,0.056811662278055786,-0.152851336141221,0.6052760282173103
992,valid,-7.093420752940653,0.1127363469207326,0.32966089864882947,0.12451198225305411,0.011797541924618866,-0.0005195784790496447,0.03219092865659082,0.19813687681291955,0.08045188241446556,-0.13318479874273975,0.5540352496447822
993,valid,-7.116814056013709,0.14905116458964013,0.15847077629479514,0.1006569250504195,0.06799460961799986,-0.01723903043632467,0.05911948355048282,0.13546682688989173,0.0091853983158732,-0.10263499196120021,0.6887165723108211
994,valid,-6.936310557251299,0.10051655351119283,0.24538869902440547,0.16675270122432734,0.0059092699936118135,-0.022890190718216803,0.11574401061349104,0.20608852411712278,0.05449758493228151,-0.15141451802426734,0.7049743136409529
995,valid,-7.083213960860199,0.09514737907721436,0.17656737519925117,0.17150737550459078,0.06454691608461385,-0.07484759622689785,-0.001936494603308532,0.0711282062242464,-0.07956483509746032,-0.065886882041911,0.4868640098991616
997,valid,-7.216200005791972,0.07709591292592975,0.1933382670969081,0.17929870135328885,0.06975275900069323,-0.025983065829032967,0.028632139390622067,0.040793123711906173,-0.002662817149593719,-0.03715721255851627,0.5848626173485368
998,valid,-7.073365861598214,0.14795316230517405,0.1358913225179603,0.10084999447448982,0.02916512981572626,0.03601096151949811,0.20710541596904417,0.3239275023283063,0.13715505349855764,-0.0950054842119772,0.7448532366048297
999,valid,-7.075463892830095,0.09540916517460972,0.20168544173627592,0.12268488301399716,0.015938748424626854,-0.006185451056571139,0.05828571721688519,0.1689089150636356,0.03016399677527146,-0.12103728201698064,0.6878987151087806
